time_stamp,carbon_dioxide,electrical_conductivity,temp_env,humidity,pressure,temp_nutr,day_period
2026-01-19 19:20:36,0.27,1376.0,22.34266586,57.78850918,1139.319637,23.712,0
2026-01-19 19:23:20,0.27,1468.0,22.59607397,53.18291577,1283.05099,23.758,0
2026-01-19 19:26:04,0.28,1457.5,22.38067704,56.84507091,1166.931412,23.766,0
2026-01-19 19:28:48,0.27,1460.0,22.54539229,53.41934176,1272.823989,23.716,0
2026-01-19 19:31:32,0.28,1465.0,22.246371,56.45957099,1168.430102,23.6975,0
2026-01-19 19:34:16,0.27,1472.0,22.39334742,55.55359908,1203.342437,23.648,0
2026-01-19 19:37:00,0.28,1458.0,22.30212066,53.78856442,1244.365185,23.6015,0
2026-01-19 19:39:44,0.28,1467.5,22.27171172,55.35136006,1190.696149,23.605,0
2026-01-19 19:42:28,0.275,1473.0,22.74558514,60.16412201,1101.527643,23.5695,0
2026-01-19 19:45:12,0.28,1459.5,23.51848562,60.3558648,1148.93577,23.517,0
2026-01-19 19:47:56,0.27,1469.0,23.08768777,54.50868533,1284.564205,23.454,0
2026-01-19 19:50:40,0.28,1471.5,22.62901708,56.6541452,1186.156241,23.551,0
2026-01-19 19:53:24,0.275,1457.0,22.44402902,55.62825507,1198.618003,23.461,0
2026-01-19 19:56:08,0.27,1461.0,22.43896086,51.87366584,,23.4135,0
2026-01-19 19:58:52,0.28,1453.0,22.12980362,64.33494137,955.9260478,23.384,0
2026-01-19 20:01:36,0.27,1462.5,23.22452925,64.6374404,1006.842602,23.4505,0
2026-01-19 20:04:20,0.27,1467.0,23.3360298,55.57106896,1271.996485,23.417,0
2026-01-19 20:07:04,0.27,1460.5,22.71010785,55.76641497,1214.428043,23.4505,0
2026-01-19 20:09:48,0.28,1451.0,22.39334742,53.96580387,1246.330425,23.41,0
2026-01-19 20:12:32,0.27,1442.0,22.2843821,54.58407718,1222.622718,23.4085,0
2026-01-19 20:15:16,0.27,1450.5,22.53018779,54.27387551,1248.321143,23.398,0
2026-01-19 20:18:00,0.28,1452.0,22.95591478,67.13090297,918.1418659,23.377,0
2026-01-19 20:20:44,0.27,1448.0,23.36643908,57.10250213,1210.20838,23.237,0
2026-01-19 20:23:28,0.27,1448.0,22.63155116,56.69349343,1185.763718,23.347,0
2026-01-19 20:26:12,0.29,1447.0,22.34773402,56.75940397,1159.208873,23.281,0
2026-01-19 20:28:56,0.29,1452.0,22.3274614,55.78928741,1184.12015,23.26,0
2026-01-19 20:31:40,0.3,1464.5,22.96605117,65.22510569,974.7963043,23.309,0
2026-01-19 20:34:24,0.29,1448.0,23.48807629,56.76153419,1252.721345,23.318,0
2026-01-19 20:37:08,0.3,1448.5,22.79373279,56.31497833,1225.694325,23.339,0
2026-01-19 20:39:52,0.29,1458.0,22.61127848,53.87396943,1265.450224,23.294,0
2026-01-19 20:42:36,0.3,1450.0,22.99139209,63.86150088,1014.536207,23.3125,0
2026-01-19 20:45:20,0.29,1453.0,23.62998658,58.3754351,1217.424798,23.305,0
2026-01-19 20:48:04,0.3,1467.5,22.83934644,56.9222705,1210.221783,23.243,0
2026-01-19 20:50:48,0.29,1439.0,22.67209654,53.60564238,1277.515171,23.254,0
2026-01-19 20:53:32,0.29,1442.0,22.85708512,61.68464224,1070.418374,23.2845,0
2026-01-19 20:56:16,0.31,1452.0,23.66039596,62.22784314,1104.076899,23.134,0
2026-01-19 20:59:00,0.31,1452.0,23.13583573,56.40933665,1234.682367,23.209,0
2026-01-19 21:01:44,0.31,1446.5,22.15007619,58.86209813,1104.248928,23.198,0
2026-01-19 21:04:28,0.31,1451.0,20.72340527,76.51798324,574.1934829,23.2405,0
2026-01-19 21:07:12,0.31,1446.0,20.18365831,91.51895463,,23.205,0
2026-01-19 21:09:56,0.31,1443.0,19.9505292,100.0,,23.207,0
2026-01-19 21:12:40,0.31,1441.0,19.83903289,96.481365,,23.1265,0
2026-01-19 21:15:24,0.315,1434.0,18.93693153,88.81681936,,23.383,0
2026-01-19 21:18:08,0.32,1436.0,18.53656366,100.0,,23.8885,0
2026-01-19 21:20:52,0.32,1432.0,18.58724303,100.0,,23.778,0
2026-01-19 21:23:36,0.32,1431.5,18.82290252,100.0,,23.4485,0
2026-01-19 21:26:20,0.32,1440.0,18.81023264,100.0,,23.561,0
2026-01-19 21:29:04,0.32,1435.0,18.95720337,100.0,,22.9595,0
2026-01-19 21:31:48,0.32,1441.0,18.85584422,100.0,,22.954,0
2026-01-19 21:34:32,0.31,1428.0,18.99521308,99.16632364,,23.0175,0
2026-01-19 21:37:16,0.32,1435.0,18.87611604,100.0,,22.902,0
2026-01-19 21:40:00,0.31,1435.0,18.99521308,99.45541923,,22.9,0
2026-01-19 21:42:44,0.32,1415.5,18.87611604,100.0,,22.902,0
2026-01-19 21:45:28,0.33,1421.0,18.96987327,99.92353672,,22.89,0
2026-01-19 21:48:12,0.34,1419.5,18.92679561,100.0,,22.823,0
2026-01-19 21:50:56,0.34,1423.0,18.89638786,100.0,,22.797,0
2026-01-19 21:53:40,0.33,1420.5,19.00281503,99.53422279,,22.917,0
2026-01-19 21:56:24,0.335,1407.0,18.86091217,100.0,,22.773,0
2026-01-19 21:59:08,0.33,1426.0,18.93186357,99.05672789,,22.688,0
2026-01-19 22:01:52,0.33,1410.0,18.97747521,100.0,,22.719,0
2026-01-19 22:04:36,0.33,1440.5,18.881184,100.0,,22.713,0
2026-01-19 22:07:20,0.33,1417.0,18.98761114,99.66753391,,22.682,0
2026-01-19 22:10:04,0.33,1428.5,18.84064036,100.0,,22.6315,0
2026-01-19 22:12:48,0.33,1420.0,18.90145582,99.85787723,,22.645,0
2026-01-19 22:15:32,0.33,1411.0,18.91919367,100.0,,22.6345,0
2026-01-19 22:18:16,0.35,1416.5,18.97240725,99.93601972,,22.502,0
2026-01-19 22:21:00,0.35,1435.0,18.79502878,100.0,,22.5865,0
2026-01-19 22:23:44,0.35,1418.0,18.86091217,100.0,,22.53,0
2026-01-19 22:26:28,0.35,1427.0,18.87358206,100.0,,22.6135,0
2026-01-19 22:29:12,0.36,1413.0,18.89131991,100.0,,22.545,0
2026-01-19 22:31:56,0.36,1446.0,18.84064036,100.0,,22.501,0
2026-01-19 22:34:40,0.36,1427.0,18.91919367,99.86663759,,22.4355,0
2026-01-19 22:37:24,0.36,1434.0,18.7139416,100.0,,22.492,0
2026-01-19 22:40:08,0.36,1423.0,18.80516469,100.0,,22.492,0
2026-01-19 22:42:52,0.35,1434.0,18.88625195,100.0,,22.427,0
2026-01-19 22:45:36,0.35,1425.0,18.70887366,100.0,,22.4585,0
2026-01-19 22:48:20,0.35,1425.0,18.78489288,100.0,,22.45,0
2026-01-19 22:51:04,0.35,1447.0,18.78996084,100.0,,22.36,0
2026-01-19 22:53:48,0.35,1416.0,18.81023264,99.12753986,,22.357,0
2026-01-19 22:56:32,0.35,1430.0,18.78235891,100.0,,22.3725,0
2026-01-19 22:59:16,0.35,1425.0,18.6328545,100.0,,22.346,0
2026-01-19 23:02:00,0.35,1424.0,18.75955313,99.93995724,,22.345,0
2026-01-19 23:04:44,0.35,1417.0,18.69873777,100.0,,22.394,0
2026-01-19 23:07:28,0.355,1441.0,18.73928134,99.81986782,,22.3155,0
2026-01-19 23:10:12,0.37,1429.0,18.67846599,100.0,,22.294,0
2026-01-19 23:12:56,0.37,1433.0,18.73421339,99.71854706,,22.332,0
2026-01-19 23:15:40,0.37,1428.5,18.65312627,100.0,,22.1965,0
2026-01-19 23:18:24,0.37,1415.0,18.72914544,100.0,,22.34,0
2026-01-19 23:21:08,0.37,1428.0,18.64552435,100.0,,22.2815,0
2026-01-19 23:23:52,0.37,1423.0,18.69873777,100.0,,22.234,0
2026-01-19 23:26:36,0.37,1427.5,18.63032053,99.88061648,,22.3045,0
2026-01-19 23:29:20,0.375,1428.0,18.5821751,100.0,,22.266,0
2026-01-19 23:32:04,0.37,1424.0,18.6328545,99.81249581,,22.228,0
2026-01-19 23:34:48,0.37,1426.5,18.5568354,100.0,,22.184,0
2026-01-19 23:37:32,0.37,1423.0,18.59484494,100.0,,22.1855,0
2026-01-19 23:40:16,0.37,1420.5,18.53149572,100.0,,22.149,0
2026-01-19 23:43:00,0.37,1422.5,18.56697128,100.0,,22.1405,0
2026-01-19 23:45:44,0.39,1416.0,18.49095224,100.0,,22.163,0
2026-01-19 23:48:28,0.39,1418.0,18.54416556,100.0,,22.088,0
2026-01-19 23:51:12,0.39,1431.0,18.47574844,100.0,,22.074,0
2026-01-19 23:53:56,0.39,1429.0,18.49602018,100.0,,22.083,0
2026-01-19 23:56:40,0.39,1432.5,18.46054465,100.0,,22.047,0
2026-01-19 23:59:24,0.39,1432.0,18.41493327,100.0,,22.122,0
2026-01-20 00:02:08,0.39,1437.0,18.44787482,100.0,,22.08,4
2026-01-20 00:04:52,0.39,1442.5,18.37438985,100.0,,22.03,4
2026-01-20 00:07:36,0.39,1440.5,18.41493327,100.0,,21.9615,4
2026-01-20 00:10:20,0.41,1473.0,18.31864267,100.0,,22.053,4
2026-01-20 00:13:04,0.41,1467.0,18.41746724,99.81930873,,21.9855,4
2026-01-20 00:15:48,0.41,1450.5,18.30850682,100.0,,21.922,4
2026-01-20 00:18:32,0.41,1444.0,18.36172003,100.0,,21.945,4
2026-01-20 00:21:16,0.41,1438.0,18.26796344,100.0,,21.903,4
2026-01-20 00:24:00,0.41,1428.5,18.34144833,99.84063236,,21.8745,4
2026-01-20 00:26:44,0.43,1420.0,18.23248801,100.0,,21.858,4
2026-01-20 00:29:28,0.43,1413.5,18.29583701,99.74724906,,21.911,4
2026-01-20 00:32:12,0.43,1408.5,18.23755592,100.0,,21.92,4
2026-01-20 00:34:56,0.43,1413.0,18.24769176,100.0,,21.925,4
2026-01-20 00:37:40,0.43,1401.5,18.27303137,100.0,,21.8425,4
2026-01-20 00:40:24,0.43,1413.0,18.2020805,100.0,,21.844,4
2026-01-20 00:43:08,0.43,1401.5,18.26542949,99.83922457,,21.8195,4
2026-01-20 00:45:52,0.425,1457.5,18.171673,100.0,,21.81,4
2026-01-20 00:48:36,0.42,1467.5,18.22235217,99.92448942,,21.797,4
2026-01-20 00:51:20,0.425,1478.0,18.10579013,100.0,,21.772,4
2026-01-20 00:54:04,0.43,1483.5,18.17420696,99.83475568,,21.7445,4
2026-01-20 00:56:48,0.43,1490.5,18.08045057,100.0,,21.887,4
2026-01-20 00:59:32,0.43,1490.0,18.13366364,99.82221979,,21.779,4
2026-01-20 01:02:16,0.43,1493.0,18.05511103,100.0,,21.777,4
2026-01-20 01:05:00,0.43,1492.0,18.07031475,100.0,,21.779,4
2026-01-20 01:07:44,0.44,1488.0,18.05511103,100.0,,22.425,4
2026-01-20 01:10:28,0.45,1480.5,18.00949986,100.0,,22.4065,4
2026-01-20 01:13:12,0.44,1469.0,18.06017893,100.0,,22.553,4
2026-01-20 01:15:56,0.445,1473.0,17.97402452,100.0,,22.486,4
2026-01-20 01:18:40,0.45,1467.0,18.03737335,99.92254716,,22.2035,4
2026-01-20 01:21:24,0.445,1461.0,17.9233455,100.0,,22.065,4
2026-01-20 01:24:08,0.45,1456.0,17.99176219,100.0,,22.0365,4
2026-01-20 01:26:52,0.45,1455.0,17.9030739,100.0,,22.001,4
2026-01-20 01:29:36,0.45,1455.0,17.94108316,100.0,,21.9595,4
2026-01-20 01:32:20,0.45,1452.5,17.8726665,100.0,,21.924,4
2026-01-20 01:35:04,0.44,1451.0,17.8929381,100.0,,21.996,4
2026-01-20 01:37:48,0.44,1448.5,17.86253071,100.0,,25.201,4
2026-01-20 01:40:32,0.46,1440.0,17.83972517,100.0,,25.4695,4
2026-01-20 01:43:16,0.46,1434.5,17.8828023,100.0,,25.643,4
2026-01-20 01:46:00,0.46,1433.5,17.78904622,100.0,,25.675,4
2026-01-20 01:48:44,0.46,1419.0,17.84732702,100.0,,22.659,4
2026-01-20 01:51:28,0.46,1431.0,17.74850309,100.0,,22.6375,4
2026-01-20 01:54:12,0.48,1434.0,17.80678385,100.0,,22.52,4
2026-01-20 01:56:56,0.48,1441.0,17.69529025,100.0,,22.541,4
2026-01-20 01:59:40,0.48,1434.0,17.75103703,100.0,,22.6365,4
2026-01-20 02:02:24,0.48,1436.5,17.79664806,100.0,,21.082,4
2026-01-20 02:05:08,0.48,1432.0,17.65981504,100.0,,21.133,4
2026-01-20 02:07:52,0.48,1433.5,17.74596914,100.0,,21.064,4
2026-01-20 02:10:36,0.48,1434.0,17.62940773,100.0,,21.1225,4
2026-01-20 02:13:20,0.485,1430.0,17.69022236,100.0,,21.07,4
2026-01-20 02:16:04,0.48,1429.5,17.60153437,100.0,,21.033,4
2026-01-20 02:18:48,0.48,1435.5,17.6395435,100.0,,20.991,4
2026-01-20 02:21:32,0.48,1438.0,17.6572811,100.0,,21.0405,4
2026-01-20 02:24:16,0.48,1429.5,17.5787289,100.0,,21.014,4
2026-01-20 02:27:00,0.48,1434.0,17.61167014,100.0,,20.9415,4
2026-01-20 02:29:44,0.48,1424.0,17.52298223,100.0,,21.048,4
2026-01-20 02:32:28,0.485,1432.5,17.58126284,100.0,,22.0435,4
2026-01-20 02:35:12,0.5,1430.5,17.47737133,100.0,,24.028,4
2026-01-20 02:37:56,0.5,1425.5,17.51791435,100.0,,24.027,4
2026-01-20 02:40:40,0.5,1421.0,17.53818586,100.0,,23.926,4
2026-01-20 02:43:24,0.5,1425.0,17.45203196,100.0,,23.95,4
2026-01-20 02:46:08,0.5,1425.0,17.49764284,100.0,,24.047,4
2026-01-20 02:48:52,0.52,1455.0,17.37601388,100.0,,,4
2026-01-20 02:51:36,0.52,1455.0,17.45963377,99.88024775,,,4
2026-01-20 02:54:20,0.52,1452.5,17.34560667,100.0,,22.313,4
2026-01-20 02:57:04,0.52,1451.0,17.38614962,100.0,,22.261,4
2026-01-20 02:59:48,0.51,1448.5,17.44696409,99.53430222,,22.153,4
2026-01-20 03:02:32,0.515,1440.0,17.32026734,100.0,,22.12,4
2026-01-20 03:05:16,0.51,1434.5,17.37094601,100.0,,22.147,4
2026-01-20 03:08:00,0.52,1433.5,17.30506374,100.0,,21.961,4
2026-01-20 03:10:44,0.52,1419.0,17.29492801,100.0,,21.777,4
2026-01-20 03:13:28,0.52,1431.0,17.33800487,99.72092118,,21.5955,4
2026-01-20 03:16:12,0.52,1434.0,17.22904579,100.0,,21.426,4
2026-01-20 03:18:56,0.52,1441.0,17.27972441,100.0,,21.291,4
2026-01-20 03:21:40,0.51,1434.0,17.25945298,100.0,,21.3105,4
2026-01-20 03:24:24,0.52,1436.5,17.19863863,100.0,,21.409,4
2026-01-20 03:27:08,0.53,1432.0,17.25945296,99.83920395,,21.423,4
2026-01-20 03:29:52,0.53,1433.5,17.14289219,100.0,,21.39,4
2026-01-20 03:32:36,0.54,1434.0,17.18596898,100.0,,21.3035,4
2026-01-20 03:35:20,0.53,1430.0,17.23411365,100.0,,21.479,4
2026-01-20 03:38:04,0.53,1429.5,17.1251547,100.0,,21.409,4
2026-01-20 03:40:48,0.53,1435.5,17.18343505,99.72550955,,21.295,4
2026-01-20 03:43:32,0.53,1438.0,17.07701008,100.0,,21.3615,4
2026-01-20 03:46:16,0.54,1429.5,17.10234935,100.0,,21.359,4
2026-01-20 03:49:00,0.525,1434.0,17.15049397,99.89054757,,21.3235,4
2026-01-20 03:51:44,0.53,1424.0,17.03646727,100.0,,21.224,4
2026-01-20 03:54:28,0.53,1432.5,17.09981542,99.8577952,,21.2835,4
2026-01-20 03:57:12,0.53,1430.5,17.01619588,100.0,,21.248,4
2026-01-20 03:59:56,0.525,1425.5,17.00606018,100.0,,21.198,4
2026-01-20 04:02:40,0.54,1421.0,17.06687438,99.79619624,,21.212,4
2026-01-20 04:05:24,0.54,1425.0,,100.0,,21.221,4
2026-01-20 04:08:08,0.54,1425.0,17.00606018,100.0,,21.23,4
2026-01-20 04:10:52,0.545,1428.5,,100.0,,21.264,4
2026-01-20 04:13:36,0.54,1427.0,,100.0,,21.2895,4
2026-01-20 04:16:20,0.54,1425.0,,99.61727311,,21.151,4
2026-01-20 04:19:04,0.54,1436.0,,100.0,,21.1825,4
2026-01-20 04:21:48,0.54,1426.0,,100.0,,21.207,4
2026-01-20 04:24:32,0.54,1426.0,,100.0,,21.2585,4
2026-01-20 04:27:16,0.55,1428.5,,100.0,,21.128,4
2026-01-20 04:30:00,0.56,1437.0,,99.94229349,,21.147,4
2026-01-20 04:32:44,0.56,1465.5,,100.0,,21.076,4
2026-01-20 04:35:28,0.56,1460.5,,100.0,,21.0955,4
2026-01-20 04:38:12,0.56,1452.5,,100.0,,21.072,4
2026-01-20 04:40:56,0.57,1451.0,,100.0,,21.071,4
2026-01-20 04:43:40,0.57,1461.5,,100.0,,21.051,4
2026-01-20 04:46:24,0.57,1449.0,,100.0,,21.042,4
2026-01-20 04:49:08,0.57,1440.5,,100.0,,21.072,4
2026-01-20 04:51:52,0.57,1429.5,,100.0,,21.115,4
2026-01-20 04:54:36,0.57,1439.0,,100.0,,20.994,4
2026-01-20 04:57:20,0.57,1429.0,,100.0,,20.923,4
2026-01-20 05:00:04,0.57,1421.5,,100.0,,20.927,4
2026-01-20 05:02:48,0.56,1428.0,17.54832162,99.5297071,,20.988,4
2026-01-20 05:05:32,0.56,1410.5,18.74434933,91.15266022,,20.961,4
2026-01-20 05:08:16,0.56,1421.0,19.48934082,86.70669121,301.0805344,20.944,4
2026-01-20 05:11:00,0.555,1414.0,20.0468216,83.65077052,383.3331646,21.033,4
2026-01-20 05:13:44,0.57,1417.0,20.51814898,81.3058659,451.2443759,21.181,4
2026-01-20 05:16:28,0.58,1423.5,20.87798128,79.49757457,505.9870187,21.289,4
2026-01-20 05:19:12,0.58,1411.5,21.1972703,78.0311975,552.9026117,21.545,4
2026-01-20 05:21:56,0.58,1423.0,21.43547081,77.0523958,586.0277142,21.666,4
2026-01-20 05:24:40,0.58,1411.0,21.68127414,76.02909128,621.4338177,21.65,4
2026-01-20 05:27:24,0.58,1417.5,21.88146498,75.1209947,652.9056884,21.727,4
2026-01-20 05:30:08,0.58,1427.0,22.06391779,74.2487977,684.0872259,21.7625,4
2026-01-20 05:32:52,0.595,1413.5,22.21596208,73.6909815,704.6491019,21.95,4
2026-01-20 05:35:36,0.6,1422.0,22.40601782,73.04245801,730.4120441,21.9035,4
2026-01-20 05:38:20,0.6,1414.5,22.52005146,72.48624412,750.6622673,21.961,4
2026-01-20 05:41:04,0.6,1413.5,22.65435793,71.9867828,770.5643079,22.0435,4
2026-01-20 05:43:48,0.6,1428.0,22.76839189,71.4860887,787.5752384,22.165,4
2026-01-20 05:46:32,0.61,1405.0,22.93564198,71.67436539,795.0537377,21.2215,4
2026-01-20 05:49:16,0.62,1425.5,23.10796056,71.63518082,801.9355259,21.215,4
2026-01-20 05:52:00,0.615,1412.0,23.33856391,72.07734791,800.0323913,21.1015,4
2026-01-20 05:54:44,0.62,1419.0,23.50834917,72.28592206,802.6977199,21.079,4
2026-01-20 05:57:28,0.62,1400.5,23.71361239,72.14314916,815.9915052,21.1965,4
2026-01-20 06:00:12,0.62,1391.0,23.95435381,73.09908406,799.3549288,21.21,4
2026-01-20 06:02:56,0.62,1401.0,23.97462681,72.6839401,813.6692454,21.386,4
2026-01-20 06:05:40,0.62,1408.5,24.23817612,69.46032753,925.4481712,21.4245,4
2026-01-20 06:08:24,0.62,1421.0,24.05571882,64.6218783,1058.956556,21.414,4
2026-01-20 06:11:08,0.62,1430.5,23.27014317,57.5463052,1206.120554,21.49,4
2026-01-20 06:13:52,0.62,1446.0,22.4085519,64.21704044,973.2726639,21.497,4
2026-01-20 06:16:36,0.62,1450.0,22.78359644,65.65437269,952.1944939,21.5995,4
2026-01-20 06:19:20,0.62,1466.0,23.05727859,67.91556969,904.3225218,21.682,4
2026-01-20 06:22:04,0.62,1470.5,23.41458712,70.26910527,856.2503646,21.6035,4
2026-01-20 06:24:48,0.62,1474.5,23.70094181,71.65115116,830.6583534,21.747,4
2026-01-20 06:27:32,0.625,1484.0,23.99236569,72.23041567,822.4792044,21.7015,4
2026-01-20 06:30:16,0.62,1500.0,24.12667439,69.8035111,908.6642777,21.887,4
2026-01-20 06:33:00,0.63,1503.0,24.235642,71.3624517,866.4882051,21.9015,4
2026-01-20 06:35:44,0.63,1511.5,24.35981454,72.49808776,838.3402941,21.909,4
2026-01-20 06:38:28,0.63,1521.5,,73.10796477,829.4839615,21.987,4
2026-01-20 06:41:12,0.63,1523.0,,69.52975059,948.7315954,22.008,4
2026-01-20 06:43:56,0.62,1523.0,24.03544581,57.77026786,1279.110131,22.054,4
2026-01-20 06:46:40,0.63,1521.5,22.71010785,58.72184228,1139.385998,22.074,4
2026-01-20 06:49:24,0.63,1527.0,23.00152845,60.58447684,1107.21574,22.038,4
2026-01-20 06:52:08,0.63,1525.0,23.24226793,63.78104618,1031.359609,22.1655,4
2026-01-20 06:54:52,0.63,1526.0,23.52862206,67.12029431,953.4763165,22.147,4
2026-01-20 06:57:36,0.63,1520.0,23.91634197,68.96316182,921.26761,22.246,4
2026-01-20 07:00:20,0.63,1516.5,24.16722046,70.33010949,894.0530272,22.174,4
2026-01-20 07:03:04,0.64,1507.0,24.40289485,68.1181186,973.7648076,22.3685,4
2026-01-20 07:05:48,0.64,1511.0,24.40542898,69.28817861,938.7469735,22.444,4
2026-01-20 07:08:32,0.63,1497.0,,70.65285159,907.6952154,22.38,4
2026-01-20 07:11:16,0.64,1500.0,,71.56333739,888.0954569,22.396,4
2026-01-20 07:14:00,0.64,1501.0,,70.32503488,940.2008447,22.571,4
2026-01-20 07:16:44,0.64,1499.0,,58.3853421,1291.812575,22.664,4
2026-01-20 07:19:28,0.63,1491.0,23.166245,57.30982223,1207.640963,22.588,4
2026-01-20 07:22:12,0.64,1487.5,23.042074,58.53547556,1167.633312,22.735,4
2026-01-20 07:24:56,0.64,1474.0,23.26507486,61.67800151,1093.776527,22.63,4
2026-01-20 07:27:40,0.64,1476.0,23.63505481,65.01666298,1020.988421,22.6785,4
2026-01-20 07:30:24,0.64,1476.0,23.99996805,67.43116479,971.6115962,22.715,4
2026-01-20 07:33:08,0.64,1474.0,24.29646118,68.98310819,941.9051105,22.7315,4
2026-01-20 07:35:52,0.64,1464.5,,69.07116136,957.7785039,22.736,4
2026-01-20 07:38:36,0.64,1466.5,,67.45368936,1007.408161,22.8765,4
2026-01-20 07:41:20,0.64,1472.0,,69.33486511,957.9817631,22.93,4
2026-01-20 07:44:04,0.64,1452.5,,70.51545767,929.6287877,22.907,4
2026-01-20 07:46:48,0.64,1447.0,,71.10995831,918.2025056,22.984,4
2026-01-20 07:49:32,0.64,1446.0,,64.13519136,1144.385057,23.0315,4
2026-01-20 07:52:16,0.63,1446.0,23.79217005,59.13199998,1204.073505,23.101,4
2026-01-20 07:55:00,0.64,1442.0,22.93310788,60.1921022,1116.678747,23.067,4
2026-01-20 07:57:44,0.65,1449.0,23.40698479,61.8727447,1097.574318,23.05,4
2026-01-20 08:00:28,0.645,1451.0,23.67560066,64.69408502,1033.229374,23.223,4
2026-01-20 08:03:12,0.64,1447.0,24.07092358,67.13794892,984.5418439,23.096,4
2026-01-20 08:05:56,0.65,1446.5,24.38515589,68.7243264,954.8228383,23.063,4
2026-01-20 08:08:40,0.65,1439.0,,69.49958631,947.4338208,23.202,4
2026-01-20 08:11:24,0.65,1445.0,,66.98825677,1031.055466,23.305,4
2026-01-20 08:14:08,0.65,1439.0,,68.83950972,979.5023535,23.247,4
2026-01-20 08:16:52,0.65,1498.0,,70.06523098,950.2589859,23.25,4
2026-01-20 08:19:36,0.65,1515.5,,71.03099927,927.9602065,23.326,4
2026-01-20 08:22:20,0.65,1497.0,,67.66448639,1049.617445,23.366,4
2026-01-20 08:25:04,0.65,1509.5,24.26351771,58.4726475,1243.360412,23.423,4
2026-01-20 08:27:48,0.65,1520.0,23.17384717,57.84061237,1196.692309,23.453,4
2026-01-20 08:30:32,0.65,1503.0,23.10796059,64.31404702,1008.953769,23.4715,4
2026-01-20 08:33:16,0.65,1512.0,23.61985012,63.84962796,1046.342056,23.466,4
2026-01-20 08:36:00,0.65,1490.0,23.94675145,66.75804531,988.5226567,23.548,4
2026-01-20 08:38:44,0.65,1509.0,24.36995108,68.37035173,964.7511336,23.543,4
2026-01-20 08:41:28,0.65,1499.0,,69.72353723,938.711033,23.4855,4
2026-01-20 08:44:12,0.65,1512.0,,68.35818579,1003.841865,23.645,4
2026-01-20 08:46:56,0.65,1517.0,,59.85234909,1264.875943,23.68,4
2026-01-20 08:49:40,0.65,1501.0,23.5058152,59.55183229,1171.655119,23.557,4
2026-01-20 08:52:24,0.65,1521.0,22.89002828,58.48360143,1165.516346,23.645,4
2026-01-20 08:55:08,0.66,1517.0,23.43486,60.78491238,1129.83712,23.6125,4
2026-01-20 08:57:52,0.65,1490.0,23.69080534,63.72973793,1062.118236,23.62,4
2026-01-20 09:00:36,0.66,1515.0,24.11400376,66.44304806,1007.944417,23.6695,4
2026-01-20 09:03:20,0.66,1498.0,24.44597518,68.193286,974.5749316,23.663,4
2026-01-20 09:06:04,0.65,1512.5,,69.28464931,957.3827874,23.703,4
2026-01-20 09:08:48,0.66,1499.0,,65.89036186,1084.422356,23.776,4
2026-01-20 09:11:32,0.65,1530.0,24.24831308,58.85779576,1261.987868,23.775,4
2026-01-20 09:14:16,0.65,1511.0,23.33096159,53.2572646,,23.823,4
2026-01-20 09:17:00,0.655,1510.0,22.98378978,65.05594178,983.7283065,23.8205,4
2026-01-20 09:19:44,0.65,1504.0,23.42218944,64.09384835,1038.713656,23.801,4
2026-01-20 09:22:28,0.655,1497.0,23.7845677,66.06455414,999.3532378,23.81,4
2026-01-20 09:25:12,0.66,1512.0,24.19763002,68.05030149,964.5076117,23.716,4
2026-01-20 09:27:56,0.655,1500.0,,69.21882469,947.4493069,23.881,4
2026-01-20 09:30:40,0.66,1529.0,,69.87131438,939.2725104,23.8035,4
2026-01-20 09:33:24,0.66,1512.0,,63.68422112,1154.908968,23.844,4
2026-01-20 09:36:08,0.655,1511.5,23.99743411,58.09055728,1250.492887,23.922,4
2026-01-20 09:38:52,0.655,1505.0,22.96098292,56.6328889,1212.25725,23.991,4
2026-01-20 09:41:36,0.66,1501.0,23.09529008,63.19485139,1045.05021,23.8625,4
2026-01-20 09:44:20,0.66,1517.0,23.60464544,63.03298204,1067.104639,23.856,4
2026-01-20 09:47:04,0.66,1495.0,23.89100075,66.18123623,1004.390611,23.8525,4
2026-01-20 09:49:48,0.66,1519.0,24.37501935,67.99561141,976.4774206,23.832,4
2026-01-20 09:52:32,0.66,1523.5,,69.12243472,962.6136367,23.903,4
2026-01-20 09:55:16,0.66,1511.0,,68.31564458,1006.709417,23.963,4
2026-01-20 09:58:00,0.655,1509.0,,59.9429264,1227.979276,23.9585,4
2026-01-20 10:00:44,0.66,1503.0,23.5793043,57.54836729,1229.542083,24.066,4
2026-01-20 10:03:28,0.66,1510.0,22.97111932,58.37216035,1171.72661,24.0875,4
2026-01-20 10:06:12,0.66,1508.5,23.42218944,60.31813086,1143.374827,24.134,4
2026-01-20 10:08:56,0.66,1506.0,23.70094181,62.17478679,1108.328225,23.945,4
2026-01-20 10:11:40,0.66,1513.0,24.11907201,65.4090407,1039.328872,24.084,4
2026-01-20 10:14:24,0.66,1523.0,,67.2886683,1007.775375,23.952,4
2026-01-20 10:17:08,0.66,1524.5,,68.56405533,986.2242826,24.079,4
2026-01-20 10:19:52,0.66,1518.0,,66.12000391,1086.255319,24.012,4
2026-01-20 10:22:36,0.66,1519.0,,58.91186985,1285.127558,24.0585,4
2026-01-20 10:25:20,0.66,1514.0,23.2904159,58.98764826,1171.997015,24.143,4
2026-01-20 10:28:04,0.66,1501.0,22.93057381,56.83412383,1207.563159,24.1495,4
2026-01-20 10:30:48,0.66,1517.0,23.20932459,61.75091193,1083.910953,24.001,4
2026-01-20 10:33:32,0.66,1502.5,23.66546419,62.01772523,1105.962006,24.073,4
2026-01-20 10:36:16,0.66,1512.0,24.04558231,65.33298441,1037.040478,23.983,4
2026-01-20 10:39:00,0.66,1505.0,24.45864587,67.1264471,1008.01968,24.042,4
2026-01-20 10:41:44,0.66,1505.0,,68.50142871,984.0183962,24.078,4
2026-01-20 10:44:28,0.665,1522.0,,66.75313185,1063.243918,24.172,4
2026-01-20 10:47:12,0.66,1511.5,,57.16690906,,24.174,4
2026-01-20 10:49:56,0.67,1509.0,23.18905178,59.90161529,1176.01024,24.23,4
2026-01-20 10:52:40,0.66,1509.0,23.02180125,56.95557576,1210.959034,24.145,4
2026-01-20 10:55:24,0.665,1508.0,23.14343796,65.85768504,967.3494389,24.173,4
2026-01-20 10:58:08,0.67,1515.5,23.72374887,64.9308777,1028.969876,24.1865,4
2026-01-20 11:00:52,0.66,1499.0,24.22297133,67.03719691,996.6037672,24.098,4
2026-01-20 11:03:36,0.67,1527.0,,68.22904448,985.7904713,24.1785,4
2026-01-20 11:06:20,0.66,1519.0,,69.08654027,979.2427034,24.221,4
2026-01-20 11:09:04,0.66,1513.0,,64.48516578,1148.304983,24.2275,4
2026-01-20 11:11:48,0.66,1497.0,24.25844918,56.24347045,,24.291,4
2026-01-20 11:14:32,0.66,1504.0,23.27521128,57.11507038,1217.466586,24.182,4
2026-01-20 11:17:16,0.67,1503.0,22.90016465,63.59366857,1024.253444,24.204,4
2026-01-20 11:20:00,0.665,1499.5,23.6147819,62.64739575,1088.836704,24.29,4
2026-01-20 11:22:44,0.66,1517.0,23.98983155,64.28707289,1064.759879,24.269,4
2026-01-20 11:25:28,0.67,1521.0,24.44850932,66.20134153,1034.901763,24.242,4
2026-01-20 11:28:12,0.67,1511.5,,67.47830243,1021.607778,24.21,4
2026-01-20 11:30:56,0.66,1506.0,,68.1568001,1018.185604,24.269,4
2026-01-20 11:33:40,0.66,1511.5,,60.38227624,1261.210397,24.3295,4
2026-01-20 11:36:24,0.66,1497.0,23.91380784,61.01738472,1175.390511,24.338,4
2026-01-20 11:39:08,0.66,1519.0,23.1738472,58.21002155,1186.325856,24.416,4
2026-01-20 11:41:52,0.67,1543.0,23.47793985,61.03801483,1126.411117,24.309,4
2026-01-20 11:44:36,0.67,1544.5,23.95688794,61.21946661,1145.617022,24.25,4
2026-01-20 11:47:20,0.665,1538.0,24.35981454,64.23620685,1090.187061,24.32,4
2026-01-20 11:50:04,0.67,1540.0,,65.89997804,1066.573176,24.287,4
2026-01-20 11:52:48,0.67,1542.0,,67.13300128,1055.047899,24.337,4
2026-01-20 11:55:32,0.67,1541.5,,66.29132036,1104.655898,24.363,4
2026-01-20 11:58:16,0.66,1526.0,,60.65865457,1219.766144,24.356,4
2026-01-20 12:01:00,0.66,1539.0,23.74148769,57.49010001,1240.471633,24.4695,4
2026-01-20 12:03:44,0.67,1535.0,23.23973383,59.47854264,1149.495709,24.442,4
2026-01-20 12:06:28,0.67,1549.0,23.64772539,63.72180288,1059.621248,24.439,4
2026-01-20 12:09:12,0.67,1541.0,24.14187917,63.84306648,1087.875386,24.49,4
2026-01-20 12:11:56,0.67,1532.0,,65.43757002,1067.944082,24.392,4
2026-01-20 12:14:40,0.67,1534.0,,66.7438758,1055.769499,24.4005,4
2026-01-20 12:17:24,0.67,1539.0,,67.55942494,1052.344072,24.446,4
2026-01-20 12:20:08,0.67,1536.5,,59.67932296,,24.461,4
2026-01-20 12:22:52,0.67,1531.0,24.21790307,58.7531348,1246.687047,24.472,4
2026-01-20 12:25:36,0.67,1532.0,23.64265718,56.49594455,1270.278756,24.443,4
2026-01-20 12:28:20,0.67,1528.0,23.66039596,61.73130435,1118.590685,24.525,4
2026-01-20 12:31:04,0.665,1516.0,24.0810601,60.59337345,1186.401174,24.443,4
2026-01-20 12:33:48,0.67,1527.0,23.31068874,58.35311236,1221.462477,24.514,4
2026-01-20 12:36:32,0.67,1518.5,22.88242601,59.05604504,1138.523533,24.39,4
2026-01-20 12:39:16,0.67,1518.0,23.39684836,60.57066485,1134.363946,24.494,4
2026-01-20 12:42:00,0.67,1524.0,23.90620548,61.16951503,1150.512221,24.498,4
2026-01-20 12:44:44,0.66,1531.0,23.44753053,56.47168518,1256.121866,24.479,4
2026-01-20 12:47:28,0.665,1526.0,22.68983518,56.75246756,1196.797966,24.436,4
2026-01-20 12:50:12,0.67,1526.5,23.01673303,64.7107374,992.2175172,24.381,4
2026-01-20 12:52:56,0.67,1541.0,23.63505481,64.80168528,1028.700414,24.331,4
2026-01-20 12:55:40,0.67,1550.0,24.28632466,65.99562351,1030.854669,24.3265,4
2026-01-20 12:58:24,0.67,1554.0,,67.03243693,1032.391506,24.423,4
2026-01-20 13:01:08,0.67,1548.0,,57.1161889,,24.418,4
2026-01-20 13:03:52,0.66,1557.0,23.65025949,58.51814266,1211.77172,24.387,4
2026-01-20 13:06:36,0.66,1532.5,23.14597207,58.08777522,1189.150664,24.43,4
2026-01-20 13:09:20,0.67,1532.0,23.38671193,65.77327064,984.0856691,24.415,4
2026-01-20 13:12:04,0.67,1540.0,23.88086426,57.00411969,1276.058793,24.4015,4
2026-01-20 13:14:48,0.66,1532.0,22.9711193,56.26731084,1236.527035,24.282,4
2026-01-20 13:17:32,0.66,1547.5,22.71771012,64.15255425,993.4918013,24.2785,4
2026-01-20 13:20:16,0.67,1545.0,23.42725766,64.26067207,1030.090971,24.422,4
2026-01-20 13:23:00,0.665,1550.5,23.71107828,55.92675432,1292.749798,24.3345,4
2026-01-20 13:25:44,0.66,1549.0,22.76332372,54.95611964,1245.67376,24.24,4
2026-01-20 13:28:28,0.66,1552.0,22.70757376,66.45095437,929.0237329,24.294,4
2026-01-20 13:31:12,0.66,1574.0,23.39178015,65.57529781,990.0803199,24.201,4
2026-01-20 13:33:56,0.66,1572.0,23.54889495,56.11289214,1276.157437,24.236,4
2026-01-20 13:36:40,0.66,1574.0,22.76585781,55.39943844,1234.432824,24.2395,4
2026-01-20 13:39:24,0.67,1574.0,22.92550559,63.25010551,1033.538037,24.245,4
2026-01-20 13:42:08,0.67,1558.5,23.62491836,62.17616783,1103.296726,24.292,4
2026-01-20 13:44:52,0.66,1546.0,23.16371076,55.62685406,1258.758795,24.224,4
2026-01-20 13:47:36,0.66,1553.0,22.62901708,57.59365823,1164.702996,24.085,4
2026-01-20 13:50:20,0.67,1561.0,23.02180122,65.86682541,960.006327,24.204,4
2026-01-20 13:53:04,0.66,1561.0,23.51848562,58.63544186,1202.063948,24.165,4
2026-01-20 13:55:48,0.66,1562.0,22.68223289,56.97110524,1185.910883,24.089,4
2026-01-20 13:58:32,0.66,1565.5,22.72277829,60.36612979,1096.009988,24.146,4
2026-01-20 14:01:16,0.66,1568.0,23.30562053,63.04155992,1057.442508,24.073,4
2026-01-20 14:04:00,0.66,1563.0,23.4019166,55.19951101,1284.673514,24.075,4
2026-01-20 14:06:44,0.66,1574.0,22.63661933,55.64533813,1218.350687,24.056,4
2026-01-20 14:09:28,0.66,1573.0,22.6898352,66.70746873,927.9910584,24.125,4
2026-01-20 14:12:12,0.67,1580.0,23.44246231,60.38653095,1144.546491,24.07,4
2026-01-20 14:14:56,0.66,1575.0,23.02180122,55.31790972,1256.697916,24.103,4
2026-01-20 14:17:40,0.66,1594.0,22.50231289,57.47556005,1158.902279,23.9515,4
2026-01-20 14:20:24,0.66,1588.0,22.9711193,66.16635987,948.6692855,23.99,4
2026-01-20 14:23:08,0.66,1600.5,23.36643908,55.87177197,1267.145319,23.987,4
2026-01-20 14:25:52,0.66,1586.0,22.57073312,55.72938449,1217.566128,24.002,4
2026-01-20 14:28:36,0.66,1585.0,22.7075738,61.25848308,1077.235012,24.067,4
2026-01-20 14:31:20,0.66,1584.0,23.46273519,62.20585208,1091.629185,23.986,4
2026-01-20 14:34:04,0.66,1573.5,23.02940355,56.37950482,1219.879957,23.9855,4
2026-01-20 14:36:48,0.66,1591.0,22.52511962,57.66409636,1155.412751,23.949,4
2026-01-20 14:39:32,0.665,1588.0,22.98632391,64.87405727,985.8454507,23.9015,4
2026-01-20 14:42:16,0.66,1592.0,23.43739409,55.8360416,1273.686551,23.954,4
2026-01-20 14:45:00,0.66,1590.0,22.52258554,55.85530103,1219.139721,23.9615,4
2026-01-20 14:47:44,0.66,1593.0,22.73291465,62.45209327,1034.872849,23.797,4
2026-01-20 14:50:28,0.66,1596.0,23.38924605,61.8196111,1098.706972,23.85,4
2026-01-20 14:53:12,0.66,1599.0,22.74811918,57.23408815,1183.506458,23.823,4
2026-01-20 14:55:56,0.66,1595.0,22.63661933,52.89790778,1293.818147,23.846,4
2026-01-20 14:58:40,0.66,1593.5,22.69997154,65.91485939,949.4743211,23.874,4
2026-01-20 15:01:24,0.66,1608.0,23.29548411,58.17825835,1198.054195,23.868,4
2026-01-20 15:04:08,0.65,1597.0,22.86468742,55.04951473,1252.504383,23.7745,4
2026-01-20 15:06:52,0.66,1607.0,22.59607397,62.03447756,1040.609459,23.902,4
2026-01-20 15:09:36,0.66,1498.0,23.42725767,61.78462132,1096.98334,23.886,4
2026-01-20 15:12:20,0.66,1506.0,22.78866461,56.92705794,1185.53546,23.836,4
2026-01-20 15:15:04,0.65,1502.0,22.62141482,53.49332498,1276.322118,23.7795,4
2026-01-20 15:17:48,0.66,1488.0,22.76839189,66.18691388,936.5275296,23.8,4
2026-01-20 15:20:32,0.66,1489.0,23.28281359,56.51219167,1232.37279,23.843,4
2026-01-20 15:23:16,0.66,1486.0,22.59607397,56.39754692,1191.810599,23.788,4
2026-01-20 15:26:00,0.655,1486.0,22.59607397,62.54110736,1025.291688,23.7255,4
2026-01-20 15:28:44,0.66,1514.5,23.09275596,65.7341426,968.4741168,23.859,4
2026-01-20 15:31:28,0.655,1511.0,23.00152852,56.11266777,1240.009713,23.773,4
2026-01-20 15:34:12,0.66,1498.0,22.54539229,53.03924613,1271.416062,23.778,4
2026-01-20 15:36:56,0.66,1516.5,22.65689202,67.75226776,896.468225,23.688,4
2026-01-20 15:39:40,0.66,1534.0,23.23973383,60.15575601,1137.406122,23.7235,4
2026-01-20 15:42:24,0.66,1548.5,22.63661933,56.11231031,1204.024509,23.698,4
2026-01-20 15:45:08,0.65,1545.5,22.38574519,60.66189164,1062.477374,23.6595,4
2026-01-20 15:47:52,0.66,1544.5,23.06741498,65.0604946,985.3984904,23.665,4
2026-01-20 15:50:36,0.65,1516.0,22.93564202,57.39721165,1201.284273,23.681,4
2026-01-20 15:53:20,0.66,1523.0,22.47443799,53.56295629,1269.290073,23.622,4
2026-01-20 15:56:04,0.66,1527.0,22.43896086,66.82451815,918.7931048,23.726,4
2026-01-20 15:58:48,0.655,1522.5,23.18398357,58.55830329,1177.041083,23.626,4
2026-01-20 16:01:32,0.65,1529.0,22.59860811,55.6664767,1221.93709,23.5295,4
2026-01-20 16:04:16,0.65,1518.0,22.62141482,55.7290249,1217.922292,23.604,4
2026-01-20 16:07:00,0.66,1514.0,22.96858525,67.01599119,924.7810618,23.6855,4
2026-01-20 16:09:44,0.65,1521.0,23.16877897,53.43064754,,23.651,4
2026-01-20 16:12:28,0.65,1518.0,22.48457431,56.45238424,1194.702861,23.613,4
2026-01-20 16:15:12,0.66,1517.5,22.93057378,61.86252896,1063.121748,23.578,4
2026-01-20 16:17:56,0.65,1510.0,23.38164372,56.19271524,1246.684749,23.564,4
2026-01-20 16:20:40,0.66,1503.5,22.54032412,54.87621276,1229.422793,23.6575,4
2026-01-20 16:23:24,0.65,1516.5,22.48457431,63.94295529,981.6335261,23.602,4
2026-01-20 16:26:08,0.65,1510.5,22.4592335,80.871393,519.9435707,23.4865,4
2026-01-20 16:28:52,0.65,1512.0,22.25143912,76.84357608,621.5515229,23.569,4
2026-01-20 16:31:36,0.65,1512.5,22.07405407,71.37539296,760.0796214,23.4905,4
2026-01-20 16:34:20,0.65,1505.0,21.81557933,69.67561807,798.2070552,23.575,4
2026-01-20 16:37:04,0.65,1504.0,21.69394444,71.19130697,747.3473642,23.5075,4
2026-01-20 16:39:48,0.65,1498.0,22.08925848,84.1450515,421.3889974,23.538,4
2026-01-20 16:42:32,0.65,1509.0,22.2742458,81.47245369,497.2716318,23.5125,4
2026-01-20 16:45:16,0.65,1496.5,21.9828276,73.74934752,693.1736033,23.515,4
2026-01-20 16:48:00,0.65,1494.5,21.73195532,71.91922992,728.2094567,23.53,4
2026-01-20 16:50:44,0.64,1498.0,21.91187375,81.21593965,493.8698077,23.441,4
2026-01-20 16:53:28,0.65,1499.5,22.13740583,85.76349094,379.4683614,23.485,4
2026-01-20 16:56:12,0.65,1490.0,21.82064746,78.06001694,573.9984298,23.366,4
2026-01-20 16:58:56,0.65,1480.0,21.77503435,73.96249231,678.6744616,23.535,4
2026-01-20 17:01:40,0.65,1490.5,21.77250029,73.36035161,694.4730238,23.4635,4
2026-01-20 17:04:24,0.65,1488.0,22.13487176,85.60771275,383.5787284,23.395,4
2026-01-20 17:07:08,0.65,1476.0,21.98789574,81.4187356,490.4602049,23.4945,4
2026-01-20 17:09:52,0.65,1484.0,21.87639685,76.02523706,627.2327671,23.427,4
2026-01-20 17:12:36,0.65,1487.5,21.70914879,73.84272608,679.2588273,23.3975,4
2026-01-20 17:15:20,0.645,1494.0,22.09939477,83.51248935,438.4716891,23.352,4
2026-01-20 17:18:04,0.65,1479.5,21.43293683,85.14147424,379.2598601,23.374,4
2026-01-20 17:20:48,0.65,1491.0,21.5216286,67.18462854,842.4573548,23.386,4
2026-01-20 17:23:32,0.65,1475.0,21.75729593,54.19588806,1196.10985,23.4325,4
2026-01-21 15:29:12,57.17,1478.0,21.4405389126914,58.573995472194,1058.2507593176,23.357,4
2026-01-21 15:31:56,57.17,1487.0,20.0569576319539,67.9948283073759,749.443349623395,23.357,4
2026-01-21 15:34:40,57.17,1483.0,21.9042719438584,77.5551468933508,573.056022345895,23.327,4
2026-01-21 15:37:24,57.17,1480.0,23.9340808264969,64.6149024131036,1051.46056086202,23.3165,4
2026-01-21 15:40:08,57.17,1482.5,24.2939270427741,63.556040767469,1106.55778025663,23.378,4
2026-01-21 15:42:52,57.17,1473.5,23.9746268055459,59.44743475021,1210.72325895713,23.413,4
2026-01-21 15:45:36,57.17,1484.0,21.8307838483306,63.8826499859651,954.346301902504,23.406,4
2026-01-21 15:48:20,57.17,1480.0,21.8459880861046,53.2806152338343,1223.79536426438,23.482,4
2026-01-21 15:51:04,57.17,1484.5,20.99201300829,62.0683221529692,939.816423796626,23.538,4
2026-01-21 15:53:48,57.17,1480.0,21.247951207828,53.6181770283708,1170.95356897709,23.51,4
2026-01-21 15:56:32,57.17,1478.0,21.1491234698478,52.170248309264,1211.86496245082,23.6225,4
2026-01-21 15:59:16,57.17,1485.5,20.2951550613215,61.1738322931413,924.389723085737,23.768,4
2026-01-21 16:02:00,57.17,1470.0,21.8409205747593,63.8207439619107,947.617719350547,23.624,4
2026-01-21 16:04:44,57.17,1474.0,24.2736539762699,60.3114774161466,1211.54822374928,23.796,4
2026-01-21 16:07:28,57.17,1469.0,23.2752113148162,70.9646546323762,832.698591737237,23.9025,4
2026-01-21 16:10:12,57.17,1464.0,23.1180969575652,56.5856096717964,1228.17191546006,23.899,4
2026-01-21 16:12:56,57.17,1482.0,21.7801024686777,59.0622075002133,1067.71486447489,23.998,4
2026-01-21 16:15:40,57.17,1473.0,20.695530929981,65.1308304631872,848.493376753681,24.13,4
2026-01-21 16:18:24,57.17,1475.5,21.106044746848,51.6385946592826,1210.34881806472,24.0495,4
2026-01-21 16:21:08,57.17,1474.5,20.5282850973599,69.6916369230129,738.120279397935,24.006,4
2026-01-21 16:23:52,57.17,1463.0,22.2818480249552,68.726793411948,840.971596522773,24.031,4
2026-01-21 16:26:36,57.17,1470.0,22.3274614197434,53.356915717968,1251.73068580252,24.1015,4
2026-01-21 16:29:20,57.17,1466.0,20.9540023632871,60.6920858714747,974.623310551246,23.949,4
2026-01-21 16:32:04,57.17,1468.0,20.9514683994493,58.4725603867852,1040.39708318573,24.077,4
2026-01-21 16:34:48,57.17,1471.0,22.5656649562588,61.9620001978693,1027.59332552377,24.037,4
2026-01-21 16:37:32,57.17,1462.0,22.6898352380521,55.5005293986583,1220.39210255865,24.109,4
2026-01-21 16:40:16,57.17,1464.0,20.8627770588791,63.943766430319,889.000406945288,24.288,4
2026-01-21 16:43:00,57.17,1457.0,21.5241629028605,67.0860350143264,843.978953554236,24.2445,4
2026-01-21 16:45:44,57.17,1469.0,22.7886646139959,57.9745370657532,1167.92491792286,24.215,4
2026-01-21 16:48:28,57.17,1468.0,21.9600211199285,56.0349157090098,1159.61632386052,24.2445,4
2026-01-21 16:51:12,57.17,1458.0,21.511492383579,64.7286313979238,906.351873584747,24.127,4
2026-01-21 16:53:56,57.17,1447.0,22.0436452334979,58.4189865944895,1113.57136461324,24.295,4
2026-01-21 16:56:40,57.17,1465.0,23.3993825148354,59.2771167513261,1146.53544485956,24.191,4
2026-01-21 16:59:24,57.17,1471.0,23.4019165780628,54.1439444298213,,24.232,4
2026-01-21 17:02:08,57.17,1463.0,22.2919843283598,63.5604737858921,977.610198942925,24.308,4
2026-01-21 17:04:52,57.17,1452.5,22.9457783475518,70.0575459869736,838.277215076594,24.234,4
2026-01-21 17:07:36,57.17,1449.0,23.2853477066964,55.844076046415,1254.39419724043,24.223,4
2026-01-21 17:10:20,57.17,1452.5,22.2615754219295,61.8134656167135,1025.61335401149,24.259,4
2026-01-21 17:13:04,57.17,1451.0,21.7040806641161,65.2481689274957,899.029639856378,24.3275,4
2026-01-21 17:15:48,57.17,1455.0,22.1298036157677,66.0926592250053,903.408995753842,24.138,4
2026-01-21 17:18:32,57.17,1450.0,23.3512344366172,62.3995839264962,1080.12929557582,24.2255,4
2026-01-21 17:21:16,57.17,1454.0,23.0623467822151,53.6904538754962,,24.227,4
2026-01-21 17:24:00,57.17,1453.0,21.8839990608539,63.3045469825268,963.226554925742,23.363,4
2026-01-22 16:51:40,584.0,1453.5,24.0709235804388,66.1618779006036,1013.78477717613,23.357,4
2026-01-22 16:54:24,578.0,1454.0,24.4915896711463,65.7015587307287,1053.79361846843,23.327,4
2026-01-22 16:57:08,576.5,1441.0,24.0557188777311,55.706251196448,1298.88998316225,23.3165,4
2026-01-22 16:59:52,563.5,1458.5,22.2514391221629,62.1044221035693,1017.17148692871,23.378,4
2026-01-22 17:02:36,564.0,1446.0,21.5900480891141,59.2453222320269,1046.80988593194,23.413,4
2026-01-22 17:05:20,560.0,1443.0,21.6838081932219,54.8496552802794,1170.67879366329,23.406,4
2026-01-22 17:08:04,553.5,1453.0,20.885583420706,66.4533260004382,821.824785628909,23.482,4
2026-01-22 17:10:48,551.0,1438.0,21.8966693637485,68.0700481724852,838.722913233294,23.538,4
2026-01-22 17:13:32,571.0,1450.0,23.0319377014529,67.5398660814983,913.570888899056,23.51,4
2026-01-22 17:16:16,600.0,1443.0,24.1976300232636,65.8385423546905,1031.27689652966,23.6225,4
2026-01-22 17:19:00,591.5,1445.0,,62.8309796595616,1158.50121450103,23.768,4
2026-01-22 17:21:44,586.5,1441.0,23.1130287583509,59.7960157477995,1137.00281910404,23.624,4
2026-01-22 17:24:28,569.5,1454.0,21.5951162168785,66.2726492714481,864.239188232291,23.796,4
2026-01-22 17:27:12,558.0,1432.5,21.4912199575046,55.8822775677363,1130.51335109089,23.9025,4
2026-01-22 17:29:56,566.0,1439.0,21.6533994964847,50.8393652198546,1272.2931333696,23.899,4
2026-01-22 17:32:40,564.0,1435.0,20.7892900828301,63.6270025706078,892.822258563484,23.9979999999999,4
2026-01-22 17:35:24,563.0,1444.0,21.5875140228308,69.0963898053711,796.580761002152,24.13,4
2026-01-22 17:38:08,578.0,1441.0,22.8545510752883,67.9792513242223,891.585130158253,24.0495,4
2026-01-22 17:40:52,590.5,1436.0,24.116537878901,66.0322644403265,1020.45593037221,24.006,4
2026-01-22 17:43:36,598.0,1441.5,,65.3217589032486,1091.08681568801,24.031,4
2026-01-22 17:46:20,589.0,1431.0,24.3040635758079,55.9819148070579,,24.1015,4
2026-01-22 17:49:04,575.0,1437.0,22.2311666485038,63.1419584378002,988.413791824286,23.949,4
2026-01-22 17:51:48,570.0,1449.0,21.7142169004364,57.9869395359793,1091.35939251731,24.0769999999999,4
2026-01-22 17:54:32,567.0,1441.0,21.6153886956308,55.8914362042964,1139.25311888923,24.037,4
2026-01-22 17:57:16,565.5,1441.0,20.8323686450312,64.1604736497859,876.249629456562,24.109,4
2026-01-22 18:00:00,567.0,1434.5,21.5596395015163,61.2799731455398,996.289240750426,24.288,4
2026-01-22 18:02:44,578.0,1435.5,22.6771647146961,64.8835114321878,968.580831217507,24.2445,4
2026-01-22 18:05:28,589.0,1423.0,23.8479207353957,64.3121156955324,1055.00639704379,24.215,4
2026-01-22 18:08:12,598.0,1438.5,,63.7171582395927,1132.3464050369,24.2445,4
2026-01-22 18:10:56,597.0,1439.5,,60.1118226293078,1255.56262610693,24.127,4
2026-01-22 18:13:40,583.0,1431.0,23.0167331595439,62.0176716911021,1068.10318649249,24.295,4
2026-01-22 18:16:24,565.0,1433.0,21.5469691404141,67.3163657279654,847.961187131183,24.191,4
2026-01-22 18:19:08,561.0,1446.0,21.7674321694212,54.1947457798541,1193.75757660773,24.232,4
2026-01-22 18:21:52,561.0,1434.0,21.2175426612666,61.9071413374605,959.899415235999,24.308,4
2026-01-22 18:24:36,557.0,1432.5,20.9185258565994,59.123635440719,1011.38142317932,24.234,4
2026-01-22 18:27:20,554.0,1437.0,21.2074064814078,51.4831870685449,1224.85343649022,24.223,4
2026-01-22 18:30:04,551.5,1439.0,20.9438662254833,70.3221288733084,738.416326176627,24.259,4
2026-01-22 18:32:48,557.0,1435.5,22.0740540646947,70.1663767094375,792.176856064496,24.3275,4
2026-01-22 18:35:32,573.0,1423.0,23.4728717096149,67.6260020240921,935.730714769201,24.138,4
2026-01-22 18:38:16,581.0,1430.0,24.45104345461,66.1242195473634,1038.28696306564,24.2255,4
2026-01-22 18:41:00,587.0,1420.0,,65.8958232397364,1078.2430944871,24.227,4
2026-01-22 18:43:44,584.0,1413.0,24.157083941769,57.3625881243433,1289.76029607716,24.2605,4
2026-01-22 18:46:28,569.0,1430.5,22.0968607503018,64.0536435141961,945.675536579249,24.131,4
2026-01-22 18:49:12,554.0,1441.0,21.8206474581966,55.7854324740001,1156.75077167409,24.103,4
2026-01-22 18:51:56,545.5,1426.0,21.5266967061907,57.1485641137211,1100.45079141089,24.155,4
2026-01-22 18:54:40,539.5,1431.0,20.926127962899,64.100931570102,891.446503950963,24.009,4
2026-01-22 18:57:24,548.0,1410.0,21.2023383919149,51.646957716199,1217.30959523057,24.031,4
2026-01-22 19:00:08,542.0,1433.0,20.9920129791862,58.8270556843469,1023.55894208802,24.0595,4
2026-01-22 19:02:52,545.5,1430.0,21.4810837462137,70.4201029357092,757.512664325442,24.123,4
2026-01-22 19:05:36,564.0,1426.0,22.8140056422271,68.2458959673999,882.02240381635,24.081,4
2026-01-22 19:08:20,576.0,1426.5,24.0709235804388,66.123270396491,1014.94145188281,23.9695,4
2026-01-22 19:11:04,585.5,1422.0,,65.4195488302069,1083.08137465782,24.015,4
2026-01-22 19:13:48,577.0,1408.0,24.2077665465476,59.0924208061565,1215.16819358826,23.9455,4
2026-01-22 19:16:32,552.0,1423.5,22.1678147738712,64.8093190492174,940.756370918112,23.857,4
2026-01-22 19:19:16,547.5,1425.5,21.3797216973325,62.6919945176972,946.27487263532,23.991,4
2026-01-22 19:22:00,543.5,1416.5,21.6381951533549,51.3269913482805,1259.86529980608,23.747,4
2026-01-22 19:24:44,532.0,1425.0,20.8931854832044,61.5939293614628,948.709829126644,23.8789999999999,4
2026-01-22 19:27:28,526.0,1415.0,21.2935641614021,71.1968297755922,727.004354189021,23.912,4
2026-01-22 19:30:12,534.0,1410.0,22.6062103066651,68.7486372419259,857.105768345253,23.8699999999999,4
2026-01-22 19:32:56,551.0,1417.0,23.8631254079809,66.7611095734603,983.48586548466,23.783,4
2026-01-22 19:35:40,562.0,1417.0,,65.8759827172372,1060.7456666343,23.88,4
2026-01-22 19:38:24,566.5,1412.5,,65.6190305424464,1098.66797139821,23.791,4
2026-01-22 19:41:08,563.0,1422.0,23.9391493675357,57.9549062364248,1272.85593469411,23.8134999999999,4
2026-01-22 19:43:52,542.0,1411.0,22.1551443324424,64.5946398489565,944.777905866076,23.827,4
2026-01-22 19:46:36,529.0,1425.5,21.5266967063362,60.0793332890714,1023.81481185601,23.801,4
2026-01-22 19:49:20,538.0,1418.0,21.4962880635866,55.1233598256301,1150.31722883724,23.8235,4
2026-01-22 19:52:04,526.0,1418.0,20.9007876014366,60.9389915175634,959.436600197425,23.756,4
2026-01-22 19:54:48,536.0,1422.5,21.2783597648667,51.9589448454578,1205.32638072882,23.831,4
2026-01-22 19:57:32,533.0,1409.0,21.1440553918509,74.1561460819483,665.199316604735,23.764,4
2026-01-22 20:00:16,535.0,1410.0,22.4997788015753,71.0416991582918,789.102227301641,23.7145,4
2026-01-22 20:03:00,559.0,1413.0,23.9442173899442,67.9621515114275,952.634094357812,23.666,4
2026-01-22 20:05:44,566.0,1393.0,,66.8691403390787,1031.5732214602,23.652,4
2026-01-22 20:08:28,567.0,1415.5,,66.2322571791979,1084.11608769622,23.831,4
2026-01-22 20:11:12,565.0,1405.0,23.8124430011084,57.8456637817303,1243.48660935601,23.697,4
2026-01-22 20:13:56,551.5,1411.0,22.0740540646947,65.5730539812732,914.144071452576,23.791,4
2026-01-22 20:16:40,538.0,1408.0,21.4633453801652,60.8785573028907,1000.37146137022,23.718,4
2026-01-22 20:19:24,546.0,1408.0,21.6939444277959,50.3011827444407,1291.80931805932,23.65,4
2026-01-22 20:22:08,544.5,1413.0,20.9464002670283,61.8762385114771,944.87925232353,23.8365,4
2026-01-22 20:24:52,541.5,1408.0,20.8374367132782,57.0537166229618,1057.23233870512,23.738,4
2026-01-22 20:27:36,536.0,1399.5,21.2251448318857,53.0635089966829,1180.81505761472,23.842,4
2026-01-22 20:30:20,554.0,1404.5,21.5672415792942,72.0426272552971,718.076992014066,23.723,4
2026-01-22 20:33:04,564.0,1408.0,23.0927561134158,68.470441403688,890.740235076714,23.797,4
2026-01-22 20:35:48,571.0,1413.0,24.2989953084907,66.2143484987782,1026.14421526849,23.7875,4
2026-01-22 20:38:32,579.5,1402.5,,65.696939520159,1080.97151188543,23.805,4
2026-01-22 20:41:16,579.0,1410.0,,64.9586231559654,1129.94144828688,23.726,4
2026-01-22 20:44:00,579.5,1401.0,23.3461662234331,61.0259562196581,1117.84336377962,23.705,4
2026-01-22 20:46:44,546.5,1411.0,21.856124339305,67.2908313638232,867.995532214849,23.7355,4
2026-01-22 20:49:28,547.0,1394.0,21.6888763140013,55.3366908436664,1158.45506066861,23.774,4
2026-01-22 20:52:12,549.0,1401.0,21.622990810225,52.8931272011426,1216.87734784458,23.697,4
2026-01-22 20:54:56,543.0,1406.0,20.8881174117559,63.7770178810503,880.389215029821,23.67,4
2026-01-22 20:57:40,547.0,1386.0,20.9134577836957,56.4827057562013,1098.00819875897,23.646,4
2026-01-22 21:00:24,550.5,1406.0,22.0183045488374,61.0971133225947,1029.49161154642,23.679,4
2026-01-22 21:03:08,559.0,1391.0,21.7471598137781,70.7655146853686,761.710045314945,23.6379999999999,4
2026-01-22 21:05:52,564.5,1375.0,20.7310073412081,87.3380837148758,309.864225471327,23.528,4
2026-01-22 21:08:36,559.0,1370.0,20.4801386178151,81.0189841241767,457.086986996136,23.495,4
2026-01-22 21:11:20,563.5,1391.0,20.2242025683226,79.339174239135,489.750263762131,23.4635,4
2026-01-22 21:14:04,563.0,1375.0,20.0189474651269,79.1310866307783,488.731623180742,23.471,4
2026-01-22 21:16:48,562.0,1372.0,19.8238288555294,79.3620578209649,477.234804024752,23.4235,4
2026-01-22 21:19:32,555.0,1391.0,19.6920606904022,79.7478787392179,464.64940157742,23.468,4
2026-01-22 21:22:16,554.0,,19.5602927193976,80.2402575117899,449.5161896105,23.4384999999999,4
2026-01-22 21:25:00,556.5,,19.4462629047484,80.7267473155869,435.353481398234,23.39,4
2026-01-22 21:27:44,559.0,1414.0,19.3474371839547,81.116594634692,423.933547748905,23.3645,4
2026-01-22 21:30:28,558.5,1415.0,19.2714174748689,81.5600345221511,412.024895694102,23.432,4
2026-01-22 21:33:12,564.0,1397.0,19.2106017537007,81.88531216964,403.226494123556,23.3239999999999,4
2026-01-22 21:35:56,552.5,1378.0,19.1396501326526,82.2104644076859,394.384827168586,23.364,4
2026-01-22 21:38:40,551.0,,19.0813684866443,82.5835737384611,384.574045228122,23.3095,4
2026-01-22 21:41:24,550.0,,19.0382907729654,82.8510769067315,377.770795154323,23.327,4
2026-01-22 21:44:08,544.0,,18.982543174905,83.1351839053352,370.105704785365,23.268,4
2026-01-22 21:46:52,549.0,,18.9419994890922,83.3887137037211,363.620599222044,23.276,4
2026-01-22 21:49:36,552.0,1410.0,18.9141257160372,83.5865334728012,358.66573885905,23.247,4
2026-01-22 21:52:20,548.0,1410.0,18.8710480839945,83.7664823125145,353.780705085872,23.2035,4
2026-01-22 21:55:04,545.0,1422.0,18.8355724029825,84.0013865224863,347.889993541394,23.153,4
2026-01-22 21:57:48,550.0,1402.0,18.805164687481,84.2259223500453,342.356220803396,23.1244999999999,4
2026-01-22 22:00:32,545.5,1411.0,18.7772909576451,84.4018939226062,337.94787763587,23.091,4
2026-01-22 22:03:16,551.0,1390.0,18.7494172365404,84.5837844796335,333.531291943912,23.0875,4
2026-01-22 22:06:00,551.0,,18.7215435243124,84.7401926643379,329.468349211307,23.092,4
2026-01-22 22:08:44,552.0,,18.6936698208155,84.9079420069247,325.279007382183,23.054,4
2026-01-22 22:11:28,548.0,,18.6759320141427,85.0361008353814,322.159328962562,23.005,4
2026-01-22 22:14:12,559.0,1414.0,18.6379224403062,85.2000114912085,317.873718301162,22.981,4
2026-01-22 22:16:56,547.5,1437.0,18.6125827335345,85.3208224094708,314.579894913043,22.941,4
2026-01-22 22:19:40,544.0,1407.0,18.5948449431598,85.4773570783982,311.126659466352,22.9615,4
2026-01-22 22:22:24,549.0,1417.5,18.5771071562776,85.6105858394924,307.881513158363,22.954,4
2026-01-22 22:25:08,548.0,,18.5568354043934,85.7822493729819,303.919162334435,22.936,4
2026-01-22 22:27:52,548.0,1415.0,18.5365636568749,85.8336702054834,302.3399815025,22.891,4
2026-01-22 22:30:36,546.0,1426.0,18.516291914304,85.956019865042,,22.894,4
2026-01-22 22:33:20,547.5,1421.0,18.4909522423113,86.0940458371704,,22.882,4
2026-01-22 22:36:04,549.0,1417.5,18.4732144763838,86.1919996090237,,22.776,4
2026-01-22 22:38:48,542.0,1422.5,18.4605446456989,86.3018712593422,,22.7485,4
2026-01-22 22:41:32,553.0,1433.0,18.4428068858833,86.3973721541281,,22.76,4
2026-01-22 22:44:16,545.0,1432.5,18.430137059564,86.5258916905168,,22.8345,4
2026-01-22 22:47:00,547.0,1433.5,18.4098653412947,86.6370503979605,,22.765,4
2026-01-22 22:49:44,550.0,1417.5,18.3895936276821,86.743339122755,,22.7545,4
2026-01-22 22:52:28,550.0,1433.0,18.3794577726221,86.8372040109248,,22.693,4
2026-01-22 22:55:12,549.0,1426.5,18.3591860659944,86.9034480671765,,22.7235,4
2026-01-22 22:57:56,546.0,1434.0,18.3389143640233,86.9801336472211,,22.612,4
2026-01-22 23:00:40,548.0,1423.0,18.3161087049084,87.0571825696692,,22.64,4
2026-01-22 23:03:24,551.0,1434.0,18.298370974051,87.1168718119797,,22.589,4
2026-01-22 23:06:08,550.0,1431.0,18.2780992866319,87.174973314288,,22.625,4
2026-01-22 23:08:52,548.0,1425.0,18.2628955231048,87.2541446058664,,22.546,4
2026-01-22 23:11:36,552.0,1452.0,18.2476917627791,87.3122355091465,,22.741,4
2026-01-22 23:14:20,548.0,1439.0,18.2324880050728,87.3805746181025,,22.594,4
2026-01-22 23:17:04,546.0,1429.0,18.2147502910956,87.4518930457046,,22.588,4
2026-01-22 23:19:48,550.0,1438.0,18.197012580611,87.5183642788494,,22.576,4
2026-01-22 23:22:32,549.5,,18.1868767476698,87.561780977726,,22.457,4
2026-01-22 23:25:16,541.0,1431.5,18.1716730004409,87.568474567426,,22.476,4
2026-01-22 23:28:00,549.5,,18.1564692558313,87.6367845603097,,22.521,4
2026-01-22 23:30:44,554.0,1439.0,18.1361976004263,87.6683754192305,,22.4095,4
2026-01-22 23:33:28,555.0,1443.0,18.1235278181993,87.7301296197485,,22.403,4
2026-01-22 23:36:12,552.0,1458.0,18.1057901260501,87.7725283179052,,22.406,4
2026-01-22 23:38:56,553.0,1433.0,18.0855184822867,87.8291473120922,,22.37,4
2026-01-22 23:41:40,559.0,1424.5,18.0779166171123,87.8691221000257,,22.4264999999999,4
2026-01-22 23:44:24,547.0,,18.0601789341308,87.8857582454292,,22.36,4
2026-01-22 23:47:08,551.0,1434.5,18.0424412547872,87.9380995401247,,22.305,4
2026-01-22 23:49:52,551.0,1444.0,18.0348393932508,88.0018191795983,,22.289,4
2026-01-22 23:52:36,550.0,1452.0,18.0145677657856,88.0019447558814,,22.312,4
2026-01-22 23:55:20,551.5,1447.0,18.0044319537992,88.0632409605485,,22.305,4
2026-01-22 23:58:04,544.0,1467.0,19.4411954664537,83.0880992816625,382.551988014222,22.201,4
2026-01-23 00:00:48,552.0,1469.0,21.0401596818119,76.3847554478762,588.637020330635,22.302,4
2026-01-23 00:03:32,558.0,,19.3449032423814,82.0613578464447,402.722453514936,22.267,4
2026-01-23 00:06:16,560.0,1428.0,18.7443492882011,84.7994951331371,328.656081335531,22.2275,4
2026-01-23 00:09:00,554.5,1446.0,18.518825883526,85.807386935131,302.566797227277,22.272,4
2026-01-23 00:11:44,557.0,1444.0,18.3743898455286,86.3736681448356,,22.118,4
2026-01-23 00:14:28,553.0,1440.5,18.2755653257045,86.7821956183636,,22.174,4
2026-01-23 00:17:12,558.0,1456.5,18.2071484147163,87.0315965014154,,22.1025,4
2026-01-23 00:19:56,551.0,1440.0,18.1514013415435,87.2525630649789,,22.194,4
2026-01-23 00:22:40,555.0,1467.0,18.1032561706524,87.4337530982353,,22.15,4
2026-01-23 00:25:24,549.5,1475.0,18.07031475252,87.535501641357,,22.132,4
2026-01-23 00:28:08,553.0,,18.0373733470478,87.6912884399381,,22.025,4
2026-01-23 00:30:52,550.0,1458.0,18.0094998596468,87.7989677473467,,22.08,4
2026-01-23 00:33:36,552.0,1459.0,20.0113457530387,80.4128357684496,458.609050604612,22.116,4
2026-01-23 00:36:20,557.0,1459.0,20.8120963749534,75.9886668272375,590.17967212899,22.1045,4
2026-01-23 00:39:04,563.0,1442.0,19.1776599575096,82.6094189929713,386.357938565399,22.005,4
2026-01-23 00:41:48,559.0,1450.5,18.6581942109623,84.9529549058403,323.590085576723,22.015,4
2026-01-23 00:44:32,555.5,1457.0,18.4377389560249,85.896095097992,,22.078,4
2026-01-23 00:47:16,550.0,1468.0,18.298370974051,86.4357151248247,,21.9835,4
2026-01-23 00:50:00,551.0,1451.5,18.2046144564083,86.8501124770855,,21.954,4
2026-01-23 00:52:44,557.0,1441.5,18.1311296873027,87.1042985940566,,21.9309999999999,4
2026-01-23 00:55:28,549.5,1443.0,18.0829845274711,87.3666076788684,,21.891,4
2026-01-23 00:58:12,550.0,1447.0,18.029771485948,87.5844545609864,,21.915,4
2026-01-23 01:00:56,551.0,1447.5,18.029771485948,87.6518853024954,,21.954,4
2026-01-23 01:03:40,554.0,1463.0,20.8273007260868,76.8056977057934,570.811189344253,21.903,4
2026-01-23 01:06:24,559.0,1451.0,19.9505292011017,79.079853934982,487.572853612031,21.842,4
2026-01-23 01:09:08,560.0,1463.0,18.8938538996881,83.6874558129208,356.025938137993,21.868,4
2026-01-23 01:11:52,559.5,1483.0,18.5365636568749,85.3733694729127,312.163790279342,21.868,4
2026-01-23 01:14:36,557.0,1456.0,18.3490502150089,86.1463060277612,,21.796,4
2026-01-23 01:17:20,552.5,1452.5,18.2223521680571,86.6113421504822,,21.783,4
2026-01-23 01:20:04,550.0,1453.5,18.1387315571337,86.9780519659996,,21.823,4
2026-01-23 01:22:48,547.0,1451.5,18.0804505720734,87.2608906698197,,21.85,4
2026-01-23 01:25:32,551.5,1465.0,18.0297714860935,87.4922703946138,,21.734,4
2026-01-23 01:28:16,556.0,1462.0,19.7782167756522,81.0603601272513,436.726294767068,21.743,4
2026-01-23 01:31:00,555.0,1467.0,20.8729132573644,76.026581579746,591.446805369472,21.736,4
2026-01-23 01:33:44,563.0,1470.0,19.2004658043442,82.1612076245465,396.834553204358,21.731,4
2026-01-23 01:36:28,561.0,1476.0,18.6556602455239,84.6492617453535,330.07521516276,21.695,4
2026-01-23 01:39:12,553.0,1452.0,18.3997294839064,85.781020220792,300.873506853852,21.692,4
2026-01-23 01:41:56,554.5,1466.0,18.2679634437954,86.3349977681566,,21.662,4
2026-01-23 01:44:40,559.0,1441.0,18.1640711281361,86.805074517835,,21.6779999999999,4
2026-01-23 01:47:24,552.0,1457.0,18.1007222146727,87.084703079648,,21.717,4
2026-01-23 01:50:08,546.0,1453.0,18.0145677657856,87.3616791303451,,21.599,4
2026-01-23 01:52:52,561.0,1442.5,19.2106017537007,83.4106954168428,369.272006763661,21.633,4
2026-01-23 01:55:36,560.0,1452.0,20.895719586304,75.8155561621422,597.496685511801,21.602,4
2026-01-23 01:58:20,560.0,,19.403185012663,81.1926201315034,423.693444379793,21.599,4
2026-01-23 02:01:04,562.0,1478.0,18.6835339401441,84.3947889139598,336.135311773939,21.559,4
2026-01-23 02:03:48,548.0,1443.0,18.4250691295601,85.6321660424913,304.506456195938,21.5665,4
2026-01-23 02:06:32,562.0,1439.0,18.2527596831787,86.3062843208503,,21.566,4
2026-01-23 02:09:16,552.0,1461.0,18.1463334275467,86.7490338810797,,21.5735,4
2026-01-23 02:12:00,551.5,1458.5,18.0601789342763,87.1180554792769,,21.526,4
2026-01-23 02:14:44,550.0,1448.0,18.0044319537992,87.3648231382527,,21.581,4
2026-01-23 02:17:28,553.0,1458.0,20.0924341120116,79.6148182190605,479.699341816301,21.526,4
2026-01-23 02:20:12,556.0,1453.0,20.7918241095321,75.5829827107732,599.403098430446,21.5054999999999,4
2026-01-23 02:22:56,564.5,1476.0,19.3322332367824,82.8476104301689,384.708043451075,21.454,4
2026-01-23 02:25:40,565.0,1467.0,18.6733980513236,84.9789318408232,323.345521240397,21.548,4
2026-01-23 02:28:24,562.5,1459.0,18.3997294839064,85.8838719234488,,21.551,4
2026-01-23 02:31:08,559.0,1459.0,18.2274200870015,86.4712369251987,,21.597,4
2026-01-23 02:33:52,555.0,1466.0,18.1209938619285,86.8598165645088,,21.583,4
2026-01-23 02:36:36,554.0,1466.0,18.0297714860935,87.1579329242351,,21.559,4
2026-01-23 02:39:20,556.5,1445.0,18.5416315932816,85.9804181105252,,21.462,4
2026-01-23 02:42:04,557.0,1470.0,20.8982536458934,75.6737875492123,601.102875647456,21.572,4
2026-01-23 02:44:48,560.0,1469.0,19.6211086809635,80.0720138576996,455.058892590165,21.5765,4
2026-01-23 02:47:32,565.0,1464.0,18.7468832728482,83.9433977485529,347.231719609355,21.562,4
2026-01-23 02:50:16,556.0,1462.0,18.4200011998473,85.4042331737154,309.238952587468,21.5405,4
2026-01-23 02:53:00,555.5,1464.0,18.2400898839259,86.1155284698942,,21.582,4
2026-01-23 02:55:44,555.0,1445.5,18.1209938619285,86.611032433643,,21.47,4
2026-01-23 02:58:28,551.0,1446.0,18.0348393938329,87.0254683130004,,21.542,4
2026-01-23 03:01:12,559.0,1465.0,18.5314957207592,85.8981015446585,300.869392776099,21.5675,4
2026-01-23 03:03:56,556.0,1470.0,21.0452277619915,75.5003509079395,610.871884241609,21.464,4
2026-01-23 03:06:40,563.0,1462.0,19.7655469020392,79.3536240673165,475.880535751672,21.531,4
2026-01-23 03:09:24,564.5,1489.0,18.7848928830644,83.7033942025975,353.249292125027,21.52,4
2026-01-23 03:12:08,558.0,1470.0,18.4402729227731,85.2493719520702,312.920157611606,21.4865,4
2026-01-23 03:14:52,551.5,1465.0,18.2527596825966,86.0032743219305,,21.552,4
2026-01-23 03:17:36,551.0,1465.0,18.1235278184904,86.5815622578945,,21.509,4
2026-01-23 03:20:20,557.0,,18.0348393932508,86.9692597151857,,21.505,4
2026-01-23 03:23:04,554.0,1457.5,18.2780996498477,86.5113877024693,,21.472,4
2026-01-23 03:25:48,553.0,1456.5,21.0655000856204,75.3108299823656,616.364053957702,21.472,4
2026-01-23 03:28:32,561.0,1468.0,19.8694410573516,79.7659500875989,469.363386435267,21.49,4
2026-01-23 03:31:16,563.0,1468.0,18.8761160396097,84.0652267649812,347.3800195328,21.471,4
2026-01-23 03:34:00,559.5,1486.0,18.4605446493369,85.476247228632,308.498063691301,21.489,4
2026-01-23 03:36:44,555.0,1482.5,18.2476917627791,86.1866974152912,,21.433,4
2026-01-23 03:39:28,557.0,1475.0,18.1159259502601,86.6402214325309,,21.415,4
2026-01-23 03:42:12,557.0,,18.0247035789361,87.0222053256329,,21.499,4
2026-01-23 03:44:56,550.5,1461.5,19.1852618824923,83.1204752041835,375.139625118229,21.508,4
2026-01-23 03:47:40,562.0,1464.0,20.8855834498099,75.5689863537816,603.213904660226,21.403,4
2026-01-23 03:50:24,562.0,1476.0,19.4842728263756,81.8633752530431,410.647576317372,21.445,4
2026-01-23 03:53:08,560.0,1477.0,18.7240775095415,84.5453505608136,333.737918054581,21.485,4
2026-01-23 03:55:52,560.0,1457.0,18.3946615556487,85.6451394591548,303.652271330413,21.631,4
2026-01-23 03:58:36,551.0,1491.0,18.2020804981002,86.2710016449812,,21.515,4
2026-01-23 04:01:20,561.5,,18.090586392791,86.6671823715711,,21.5054999999999,4
2026-01-23 04:04:04,555.0,,18.2958373550936,86.2498864694249,,21.468,4
2026-01-23 04:06:48,555.0,1505.0,21.0959085797949,75.2477830278575,619.092533896106,21.508,4
2026-01-23 04:09:32,557.0,1495.0,19.8846451047866,79.5523986032393,474.776777583769,21.433,4
2026-01-23 04:12:16,565.0,1512.0,18.8862519517133,83.9361441871347,350.415747660657,21.425,4
2026-01-23 04:15:00,565.0,1521.5,18.465612581378,85.3224672083907,311.864295441448,21.442,4
2026-01-23 04:17:44,557.0,1514.0,18.2375559240172,86.0286813224343,,21.3955,4
2026-01-23 04:20:28,563.0,,18.1108580383006,86.5044518366283,,21.418,4
2026-01-23 04:23:12,552.0,1514.5,18.0044319537992,86.9010149489231,,21.417,4
2026-01-23 04:25:56,553.5,1498.0,19.1801939091237,83.060261116839,376.359015061728,21.542,4
2026-01-23 04:28:40,554.0,1496.0,20.9058557984681,75.3139700051725,610.305303594011,21.41,4
2026-01-23 04:31:24,568.5,1491.5,19.5045447914453,81.5230531984007,418.880483691236,21.388,4
2026-01-23 04:34:08,562.0,1424.0,18.7088736651057,84.4543449275268,335.381098251606,21.4795,4
2026-01-23 04:36:52,556.5,1431.5,18.3642539922148,85.587739244366,304.285895859872,21.544,4
2026-01-23 04:39:36,558.0,1431.0,18.1894107075786,86.1857637548516,,21.566,4
2026-01-23 04:42:20,555.5,1427.0,18.0601789341308,86.6530229426026,,21.6085,4
2026-01-23 04:45:04,561.0,1428.0,18.2806335480563,86.2228207262422,,21.636,4
2026-01-23 04:47:48,563.0,1416.5,21.0959085797949,75.1111874206105,622.509008497342,21.6745,4
2026-01-23 04:50:32,565.0,1435.0,19.8846451047866,79.4000259259787,478.313697206137,21.683,4
2026-01-23 04:53:16,569.0,1432.0,18.8609121736371,83.8847266231132,350.981543250987,21.685,4
2026-01-23 04:56:00,565.0,1433.5,18.4402729227731,85.219592763237,313.551232017217,21.84,4
2026-01-23 04:58:44,561.0,1432.0,18.2274200864194,85.9518299156334,,21.8535,4
2026-01-23 05:01:28,560.0,1422.0,18.3135749015782,85.8554247302844,,21.87,4
2026-01-23 05:04:12,563.0,1421.0,20.1684542209841,78.6587061767638,504.140217373283,21.8955,4
2026-01-23 05:06:56,571.0,1429.5,21.0553639232239,75.2444329424679,617.637181079293,21.904,4
2026-01-23 05:09:40,581.0,1409.0,21.9650891743513,73.5452695183446,697.832940556801,21.933,4
2026-01-23 05:12:24,582.5,1435.0,22.6720965408021,72.6678561235405,752.617996284486,21.975,4
2026-01-23 05:15:08,577.0,1420.0,23.2726771839224,71.9110858928767,802.080652569508,21.995,4
2026-01-23 05:17:52,584.5,1428.0,23.6958735757507,71.5737559413904,832.672215203572,22.095,4
2026-01-23 05:20:36,583.0,1430.0,23.9923656781465,71.0019572907123,867.594010960062,22.084,4
2026-01-23 05:23:20,575.0,1423.5,23.5235538376728,69.5230319365682,894.377305479251,22.1495,4
2026-01-23 05:26:04,566.0,1420.0,22.9128351617982,61.7866712680721,1067.55892714532,22.206,4
2026-01-23 05:28:48,558.0,1409.0,21.9574869353382,53.8296550323997,1241.57235396015,22.2524999999999,4
2026-01-23 05:31:32,537.5,1436.0,21.334108820447,75.9713666006572,616.062373870997,22.224,4
2026-01-23 05:34:16,542.0,1419.5,22.2007576407922,72.8841469896762,725.587365632005,22.233,4
2026-01-23 05:37:00,555.5,1420.0,23.4323259145021,70.5480825926173,849.163022889835,22.196,4
2026-01-23 05:39:44,572.0,1419.0,24.1722887201467,69.2062893585491,928.199432304989,22.369,4
2026-01-23 05:42:28,564.0,1433.5,,68.8182498915806,964.015041244249,22.467,4
2026-01-23 05:45:12,561.5,1427.0,,67.7321147918142,1001.06156271636,22.5144999999999,4
2026-01-23 05:47:56,557.0,1422.0,23.3867119323986,58.2675202398201,1243.85082530394,22.633,4
2026-01-23 05:50:40,542.0,1416.0,21.4354708867904,64.8344773115616,887.024137069178,22.616,4
2026-01-23 05:53:24,528.5,1439.0,21.3797216973325,64.6645335259682,899.50760314017,22.575,4
2026-01-23 05:56:08,533.0,1448.0,22.4034837694198,66.6149937528989,904.424653044562,22.679,4
2026-01-23 05:58:52,549.5,1454.0,23.4931445070542,66.1652739356508,979.076014155002,22.691,4
2026-01-23 06:01:36,554.0,1441.5,24.2964611854549,65.5071234504567,1047.94727490052,22.692,4
2026-01-23 06:04:20,559.5,1423.0,,65.5187866142091,1081.3304756944,22.7644999999999,4
2026-01-23 06:07:04,562.5,1443.0,,64.6433746238195,1120.61723802646,22.718,4
2026-01-23 06:09:48,553.0,1438.5,23.3664390755875,59.0133818406869,1177.00585286404,22.848,4
2026-01-23 06:12:32,537.0,1442.0,21.5419010896293,65.7418142536406,871.904578593407,22.95,4
2026-01-23 06:15:16,524.0,1446.0,21.5013561699597,65.14344445219,898.312601365652,22.991,4
2026-01-23 06:18:00,528.0,1437.5,22.5935399019072,66.1349372717176,928.073977151795,23.083,4
2026-01-23 06:20:44,546.0,1435.0,23.6350548062473,65.7661757205593,999.126825883275,22.9975,4
2026-01-23 06:23:28,552.5,1433.0,24.4763848553702,65.0675745570683,1073.54630988049,23.067,4
2026-01-23 06:26:12,554.0,1433.0,,65.0950125832154,1104.96121426572,23.09,4
2026-01-23 06:28:56,560.5,1436.0,,65.1432049932621,1119.93341318876,23.193,4
2026-01-23 06:31:40,554.0,1438.0,24.0430483708187,56.6131063914505,1276.29506727322,23.1105,4
2026-01-23 06:34:24,541.0,1440.0,22.0031001415336,63.4761465978359,965.639778297208,23.089,4
2026-01-23 06:37:08,529.0,1436.0,21.3518471604475,59.7399274554163,1040.73136814822,23.131,4
2026-01-23 06:39:52,528.5,1445.0,22.4186882171779,62.3497756227294,1020.91333669199,23.247,4
2026-01-23 06:42:36,535.0,1437.0,23.2093246636213,64.0401438624568,1017.17656804693,23.203,4
2026-01-23 06:45:20,551.0,1438.0,24.3496779947599,63.1652426592385,1122.35189575703,23.28,4
2026-01-23 06:48:04,555.0,1433.5,,63.308414290817,1156.69098631755,23.086,4
2026-01-23 06:50:48,555.0,1452.5,,63.7025032695012,1167.19607952977,23.398,4
2026-01-23 06:53:32,551.0,1452.0,23.9087399628479,59.6975428116051,1196.1713030624,23.394,4
2026-01-23 06:56:16,533.0,1435.0,21.8966693637485,65.5952568215236,903.729720094006,23.4125,4
2026-01-23 06:59:00,531.5,1442.5,21.4633454290597,61.8319615407171,994.91045444507,23.375,4
2026-01-23 07:01:44,533.0,1420.0,22.5200514593161,63.6919649361371,990.598013598065,23.497,4
2026-01-23 07:04:28,543.5,1445.0,23.4728717027755,64.254959263409,1033.13921766598,23.504,4
2026-01-23 07:07:12,554.0,1440.0,24.45104345461,63.6322981556983,1117.15955867764,23.5724999999999,4
2026-01-23 07:09:56,563.5,1444.0,,63.668165952161,1149.15924611346,23.507,4
2026-01-23 07:12:40,563.0,1434.0,,64.0165590823431,1158.57391829512,23.5619999999999,4
2026-01-23 07:15:24,566.5,1445.5,,56.9509882343327,,23.613,4
2026-01-23 07:18:08,551.0,1451.0,22.3832112408999,62.4868053264596,1017.92504427155,23.7239999999999,4
2026-01-23 07:20:52,537.5,1446.5,21.3594493015261,64.8891599758425,888.336463806116,23.683,4
2026-01-23 07:23:36,542.0,1446.0,22.2184962363244,63.5459031560588,976.520181061627,23.776,4
2026-01-23 07:26:20,547.5,1453.0,23.0522103904804,64.4832462976688,995.376078115929,23.793,4
2026-01-23 07:29:04,560.0,1432.0,24.2989953457436,63.5436701501468,1109.24381068325,23.736,4
2026-01-23 07:31:48,570.0,1442.0,,63.6203274646189,1145.47794575688,23.883,4
2026-01-23 07:34:32,575.0,1439.0,,63.8206941213278,1169.02471219013,,4
2026-01-23 07:37:16,581.0,1425.5,,60.5200430035366,1266.56367388712,,4
2026-01-23 07:40:00,568.0,1449.0,23.2524045474274,58.8032771279257,1175.42159680573,23.827,4
2026-01-23 07:42:44,552.0,1428.5,21.7091487818397,65.7155698339321,893.275253265996,23.8,4
2026-01-23 07:45:28,544.5,1437.0,21.6863423391041,61.0215838799484,1014.99004755721,23.781,4
2026-01-23 07:48:12,549.0,1447.0,22.7075737641716,63.4713549613817,1013.88567254569,23.7455,4
2026-01-23 07:50:56,564.5,1438.0,23.7262829762185,63.4614596062217,1072.26024700084,23.819,4
2026-01-23 07:53:40,571.0,1442.0,,62.9328598519947,1150.07730116378,23.7509999999999,4
2026-01-23 07:56:24,579.5,1439.0,,63.1917601821643,1177.65256427277,23.759,4
2026-01-23 07:59:08,584.0,1432.0,,63.4194056028583,1190.61137233648,23.865,4
2026-01-23 08:01:52,569.0,1439.0,,57.1974574570026,,23.754,4
2026-01-23 08:04:36,552.0,1437.0,22.3122570872365,64.7681970498953,944.591188845093,23.809,4
2026-01-23 08:07:20,544.5,1436.0,21.4557432230794,61.4639942733174,985.340684265701,23.8685,4
2026-01-23 08:10:04,542.0,1432.0,22.1956895584298,60.3800079764418,1059.80019938659,23.624,4
2026-01-23 08:12:48,546.5,1440.5,23.0116648351831,63.1522806559424,1037.21577358884,23.871,4
2026-01-23 08:15:32,558.0,1444.0,24.2559150978486,62.5350260140025,1134.99091325758,23.88,4
2026-01-23 08:18:16,569.0,1447.0,,62.5062665203944,1185.55157183892,23.8365,4
2026-01-23 08:21:00,569.5,1453.0,,62.8758646809891,1199.29638646931,23.963,4
2026-01-23 08:23:44,571.5,1442.0,,72.8696177734185,847.27780070447,23.9915,4
2026-01-23 08:26:28,564.5,1435.5,23.5286220977141,55.8837546744795,1279.20691270142,24.134,4
2026-01-23 08:29:12,555.0,1445.5,22.1500761885254,59.6459953785282,1076.49831760167,23.982,4
2026-01-23 08:31:56,532.5,1438.5,21.156725599576,66.5475606836854,839.827293790609,24.164,4
2026-01-23 08:34:40,529.0,1443.0,22.0588497247663,68.0230711913569,848.369675810543,24.0185,4
2026-01-23 08:37:24,543.5,1435.0,23.1028923607955,66.5033573141764,941.565351387024,24.039,4
2026-01-23 08:40:08,556.0,1453.0,24.3370073510595,65.1707206734105,1060.26941954424,24.064,4
2026-01-23 08:42:52,565.5,1452.0,,64.7179860695145,1122.19289774411,24.065,4
2026-01-23 08:45:36,569.0,1451.0,,64.9536620857319,1140.52327702611,24.03,4
2026-01-23 08:48:20,567.5,1439.0,,62.3823890664039,1209.3657968775,24.064,4
2026-01-23 08:51:04,554.0,1446.0,23.3791098859073,60.03220653465,1148.95424801895,24.085,4
2026-01-23 08:53:48,542.0,1447.0,21.856124339305,64.9283815266319,918.73927688477,24.112,4
2026-01-23 08:56:32,535.0,1460.0,21.6305929817172,54.3251789417779,1181.53449922357,24.246,4
2026-01-23 08:59:16,536.0,1457.5,21.4962880635866,68.6624199314962,803.023154985329,24.055,4
2026-01-23 09:02:00,530.0,1444.0,22.1956895712355,72.941065325496,723.982639031688,24.227,4
2026-01-23 09:04:44,552.0,1458.0,23.7212147420796,69.2639172013243,901.706370539182,24.2215,4
2026-01-23 09:07:28,556.0,1451.0,,67.4698649275956,1011.80895213008,24.116,4
2026-01-23 09:10:12,560.0,1457.0,,66.9687258197489,1061.91999516913,24.1445,4
2026-01-23 09:12:56,567.0,1452.0,,66.4025917580736,1101.45620411066,24.2,4
2026-01-23 09:15:40,567.0,1451.5,24.2888588808127,57.4986505837844,1284.60919507387,24.2685,4
2026-01-23 09:18:24,546.5,1450.0,22.4490971775958,63.0115044379507,1004.82449678959,24.345,4
2026-01-23 09:21:08,529.0,1450.0,21.5114923837245,63.2588197422739,937.044958575981,24.4135,4
2026-01-23 09:23:52,534.0,1445.0,21.65846761188,53.6321425934137,1200.386877804,24.236,4
2026-01-23 09:26:36,528.0,1456.0,21.3923919471126,74.0495658827579,664.612635181402,24.17,4
2026-01-23 09:29:20,537.5,1460.0,22.6873010633571,70.8246817047775,804.112596505931,24.3254999999999,4
2026-01-23 09:32:04,549.0,1466.0,24.1849594380619,67.762696717352,972.510259747916,24.314,4
2026-01-23 09:34:48,557.0,1457.0,,66.8380109785806,1044.33827593196,24.4125,4
2026-01-23 09:37:32,561.0,1456.0,,66.6733256513068,1080.49096557708,24.342,4
2026-01-23 09:40:16,565.0,1463.5,,65.0197583615215,1121.86931245637,24.3515,4
2026-01-23 09:43:00,552.0,1459.5,23.2118590238533,62.1144022508319,1082.54988629476,24.381,4
2026-01-23 09:45:44,534.0,1456.0,21.7395574977854,66.4510687531349,885.617988230381,24.4095,4
2026-01-23 09:48:28,522.5,1452.0,21.7066147270525,55.0979063738236,1165.918824287,24.424,4
2026-01-23 09:51:12,523.0,1460.0,21.5216285983624,53.2421787048791,1200.39690850529,24.6015,4
2026-01-23 09:53:56,517.5,1446.0,20.7816879785677,63.7911894655964,888.32073487547,24.609,4
2026-01-23 09:56:40,517.0,1458.0,21.7395576118724,67.3576583268808,849.305748986155,24.58,4
2026-01-23 09:59:24,527.0,1454.0,22.9001646541582,66.6556886807728,926.912888253445,24.571,4
2026-01-23 10:02:08,544.0,1443.0,24.212834841368,65.0310124392747,1056.63638687961,24.4859999999999,4
2026-01-23 10:04:52,552.0,1450.0,,64.6396362808941,1119.64128130752,24.512,4
2026-01-23 10:07:36,551.0,1449.0,,64.9408641466435,1129.74212272457,24.652,4
2026-01-23 10:10:20,553.0,1451.5,,57.091463128017,,24.7175,4
2026-01-23 10:13:04,532.0,1445.0,22.5631310995231,63.116142151003,1009.34075570915,24.626,4
2026-01-23 10:15:48,520.0,1443.0,21.6128545838,64.8270843139173,903.541823799578,24.5295,4
2026-01-23 10:18:32,519.0,1444.5,21.7116828411381,54.2181000449598,1184.9732298198,24.716,4
2026-01-23 10:21:16,511.0,1444.0,20.8019602416607,63.4471688207055,897.879806132648,24.72,4
2026-01-23 10:24:00,504.0,1439.0,21.1972704709332,65.2567893574368,874.441141949658,24.764,4
2026-01-23 10:26:44,519.0,1444.0,22.6163466471771,65.5496006349364,945.240250974765,24.755,4
2026-01-23 10:29:28,531.5,1432.5,23.8301819138723,64.7495233766296,1040.99239084711,24.725,4
2026-01-23 10:32:12,539.0,1438.0,,64.05179518177,1119.61414407198,24.631,4
2026-01-23 10:34:56,545.0,1438.5,,64.1298366551191,1152.85154585651,24.746,4
2026-01-23 10:37:40,545.0,1429.0,,64.2209328550464,1172.98826337138,24.8845,4
2026-01-23 10:40:24,540.5,1431.0,24.2331078598508,58.2395263661979,1263.36128984874,24.703,4
2026-01-23 10:43:08,527.0,1441.0,22.2590414205478,65.2408237685804,933.452767517198,24.707,4
2026-01-23 10:45:52,508.5,1432.5,21.7598299809033,58.1924277548634,1089.05108316531,24.7,4
2026-01-23 10:48:36,518.0,1434.0,21.6939444860036,55.3198420620901,1159.48797951026,24.561,4
2026-01-23 10:51:20,506.0,1438.0,20.8222325094102,63.3560811988869,896.755219498735,24.731,4
2026-01-23 10:54:04,508.0,1424.0,21.1313851841259,51.9363075248133,1204.83278654391,24.75,4
2026-01-23 10:56:48,508.0,1433.0,21.2530192999402,64.1409840645931,899.68502471234,24.785,4
2026-01-23 10:59:32,511.0,1425.0,22.1855532790359,68.2153063784867,849.797301073521,24.702,4
2026-01-23 11:02:16,523.0,1441.5,23.6097136646567,66.0015862173623,990.743868859023,24.613,4
2026-01-23 11:05:00,542.5,1422.0,,64.8497187445958,1084.57729729952,24.72,4
2026-01-23 11:07:44,548.0,1427.0,,64.6733413580519,1128.88813197497,24.632,4
2026-01-23 11:10:28,543.5,1422.0,23.954354082758,59.7025711199906,1199.17574464999,24.598,4
2026-01-23 11:13:12,523.0,1428.0,22.0233726851874,65.8609973624779,903.703460591032,24.6745,4
2026-01-23 11:15:56,507.0,1420.0,21.4861518517136,58.6255146553259,1059.88936118602,24.744,4
2026-01-23 11:18:40,508.0,1426.0,21.536832980928,55.86406770099,1134.41255767483,24.8395,4
2026-01-23 11:21:24,497.0,1423.5,20.7056670334422,65.7933754827916,823.627645831785,24.76,4
2026-01-23 11:24:08,502.0,1427.0,21.8333178734319,65.4212602423082,904.822140017699,24.8785,4
2026-01-23 11:26:52,520.0,1411.0,22.9204374038672,65.7494298422547,950.618555558824,24.667,4
2026-01-23 11:29:36,523.0,1415.5,24.2026983175019,64.38191067564,1075.58821654596,24.712,4
2026-01-23 11:32:20,533.0,1402.0,,64.0102972168676,1140.39857861453,24.7075,4
2026-01-23 11:35:04,529.0,1413.5,,64.0876471402925,1168.54562145426,24.812,4
2026-01-23 11:37:48,534.0,1424.0,,57.8655518084867,1294.78106695327,24.672,4
2026-01-23 11:40:32,518.5,1418.0,22.573267310232,63.7822639451575,999.25647764541,24.741,4
2026-01-23 11:43:16,505.0,1412.0,21.6483313813805,61.2725450275173,997.632024141447,24.8315,4
2026-01-23 11:46:00,507.0,1419.0,21.7572959232056,54.3403693323809,1189.614547459,24.744,4
2026-01-23 11:48:44,490.0,1416.0,20.9641385140421,62.9863137321568,908.633432596478,24.747,4
2026-01-23 11:51:28,493.0,1409.0,21.1364532573206,53.6224456702653,1162.89689957372,24.807,4
2026-01-23 11:54:12,498.0,1417.5,21.5824459115101,62.7148405265865,964.35441021108,24.6715,4
2026-01-23 11:56:56,497.5,1414.0,22.0537815093994,71.2944237907516,761.282886926148,24.797,4
2026-01-23 11:59:40,512.0,1414.5,23.6401231338095,67.7248439528268,942.340595534841,24.804,4
2026-01-23 12:02:24,524.5,1592.5,,66.0143608799894,1053.71414028851,24.694,4
2026-01-23 12:05:08,533.0,1413.0,,65.6433821775448,1102.12737868982,24.7975,4
2026-01-23 12:07:52,524.0,1421.0,,58.8867483009599,1274.01790134305,24.725,4
2026-01-23 12:10:36,508.5,1416.5,22.4085520217486,64.4115717741857,964.358513182246,24.699,4
2026-01-23 12:13:20,493.5,1412.0,21.5571053592721,61.9519401926936,978.309559349985,24.7895,4
2026-01-23 12:16:04,490.0,1401.0,21.7978409010829,51.0389275076478,1278.37795205992,24.62,4
2026-01-23 12:18:48,488.0,1412.0,21.0452277619915,60.2137833412289,992.025683546,24.86,4
2026-01-23 12:21:32,486.5,1409.0,20.8703792085434,61.7475589993684,971.551122916235,24.763,4
2026-01-23 12:24:16,495.0,1407.0,22.1956894942559,63.6682703841966,971.893248933352,24.716,4
2026-01-23 12:27:00,499.0,1402.5,23.3309616857441,64.2110675749909,1025.61072838175,24.792,4
2026-01-23 12:29:44,516.0,1436.0,,63.0127037267186,1137.78496184087,24.8375,4
2026-01-23 12:32:28,521.0,1452.5,,62.8311948937454,1190.55794391632,24.825,4
2026-01-23 12:35:12,519.0,1467.0,24.3395414551778,59.5050786844615,1232.90886306683,24.7644999999999,4
2026-01-23 12:37:56,506.5,1454.0,22.4541653386841,64.6395287585601,960.893551707441,24.741,4
2026-01-23 12:40:40,491.0,1459.0,21.7471596787363,59.6445089359934,1048.67222986777,24.774,4
2026-01-23 12:43:24,490.0,1462.0,21.8206474581966,54.4857516381481,1190.01688585969,24.619,4
2026-01-23 12:46:08,481.0,1453.0,20.845038817104,63.4611644285615,900.713020959296,24.612,4
2026-01-23 12:48:52,483.5,1453.0,21.1161809150653,52.6786890422798,1185.05514120085,24.766,4
2026-01-23 12:51:36,479.5,1455.0,21.4962880637322,62.9428332408792,951.082501075918,24.737,4
2026-01-23 12:54:20,483.5,1439.0,22.180485056393,69.532050337516,814.280140802945,24.6895,4
2026-01-23 12:57:04,497.0,1442.0,23.7871018995356,66.3512283702635,991.153344681977,24.767,4
2026-01-23 12:59:48,509.0,,,65.0149536581999,1091.284709901,24.78,4
2026-01-23 13:02:32,517.0,,,64.7307634627159,1138.83902659045,24.795,4
2026-01-23 13:05:16,519.0,,23.7414876803813,58.2349008661724,1226.76016950391,24.7329999999999,4
2026-01-23 13:08:00,519.0,,21.6838083516922,65.9726317201015,882.793604931994,24.779,4
2026-01-23 13:10:44,499.0,,21.3999940977955,59.5335929815773,1031.17446368112,24.783,4
2026-01-23 13:13:28,499.0,,21.6812741409085,50.8068750545335,1275.35518688673,24.799,4
2026-01-23 13:16:12,494.0,,20.8881174117559,61.615598455781,947.879193780761,24.7629999999999,4
2026-01-23 13:18:56,488.5,,21.0908404967049,66.4434575483525,839.008256447518,24.761,4
2026-01-23 13:21:40,490.0,,22.5276537517347,66.1639203000892,922.322166816984,24.7715,4
2026-01-23 13:24:24,512.0,,23.8884666223311,64.8770238218569,1040.81632470754,24.771,4
2026-01-23 13:27:08,526.0,,,63.7341616006018,1136.4080540219,24.747,4
2026-01-23 13:29:52,578.5,,,63.5857582181859,1152.46146470265,24.807,4
2026-01-23 13:32:36,565.0,,24.1874937112734,59.4437848911893,1210.85570184449,24.676,4
2026-01-23 13:35:20,562.0,,21.5571053592721,66.2850177062487,855.938876933,24.783,4
2026-01-23 13:38:04,576.0,,22.5099151940376,56.5277022994008,1185.5695372759,24.735,4
2026-01-23 13:40:48,589.0,,22.6062103066651,54.5578683521052,1246.30447199465,24.7105,4
2026-01-23 13:43:32,605.0,,22.4085519239597,70.9888029225686,807.672892220314,24.703,4
2026-01-23 13:46:16,632.0,,23.6401230354385,67.4963781345569,948.919643241521,24.6064999999999,4
2026-01-23 13:49:00,655.0,,23.6071796690957,56.1678822279496,1280.9506618343,24.727,4
2026-01-23 13:51:44,688.0,,20.1431140747445,67.5462185842936,759.471555290823,24.6349999999999,4
2026-01-23 13:54:28,734.0,,23.262541325952,63.3719193933108,1045.85800324819,24.645,4
2026-01-23 13:57:12,730.5,,24.4104972567001,66.668162876965,1019.14018710509,24.6615,4
2026-01-23 13:59:56,688.5,,23.5286220604612,69.3499514449378,901.927144629028,24.659,4
2026-01-23 14:02:40,691.0,,22.8266760253027,56.9869085694811,1207.98194961643,24.618,4
2026-01-23 14:05:24,660.0,,20.6397822673025,65.4215102389352,828.167833373636,24.644,4
2026-01-23 14:08:08,642.0,,21.3062343039346,51.666181692333,1224.71604129383,24.6545,4
2026-01-23 14:10:52,617.0,1415.0,20.3661076113639,59.1940100454268,975.791505139107,24.64,4
2026-01-23 14:13:36,620.0,1402.0,21.4177335661515,64.8217623217522,898.434411183364,24.703,4
2026-01-23 14:16:20,647.0,1408.0,24.2381761233846,59.3932141571796,1250.51787226831,24.6259999999999,4
2026-01-23 14:19:04,656.0,1416.5,23.1561085162829,72.3696378891854,785.693140117119,24.618,4
2026-01-23 14:21:48,672.0,1422.0,22.8494828002585,56.5362752038536,1174.93367453778,24.6075,4
2026-01-23 14:24:32,653.5,1424.5,20.4877407574385,67.0686070241464,790.213037846986,24.608,4
2026-01-23 14:27:16,648.0,1421.0,23.082619569177,64.2355518205428,1009.59180656081,24.5935,4
2026-01-23 14:30:00,671.0,1401.0,,63.1947461045069,1145.35851437969,24.531,4
2026-01-23 14:32:44,692.0,1425.5,23.6350548062473,70.0808113249916,879.347831285289,24.6525,4
2026-01-23 14:35:28,697.0,1435.0,23.0952901580167,57.4784403090797,1223.88129011994,24.749,4
2026-01-23 14:38:12,664.0,1418.0,21.445607015863,64.6659327969635,916.157859375131,24.5925,4
2026-01-23 14:40:56,656.5,1415.5,21.8763968491985,51.7394346379477,1268.47280270342,24.509,4
2026-01-23 14:43:40,637.0,1422.0,20.7943582446459,62.8599574838921,912.106602171634,24.742,4
2026-01-23 14:46:24,621.0,1396.0,21.7648981024103,64.2823312235575,931.454141607613,24.57,4
2026-01-23 14:49:08,643.0,1401.0,23.2194610035512,62.8902732166268,1056.05159010923,24.59,4
2026-01-23 14:51:52,664.0,1457.0,22.0943266246467,59.9899419994791,1063.70596789369,24.571,4
2026-01-23 14:54:36,643.0,1460.0,21.2175426985195,60.5218903413474,993.591961160127,24.539,4
2026-01-23 14:57:20,635.0,1437.0,21.5266967061907,52.7193417518548,1214.19590059197,24.4835,4
2026-01-23 15:00:04,636.0,1438.0,21.4785499689314,73.6035820021015,686.924763667402,24.477,4
2026-01-23 15:02:48,663.0,1439.0,22.9305737804679,60.7726022672847,1102.94487104608,24.4205,4
2026-01-23 15:05:32,692.0,1423.0,22.0791224034619,55.733546795419,1176.27123929965,24.402,4
2026-01-23 15:08:16,671.0,1401.0,21.3797216973325,68.112251640132,805.948802434366,24.419,4
2026-01-23 15:11:00,680.5,1424.0,23.1637107729038,63.9938007211722,1026.87778512902,24.472,4
2026-01-23 15:13:44,682.0,1436.0,22.1703487659397,59.2012238705456,1089.70715913778,24.3615,4
2026-01-23 15:16:28,665.0,1440.0,21.2504852620331,60.1602930846608,1003.05327011489,24.48,4
2026-01-23 15:19:12,650.0,1434.0,22.1551443324424,57.8520200160616,1124.70202522532,24.393,4
2026-01-23 15:21:56,675.5,1443.0,22.8241418842226,68.1037478032282,886.425160556758,24.418,4
2026-01-23 15:24:40,740.0,1417.0,22.4541653386841,58.1458505503529,1137.35425197709,24.4065,4
2026-01-23 15:27:24,795.0,1427.5,,,,24.256,4
2026-01-23 15:30:08,786.0,1458.0,,,,24.2715,4
2026-01-23 15:32:52,719.0,1439.0,20.0873658428026,73.2046742966471,622.183576021077,24.3,4
2026-01-23 15:35:36,726.0,1440.0,23.6705327246163,66.2776447818831,986.63841759871,24.29,4
2026-01-23 15:38:20,681.0,1445.0,,61.9662406260057,1175.74680795748,24.2365,4
2026-01-23 15:41:04,650.0,1424.0,24.3851560065522,58.0707984043943,1260.74702667654,24.24,4
2026-01-23 15:43:48,600.0,1417.0,22.3173250914551,64.6535465609171,952.558530042699,24.2155,4
2026-01-23 15:46:32,556.5,1450.0,22.1931554438342,54.0247164325437,1229.79754463512,24.116,4
2026-01-23 15:49:16,538.0,1453.0,21.65846761188,58.7817377620883,1067.07240497262,24.142,4
2026-01-23 15:52:00,528.0,1442.0,21.4304028470651,70.1259754735596,769.797223359856,24.099,4
2026-01-23 15:54:44,532.5,1435.0,23.3664390755875,66.6806232545228,956.826964614982,24.1995,4
2026-01-23 15:57:28,547.5,1425.5,22.9457785803824,57.6146321087939,1195.85404805686,24.146,4
2026-01-23 16:00:12,540.0,1406.0,21.3746535979444,66.1601187167107,874.160871667614,24.136,4
2026-01-23 16:02:56,528.0,1426.5,21.7091487818397,54.0082847421258,1194.34178377307,24.108,4
2026-01-23 16:05:40,539.0,1455.0,21.5140264401125,65.1124603045082,892.350185903307,24.1405,4
2026-01-23 16:08:24,540.5,1440.5,22.6720965408021,70.3019604084778,817.765307835926,24.187,4
2026-01-23 16:11:08,547.0,1426.5,23.2676089662272,55.8501641946946,1245.37584877043,24.044,4
2026-01-23 16:13:52,548.0,1433.5,21.8814649773994,61.9695284700493,998.042763064978,24.039,4
2026-01-23 16:16:36,528.0,1428.0,21.1643277381808,61.4895664150847,965.300818524342,24.034,4
2026-01-23 16:19:20,530.0,1409.0,21.9372144068183,59.1024417788783,1076.94007701664,24.0065,4
2026-01-23 16:22:04,545.0,1452.0,22.7937329344276,69.4917890920336,846.470060503865,23.979,4
2026-01-23 16:24:48,563.0,1468.5,23.3664390755875,56.2653337429175,1249.7790913949,23.9504999999999,4
2026-01-23 16:27:32,577.0,1463.0,21.6457973792712,65.3876552202672,895.527671283323,23.953,4
2026-01-23 16:30:16,589.0,1456.0,22.5251196244789,68.2049220409551,867.737199775384,23.9655,4
2026-01-23 16:33:00,596.5,1455.0,23.5108832951082,58.0071814703424,1206.84645771862,24.007,4
2026-01-23 16:35:44,581.0,1444.5,22.0791222042462,62.3097360968632,1001.10447171555,23.9385,4
2026-01-23 16:38:28,551.0,1481.0,21.5013561699597,61.1888286495279,989.74299611888,23.982,4
2026-01-23 16:41:12,543.0,1485.0,21.8307837084867,52.2166177033555,1250.11885081402,23.92,4
2026-01-23 16:43:56,540.0,1470.0,21.4304027072212,71.4397548234816,725.523385274492,23.927,4
2026-01-23 16:46:40,548.0,1462.0,23.2802795106836,65.9930228033269,972.973893603221,23.823,4
2026-01-23 16:49:24,558.0,1466.5,22.9305737804679,54.6681692295332,1275.19610759163,,4
2026-01-23 16:52:08,534.5,1469.0,21.1415214176813,66.7655738678492,833.67793680402,,4
2026-01-23 16:54:52,557.5,1434.5,22.4693698236951,64.9537852326718,953.23369626134,,4
2026-01-23 16:57:36,592.0,1457.0,23.6173160072794,59.7591639143041,1182.15214634093,,4
2026-01-23 17:00:20,580.0,1449.0,22.5251196244789,60.0270941856337,1090.92285928414,,4
2026-01-23 17:03:04,551.0,1455.0,21.4886859049001,63.3066940375863,941.635643556352,,4
2026-01-23 17:05:48,549.0,1467.0,21.8257155831961,51.9409375566057,1256.9424088344,,4
2026-01-23 17:08:32,534.0,1452.5,21.3265066910098,68.9631070696086,800.728331384706,,4
2026-01-23 17:11:16,549.0,1437.0,23.0927559644042,66.4159494823363,948.622533890839,,4
2026-01-23 17:14:00,565.0,1444.0,23.2777455549949,57.882836757679,1194.4046042137,,4
2026-01-23 17:16:44,545.0,1461.0,21.4760156410047,65.6081126547155,880.469984117823,,4
2026-01-23 17:19:28,538.0,1461.5,21.615388659542,53.9991245355132,1187.87619288834,,4
2026-01-23 17:22:12,541.0,1462.5,21.2935640473151,59.2100182772197,1032.66525065545,,4
2026-01-23 17:24:56,538.0,1431.5,21.9777594685147,70.2143925231043,786.274518785842,,4
2026-01-23 17:27:40,556.0,1444.0,23.4652693125681,62.4642188729725,1089.91199081538,,4
2026-01-23 17:30:24,558.0,1423.0,22.3882792672375,61.1377798109263,1051.83227024055,,4
2026-01-23 17:33:08,542.0,1453.5,21.7091487963916,55.5903544425556,1153.38372931117,,4
2026-01-23 17:35:52,542.0,1465.0,21.622990810225,54.2585018243163,1181.60662509131,,4
2026-01-23 17:38:36,538.0,1456.0,21.3822560099797,65.6689910093897,880.970372874112,,4
2026-01-23 17:41:20,551.0,1429.0,23.260006653727,63.9426733387265,1028.82406761945,,4
2026-01-23 17:44:04,568.0,,23.4171213033259,57.9596138882175,1221.66366898852,23.915,4
2026-01-23 17:46:48,554.0,1450.0,21.5621734691376,65.580444020635,885.83511090958,24.294,4
2026-01-23 17:49:32,551.0,,22.1526104543154,63.6932801764581,968.761138719535,24.282,4
2026-01-23 17:52:16,564.0,1453.0,23.6350548062473,63.2248371882092,1073.29673107983,24.3254999999999,4
2026-01-23 17:55:00,584.5,1434.0,22.8342784943815,61.4373591856836,1072.93411976863,24.328,4
2026-01-23 17:57:44,560.0,1453.0,21.46587943146,66.2032344796891,877.112374931763,24.3215,4
2026-01-23 18:00:28,561.0,1440.5,21.7674321662198,52.8130122897195,1231.29854857471,24.363,4
2026-01-23 18:03:12,553.0,1440.0,20.9793427423574,66.5560392015819,824.335433508219,24.2815,4
2026-01-23 18:05:56,561.5,1452.5,22.4744379859475,65.8555620836509,928.991848028067,24.249,4
2026-01-23 18:08:40,575.0,1439.0,23.6021113317838,62.0100951083311,1111.3820750643,24.241,4
2026-01-23 18:11:24,598.0,1455.5,22.4136200581269,59.2895085868903,1087.68462234387,24.351,4
2026-01-23 18:14:08,587.0,1458.0,21.311302447415,65.3186980151982,885.123705734216,24.5679999999999,4
2026-01-23 18:16:52,571.5,1464.0,21.5266967061907,53.5946412011529,1191.71768132627,24.503,4
2026-01-23 18:19:36,558.0,1465.0,21.2986321421922,66.2374338400406,852.78790430237,24.3965,4
2026-01-23 18:22:20,555.0,1452.5,22.4338926960772,69.9448122623555,815.721475565383,24.37,4
2026-01-23 18:25:04,578.0,1462.0,24.2635176038893,64.8820005220703,1064.51430172323,24.336,4
2026-01-23 18:27:48,600.0,1462.0,,62.9569114526287,1181.95430888017,24.347,4
2026-01-23 18:30:32,608.0,1468.0,,73.1408455980929,868.789600274799,24.33,4
2026-01-23 18:33:16,587.0,,24.3040635758079,61.0579310192573,1233.58050041792,24.2825,4
2026-01-23 18:36:00,546.0,1482.0,22.2387687887094,63.6782729159668,978.208244107886,24.446,4
2026-01-23 18:38:44,532.0,1459.0,21.9980320063477,58.7036316152818,1091.48121356668,24.714,4
2026-01-23 18:41:28,523.5,1472.0,21.2707576328102,59.678457761875,1016.73569038863,24.624,4
2026-01-23 18:44:12,525.0,1489.0,21.7040806635341,51.5791598310085,1257.03359027463,24.698,4
2026-01-23 18:46:56,511.5,1485.0,20.7816879785677,66.9491919805764,836.77803963893,24.501,4
2026-01-23 18:49:40,519.0,1489.0,22.6923693442076,64.4525131204802,980.120686719132,24.4485,4
2026-01-23 18:52:24,544.0,1482.0,24.2483126513252,62.0540716214528,1149.00769423487,24.438,4
2026-01-23 18:55:08,569.0,1473.0,,69.5011006684414,963.365304703921,24.5445,4
2026-01-23 18:57:52,580.0,1489.0,,78.279719614285,691.37060027792,24.447,4
2026-01-23 19:00:36,577.0,1476.0,,72.3330373503365,938.639931694809,24.5915,4
2026-01-23 19:03:20,545.5,1500.0,,61.0212098561926,1276.82209031627,24.774,4
2026-01-23 19:06:04,514.0,1500.0,22.1754170508647,67.7707828954635,877.822953159729,24.891,4
2026-01-23 19:08:48,502.0,1487.0,22.3021206326375,55.0431118712826,1210.43247176827,24.8335,4
2026-01-23 19:11:32,494.0,1484.5,21.5038903414533,61.1005857654792,997.904348114496,24.843,4
2026-01-23 19:14:16,493.0,1503.0,20.7968921754509,63.39642868065,897.725533113706,24.8415,4
2026-01-23 19:17:00,500.5,1503.5,22.4896425654005,61.0438316371294,1060.8969761322,24.633,4
2026-01-23 19:19:44,520.0,1499.5,23.6451912649208,61.4577432993149,1119.52380878816,24.6705,4
2026-01-23 19:22:28,533.5,1491.5,,64.7914538463411,1109.25355331396,24.636,4
2026-01-23 19:25:12,556.0,1486.0,,77.858036367382,703.306016358091,24.6515,4
2026-01-23 19:27:56,561.5,1500.5,,73.5822439801715,880.498983066776,24.602,4
2026-01-23 19:30:40,552.0,1487.0,,64.0177320128156,1212.48632568135,24.6255,4
2026-01-23 19:33:24,531.0,1499.0,23.4525987491942,62.9723406792501,1068.85513705825,24.821,4
2026-01-23 19:36:08,503.0,1513.0,22.0411111778375,65.5978735502618,912.421851838312,25.1445,4
2026-01-23 19:38:52,497.0,1506.5,22.2666435722494,53.9393972315957,1237.47638301341,25.111,4
2026-01-23 19:41:36,490.0,1498.5,21.1947362742648,63.028248995627,936.656829474598,25.072,4
2026-01-23 19:44:20,506.0,1496.0,22.5808694604784,61.9566304263839,1041.78169477818,25.051,4
2026-01-23 19:47:04,526.0,1509.0,23.7871019575977,61.506790280102,1132.97936171555,25.014,4
2026-01-23 19:49:48,553.5,1500.0,,67.1283963965071,1034.0764534257,24.8665,4
2026-01-23 19:52:32,564.0,1521.0,,77.7646572744753,698.254861012406,24.86,4
2026-01-23 19:55:16,571.0,1517.5,,72.8100256990137,915.244946681864,24.917,4
2026-01-23 19:58:00,561.0,1523.0,,60.4379047144493,1283.65363454089,24.989,4
2026-01-23 20:00:44,531.0,1520.0,23.2295974139124,65.3563647490991,986.674237567929,24.8695,4
2026-01-23 20:03:28,512.5,1503.0,22.0715199994301,61.3122695658101,1022.03268761455,24.971,4
2026-01-23 20:06:12,505.0,1515.0,22.0436452334979,53.8711158371645,1222.60042171426,25.317,4
2026-01-23 20:08:56,496.5,1526.0,21.1263170844467,64.2768654918797,895.161679224081,25.384,4
2026-01-23 20:11:40,515.0,1528.0,22.7050397499842,62.4282379398274,1036.68336639708,25.2735,4
2026-01-23 20:14:24,529.5,1525.0,23.9695585571462,61.5262211121311,1145.67793902094,25.27,4
2026-01-23 20:17:08,554.0,1528.0,,69.0211162538881,974.129355941723,25.194,4
2026-01-23 20:19:52,566.0,1526.0,,78.1618517235324,694.074542432145,25.09,4
2026-01-23 20:22:36,573.0,1524.5,,72.2419880553299,943.990424039869,25.1485,4
2026-01-23 20:25:20,558.0,1537.5,,60.7152588122256,1263.57261679363,25.115,4
2026-01-23 20:28:04,522.0,1534.0,22.9584490608103,65.1638646416473,976.271515328471,25.234,4
2026-01-23 20:30:48,499.0,1526.0,22.2818480249552,59.7292620171331,1082.92530602028,25.6884999999999,4
2026-01-23 20:33:32,498.0,1517.0,22.1627467121725,54.6043669416809,1212.4429287776,25.834,4
2026-01-23 20:36:16,496.0,1543.0,20.8729131991567,70.408920032764,726.41898918957,25.789,4
2026-01-23 20:39:00,507.5,1518.0,22.6062104556767,66.5532147197214,917.507398929933,25.698,4
2026-01-23 20:41:44,529.0,1539.0,24.1976300232636,63.1836147190142,1111.42469236023,25.61,4
2026-01-23 20:44:28,558.0,1542.0,,66.6176550045871,1069.01032100881,25.475,4
2026-01-23 20:47:12,567.0,1540.0,,73.3021121134931,868.184960653002,25.472,4
2026-01-23 20:49:56,570.0,1532.0,,69.458065195676,1043.26196498497,25.473,4
2026-01-23 20:52:40,559.0,1545.0,,60.3554653307568,,25.444,4
2026-01-23 20:55:24,520.0,1523.0,22.9457783475518,65.7686809734973,958.349464925329,25.428,4
2026-01-23 20:58:08,509.0,1525.0,22.2717117438151,58.1947032890947,1123.71976595134,25.6139999999999,4
2026-01-23 21:00:52,504.0,1545.0,22.0537815093994,56.3227081495809,1158.33852595824,25.932,4
2026-01-23 21:03:36,511.0,1534.0,20.1861923358665,83.3893706651143,392.693148155076,26.214,4
2026-01-23 21:06:20,526.0,1547.0,20.1887263432145,78.7095686065366,503.569342657416,26.258,4
2026-01-23 21:09:04,539.0,1549.0,20.1177739370905,74.9105432268004,590.824870667837,25.848,4
2026-01-23 21:11:48,543.0,1553.5,19.9353251500288,74.2305339443002,600.476052992117,25.8134999999999,4
2026-01-23 21:14:32,539.5,1537.0,19.8415668932866,75.2249319145068,573.255185852078,25.733,4
2026-01-23 21:17:16,538.0,1539.0,19.8998490410449,77.97558754387,511.70057386204,25.744,4
2026-01-23 21:20:00,547.5,1536.0,19.8821109919372,80.2763766375234,457.8156991562,25.744,4
2026-01-23 21:22:44,545.0,1542.0,19.8390328873938,82.2244679370947,411.431551993286,25.727,4
2026-01-23 21:25:28,536.0,1530.0,19.7934207998041,83.8504356072626,372.742544565353,25.737,4
2026-01-23 21:28:12,542.0,1538.0,19.7427407298237,85.2249362368177,339.947227548275,25.6929999999999,4
2026-01-23 21:30:56,539.5,1542.0,19.6768566825485,86.3472095788866,312.844405873713,26.064,4
2026-01-23 21:33:40,547.0,1557.0,19.6236426803079,87.45931636005,,26.499,4
2026-01-23 21:36:24,543.5,1554.0,19.5754967058601,88.3869628425892,,27.174,4
2026-01-23 21:39:08,550.0,1558.0,19.5324187510559,89.2225588338574,,27.046,4
2026-01-23 21:41:52,544.5,,19.4944088083284,89.9716558105176,,26.699,4
2026-01-23 21:44:36,548.0,1559.0,19.4437289103516,90.6409872292794,,26.4745,4
2026-01-23 21:47:20,547.0,1564.0,19.403185012663,91.2504641512295,,26.403,4
2026-01-23 21:50:04,539.0,1561.0,19.3727771023113,91.7559318872825,,26.329,4
2026-01-23 21:52:48,540.0,1560.0,19.3322332367824,92.3195780089834,,26.417,4
2026-01-23 21:55:32,549.5,1565.5,19.2916893904621,92.828893869322,,26.35,4
2026-01-23 21:58:16,557.0,1552.0,19.2562135402113,93.2899615989678,,26.3615,4
2026-01-23 22:01:00,549.5,1546.5,19.2131357412581,93.7282976234695,,26.435,4
2026-01-23 22:03:44,544.0,1562.5,19.1852618824923,94.0818543594024,,26.363,4
2026-01-23 22:06:28,552.0,1558.0,19.154854046792,94.4478851341545,,26.311,4
2026-01-23 22:09:12,555.0,1551.5,19.1193782514019,94.7941258859767,,26.293,4
2026-01-23 22:11:56,549.5,1558.5,19.088970438257,95.0701152288211,,26.241,4
2026-01-23 22:14:40,558.0,1540.0,19.0636306021187,95.407450517161,,26.2614999999999,4
2026-01-23 22:17:24,557.0,1565.0,19.0332228080369,95.700159205976,,26.226,4
2026-01-23 22:20:08,555.0,1539.0,18.9901451179321,95.9738797896025,,26.2554999999999,4
2026-01-23 22:22:52,552.0,1560.0,18.9774752130324,96.2339742567037,,26.224,4
2026-01-23 22:25:36,557.0,1556.0,18.9318635707313,96.4873339142972,,26.22,4
2026-01-23 22:28:20,556.5,1558.0,18.916659695009,96.7392312647605,,26.096,4
2026-01-23 22:31:04,552.0,1538.0,18.8786500175629,96.9857042928916,,26.224,4
2026-01-23 22:33:48,550.0,,18.8507762644439,97.1841912295503,,26.0925,4
2026-01-23 22:36:32,552.5,1545.0,18.8254364965541,97.4268487816737,,26.099,4
2026-01-23 22:39:16,566.0,1566.0,18.8000967359403,97.6417889876229,,26.1195,4
2026-01-23 22:42:00,562.0,1557.0,18.7798249328334,97.8172220544308,,26.12,4
2026-01-23 22:44:44,563.0,,18.7443492882011,98.0013754257104,,26.0775,4
2026-01-23 22:47:28,563.5,1518.0,18.7291454449296,98.1595728978678,,26.022,4
2026-01-23 22:50:12,551.0,1533.0,18.7038057119643,98.3467020543511,,26.1685,4
2026-01-23 22:52:56,560.0,,18.6835339308308,98.5112333311436,,26.027,4
2026-01-23 22:55:40,560.0,1523.5,18.650592296457,98.7090820959967,,26.079,4
2026-01-23 22:58:24,564.5,1541.0,18.6227186153701,98.8698198431844,,26.013,4
2026-01-23 23:01:08,557.0,1533.5,18.6125827335345,99.0545402401265,,26.0805,4
2026-01-23 23:03:52,566.0,1523.0,18.5771071562776,99.208086488287,,25.981,4
2026-01-23 23:06:36,559.0,1541.0,18.5644373107497,99.387715198709,,25.9705,4
2026-01-23 23:09:20,567.5,1547.0,18.5466995299793,99.5605315426316,,26.042,4
2026-01-23 23:12:04,562.0,1530.5,18.5238938171678,99.7033157939356,,25.895,4
2026-01-23 23:14:48,563.0,1517.0,18.501088110177,99.8076341108549,,26.014,4
2026-01-23 23:17:32,562.0,1526.5,18.4884182755631,99.9699565347868,,25.923,4
2026-01-23 23:20:16,552.0,1542.0,18.4656125777401,100.0,,25.884,4
2026-01-23 23:23:00,564.0,1531.5,18.4453408513218,100.0,,25.921,4
2026-01-23 23:25:44,552.0,1536.0,18.430137059564,100.0,,25.8905,4
2026-01-23 23:28:28,559.5,1551.0,18.4098653412947,100.0,,25.976,4
2026-01-23 23:31:12,561.0,1542.0,18.3895936276821,100.0,,25.8525,4
2026-01-23 23:33:56,568.5,1540.5,18.3794577726221,100.0,,25.897,4
2026-01-23 23:36:40,563.0,1540.0,18.3617200291046,100.0,,25.9125,4
2026-01-23 23:39:24,566.5,1553.0,18.3389143640233,100.0,,25.785,4
2026-01-23 23:42:08,561.0,1542.5,18.3161087049084,100.0,,25.88,4
2026-01-23 23:44:52,568.5,1533.0,18.298370974051,100.0,,25.925,4
2026-01-23 23:47:36,563.0,1547.0,18.2780992860498,100.0,,25.7965,4
2026-01-23 23:50:20,558.5,1547.0,18.2679634437954,100.0,,25.742,4
2026-01-23 23:53:04,559.0,1525.5,18.2451578030159,100.0,,25.86,4
2026-01-23 23:55:48,564.0,1541.0,18.2223521680571,100.0,,25.7795,4
2026-01-23 23:58:32,557.0,1540.5,18.212216332351,100.0,,25.839,4
2026-01-24 00:01:16,568.0,1546.0,18.197012580611,100.0,,25.6955,8
2026-01-24 00:04:00,563.5,1525.0,18.1818088316358,100.0,,25.696,8
2026-01-24 00:06:44,562.0,1549.5,18.16660508528,100.0,,25.689,8
2026-01-24 00:09:28,560.5,1542.0,18.1463334275467,100.0,,25.706,8
2026-01-24 00:12:12,563.0,1508.0,18.1361976004263,100.0,,25.736,8
2026-01-24 00:14:56,563.5,1515.5,18.1209938619285,100.0,,25.588,8
2026-01-24 00:17:40,565.0,1531.0,18.1057901260501,100.0,,25.704,8
2026-01-24 00:20:24,553.0,1519.5,18.0804505720734,100.0,,25.712,8
2026-01-24 00:23:08,557.0,1522.5,18.0677807978499,100.0,,25.5875,8
2026-01-24 00:25:52,556.0,1519.0,18.0601789341308,100.0,,25.504,8
2026-01-24 00:28:36,563.0,1529.0,18.0475091628177,100.0,,25.5885,8
2026-01-24 00:31:20,558.0,1533.0,18.029771485948,100.0,,25.573,8
2026-01-24 00:34:04,569.0,1516.0,18.0145677657856,100.0,,25.667,8
2026-01-24 00:36:48,562.0,1529.0,19.1599220185598,100.0,,25.6289999999999,8
2026-01-24 00:39:32,566.5,1527.0,21.0148193324275,89.0767879945438,,25.51,8
2026-01-24 00:42:16,562.0,1547.0,19.6768566825485,94.5010541895484,,25.6915,8
2026-01-24 00:45:00,581.0,1536.0,18.9952130821329,98.118887904641,,25.634,8
2026-01-24 00:47:44,580.0,1535.0,18.7038057119643,99.6685920386526,,25.5245,8
2026-01-24 00:50:28,569.5,1513.0,18.5492334993468,100.0,,25.483,8
2026-01-24 00:53:12,564.0,1516.0,18.430137059564,100.0,,25.5754999999999,8
2026-01-24 00:55:56,557.0,1540.0,18.3389143640233,100.0,,25.533,8
2026-01-24 00:58:40,566.0,1514.5,18.2704974045773,100.0,,25.4345,8
2026-01-24 01:01:24,557.5,1522.5,18.2122163322055,100.0,,25.486,8
2026-01-24 01:04:08,557.0,1518.5,18.1666050854255,100.0,,25.346,8
2026-01-24 01:06:52,558.5,1521.0,18.1260617744701,100.0,,25.308,8
2026-01-24 01:09:36,554.0,1522.0,18.0804505722189,100.0,,25.3185,8
2026-01-24 01:12:20,562.5,1539.5,18.0551110253727,100.0,,25.365,8
2026-01-24 01:15:04,551.0,1500.5,18.0120338127162,100.0,,25.471,8
2026-01-24 01:17:48,553.0,1494.5,19.1497860750241,100.0,,25.4865,8
2026-01-24 01:20:32,559.0,1492.0,20.9869448924582,89.2177723808112,,25.523,8
2026-01-24 01:23:16,575.0,1507.0,19.666720679641,94.4726993713361,,25.5125,8
2026-01-24 01:26:00,569.0,1507.5,18.9876111439079,98.2609594861373,,25.499,8
2026-01-24 01:28:44,562.0,1509.0,18.6835339308308,99.8545719737067,,25.3765,8
2026-01-24 01:31:28,549.5,1499.0,18.5061560458561,100.0,,25.462,8
2026-01-24 01:34:12,556.0,1522.0,18.3794577726221,100.0,,25.5245,8
2026-01-24 01:36:56,553.0,1506.0,18.2882351294683,100.0,,25.47,8
2026-01-24 01:39:40,564.0,,18.212216332351,100.0,,25.3759999999999,8
2026-01-24 01:42:24,558.0,,18.141265513841,100.0,,25.378,8
2026-01-24 01:45:08,564.0,1517.5,18.0905863929365,100.0,,25.4249999999999,8
2026-01-24 01:47:52,555.5,1518.5,18.0449752087297,100.0,,25.424,8
2026-01-24 01:50:36,558.0,1520.0,18.0323054395994,100.0,,25.47,8
2026-01-24 01:53:20,556.0,1508.5,20.6803267329523,91.7067788510698,,25.549,8
2026-01-24 01:56:04,574.0,1497.0,20.3509036471659,91.2843099029685,,25.504,8
2026-01-24 01:58:48,568.0,1514.0,19.1953978301025,97.0678533884171,,25.455,8
2026-01-24 02:01:32,555.5,1502.0,18.7798249363258,99.366171452284,,25.591,8
2026-01-24 02:04:16,546.0,1509.0,18.5568354042479,100.0,,25.4775,8
2026-01-24 02:07:00,561.5,1508.0,18.407331377748,100.0,,25.398,8
2026-01-24 02:09:44,558.0,1518.0,18.2882351294683,100.0,,25.4245,8
2026-01-24 02:12:28,550.5,1501.0,18.1868767482519,100.0,,25.402,8
2026-01-24 02:15:12,554.0,1502.0,18.1260617744701,100.0,,25.479,8
2026-01-24 02:17:56,555.5,1491.0,18.0855184822867,100.0,,25.548,8
2026-01-24 02:20:40,558.0,1504.0,18.0373733470478,100.0,,25.4575,8
2026-01-24 02:23:24,560.0,1481.0,19.707264698256,97.0382112252148,,25.479,8
2026-01-24 02:26:08,549.0,1487.0,20.9210598822828,89.4794010463905,,25.55,8
2026-01-24 02:28:52,563.5,1511.0,19.4437289102061,95.6944471878476,,25.588,8
2026-01-24 02:31:36,573.0,1491.0,18.8685141124442,98.9223252505933,,25.516,8
2026-01-24 02:34:20,563.0,,18.5973789129639,100.0,,25.45,8
2026-01-24 02:37:04,564.0,1508.0,18.4326710264576,100.0,,25.545,8
2026-01-24 02:39:48,555.0,1499.0,18.2933030516142,100.0,,25.5135,8
2026-01-24 02:42:32,554.5,1498.0,18.1995465393556,100.0,,25.495,8
2026-01-24 02:45:16,562.0,1505.5,18.141265513841,100.0,,25.5295,8
2026-01-24 02:48:00,556.0,1501.0,18.0576449800428,100.0,,25.477,8
2026-01-24 02:50:44,554.0,1507.0,18.0094998596468,100.0,,25.644,8
2026-01-24 02:53:28,548.5,1497.0,20.0316179112123,95.2814462554294,,25.703,8
2026-01-24 02:56:12,551.0,1493.0,20.8830493405985,88.996520876043,,25.647,8
2026-01-24 02:58:56,566.5,1502.0,19.4335929340741,95.7905128165304,,25.584,8
2026-01-24 03:01:40,560.0,1504.5,18.8507762715744,98.9711697257555,,25.6055,8
2026-01-24 03:04:24,554.0,1488.0,18.5669712796807,100.0,,25.653,8
2026-01-24 03:07:08,551.0,1497.0,18.3895936282642,100.0,,25.5975,8
2026-01-24 03:09:52,566.0,1483.0,18.2578276027052,100.0,,25.58,8
2026-01-24 03:12:36,557.0,1491.0,18.1666050858621,100.0,,25.603,8
2026-01-24 03:15:20,552.5,1497.0,18.0753826621512,100.0,,25.788,8
2026-01-24 03:18:04,551.0,1507.0,18.0196356723608,100.0,,22.286,8
2026-01-24 03:20:48,546.0,1498.5,19.0788345028704,100.0,,22.2925,8
2026-01-24 03:23:32,550.0,1491.0,20.98187681126,89.2715819596436,,22.294,8
2026-01-24 03:26:16,559.0,1494.0,19.605904686643,94.9197547315904,,22.2905,8
2026-01-24 03:29:00,559.5,1504.0,18.8837179896218,98.7624471564123,,22.327,8
2026-01-24 03:31:44,554.0,1490.0,18.5821750950126,100.0,,22.3059999999999,8
2026-01-24 03:34:28,556.5,1487.0,18.3895936282642,100.0,,22.218,8
2026-01-24 03:37:12,565.0,1480.0,18.2628955231048,100.0,,22.2635,8
2026-01-24 03:39:56,552.0,1482.5,18.1564692558313,100.0,,22.228,8
2026-01-24 03:42:40,557.0,1479.0,18.0753826627333,100.0,,22.347,8
2026-01-24 03:45:24,550.5,1493.0,18.0247035789361,100.0,,22.209,8
2026-01-24 03:48:08,546.0,1490.0,20.525751284571,92.4015693997943,,22.237,8
2026-01-24 03:50:52,555.0,1479.0,20.4776045909675,90.7865954620738,,22.345,8
2026-01-24 03:53:36,555.0,1496.5,19.1953978546953,97.1704680015785,,22.244,8
2026-01-24 03:56:20,561.5,1486.5,18.7240774977544,99.736136524754,,22.211,8
2026-01-24 03:59:04,559.0,1471.0,18.4960201774083,100.0,,22.141,8
2026-01-24 04:01:48,555.0,1481.0,18.3186426667089,100.0,,22.3155,8
2026-01-24 04:04:32,576.5,1495.0,18.1970125811931,100.0,,22.395,8
2026-01-24 04:07:16,552.0,1489.0,18.1057901260501,100.0,,22.2985,8
2026-01-24 04:10:00,540.0,1492.0,18.0247035795182,100.0,,22.327,8
2026-01-24 04:12:44,549.0,1471.0,19.0991063748078,100.0,,22.2449999999999,8
2026-01-24 04:15:28,548.0,1493.0,20.959070502693,89.5926050337337,,22.37,8
2026-01-24 04:18:12,556.0,1498.0,19.5957686918845,94.994245764867,,22.213,8
2026-01-24 04:20:56,559.0,1473.0,18.9065237794129,98.703515191794,,22.225,8
2026-01-24 04:23:40,563.0,1489.0,18.5720392201619,100.0,,22.3185,8
2026-01-24 04:26:24,548.0,1503.0,18.3794577726221,100.0,,22.186,8
2026-01-24 04:29:08,557.0,1490.0,18.2274200870015,100.0,,22.217,8
2026-01-24 04:31:52,560.5,1486.0,18.1260617744701,100.0,,22.365,8
2026-01-24 04:34:36,548.0,1491.0,18.0424412547872,100.0,,22.3265,8
2026-01-24 04:37:20,555.0,1500.0,18.5162919141585,100.0,,22.254,8
2026-01-24 04:40:04,548.0,1482.0,20.9210599687212,89.7160107579515,,22.274,8
2026-01-24 04:42:48,559.0,1497.0,19.7579447477182,94.2730029840019,,22.2045,8
2026-01-24 04:45:32,552.5,1504.0,18.9394655198702,98.5864949170778,,22.212,8
2026-01-24 04:48:16,562.0,1499.5,18.5923109733557,100.0,,22.2125,8
2026-01-24 04:51:00,559.0,1470.0,18.3845257013163,100.0,,22.239,8
2026-01-24 04:53:44,558.0,1500.5,18.2375559240172,100.0,,22.2605,8
2026-01-24 04:56:28,557.0,1488.0,18.1336636441556,100.0,,22.321,8
2026-01-24 04:59:12,552.0,1494.0,18.0348393932508,100.0,,22.2395,8
2026-01-24 05:01:56,555.0,1484.0,18.6125827335345,100.0,,22.244,8
2026-01-24 05:04:40,569.0,1472.0,20.8881175515998,90.8698544349102,,22.0144999999999,8
2026-01-24 05:07:24,570.0,1501.0,22.104462906369,85.5881400775637,383.389795252093,21.855,8
2026-01-24 05:10:08,558.0,1470.0,23.0319376390252,82.1577768482125,502.160460844875,21.911,8
2026-01-24 05:12:52,567.5,1478.0,23.6603959551139,79.933807676006,586.533077018349,22.031,8
2026-01-24 05:15:36,547.0,1476.0,23.8453865815099,75.6494128326856,719.682559921088,21.917,8
2026-01-24 05:18:20,528.5,1493.0,23.4728716257959,72.1183320217221,805.827270322238,21.922,8
2026-01-24 05:21:04,531.0,1471.5,23.9746268637536,71.8599577465409,837.131663934517,21.926,8
2026-01-24 05:23:48,545.0,1481.0,,71.6817204708951,882.260820620381,21.999,8
2026-01-24 05:26:32,552.5,1481.0,,71.754009225676,900.790962205604,21.924,8
2026-01-24 05:29:16,553.0,1493.0,,71.6333928832149,922.406359184077,21.885,8
2026-01-24 05:32:00,539.5,1487.0,,68.6600559968818,1003.22968705886,21.987,8
2026-01-24 05:34:44,544.0,1486.0,,69.4124626034179,1007.24409145516,21.965,8
2026-01-24 05:37:28,549.0,1464.0,,69.4261813123048,1024.94757391156,21.948,8
2026-01-24 05:40:12,546.0,1486.0,,69.6349085118279,1036.91122810797,21.881,8
2026-01-24 05:42:56,529.5,1473.5,,66.0568860666152,1136.91913516179,22.052,8
2026-01-24 05:45:40,527.0,1467.5,,67.1550900328316,1113.5867092931,23.4145,8
2026-01-24 05:48:24,537.5,1479.0,,67.467250118766,1121.75779671952,23.389,8
2026-01-24 05:51:08,540.0,1470.5,,67.8113917465564,1123.56992647308,23.4215,8
2026-01-24 05:53:52,535.0,1479.0,,66.7801181622984,1169.1071144624,23.51,8
2026-01-24 05:56:36,522.0,1471.5,,76.2423278531363,782.712300027313,23.3885,8
2026-01-24 05:59:20,528.5,1479.0,,74.5989344823937,868.17732483512,23.479,8
2026-01-24 06:02:04,536.0,1474.0,,72.4497985122775,964.539032771543,23.474,8
2026-01-24 06:04:48,535.0,1451.0,,70.9620185250856,1037.55905918773,23.5575,8
2026-01-24 06:07:32,521.0,1464.0,,66.8946762485442,1172.15312689862,23.454,8
2026-01-24 06:10:16,539.0,1468.5,,78.1136907020732,745.367897593748,23.621,8
2026-01-24 06:13:00,533.0,1464.0,,74.7294445548732,891.491499613045,23.687,8
2026-01-24 06:15:44,533.0,1464.0,,72.6655444460692,982.511641026263,23.7404999999999,8
2026-01-24 06:18:28,527.0,1443.5,,68.0133836484758,1142.19392712615,23.743,8
2026-01-24 06:21:12,514.0,1455.0,,64.9602415144077,1171.37597709051,23.8185,8
2026-01-24 06:23:56,484.0,1452.0,23.3208251647884,70.0393180696487,874.146884330427,23.863,8
2026-01-24 06:26:40,475.0,1451.0,23.1206310573179,55.007843813258,1263.23930202597,23.82,8
2026-01-24 06:29:24,471.0,1435.0,21.5723096897418,68.9478948857301,788.33510118259,23.956,8
2026-01-24 06:32:08,491.0,1457.5,22.7785283597768,67.64716747954,896.731850590274,23.897,8
2026-01-24 06:34:52,508.0,1443.5,24.1013331101275,65.9333209733775,1018.56011183192,23.907,8
2026-01-24 06:37:36,532.0,1456.0,,65.0261701166596,1130.80798978829,23.9245,8
2026-01-24 06:40:20,543.0,1454.0,,65.0278825213653,1170.51749056365,24.141,8
2026-01-24 06:43:04,551.0,1443.5,,65.16108251632,1193.33709118513,24.118,8
2026-01-24 06:45:48,550.0,1447.0,,72.5136454230906,906.542497004003,24.161,8
2026-01-24 06:48:32,505.0,1446.0,23.4880765942216,61.5509503120516,1112.69947848007,24.138,8
2026-01-24 06:51:16,483.0,1445.5,22.0335089587606,64.5948608953592,928.858299705294,24.1445,8
2026-01-24 06:54:00,475.0,1441.0,22.2641094970895,56.853481717347,1159.01731878022,24.215,8
2026-01-24 06:56:44,487.0,1424.0,22.4744379859475,70.4855691319007,803.019974814799,24.1495,8
2026-01-24 06:59:28,501.5,1440.0,24.0886625815328,66.3586584423681,1009.05519414251,24.32,8
2026-01-24 07:02:12,513.0,1445.0,,64.6761641035795,1138.70657446765,24.473,8
2026-01-24 07:04:56,540.0,1438.0,,64.4141539229792,1185.71407343391,24.322,8
2026-01-24 07:07:40,550.0,1432.5,,69.121535119305,1046.71595308966,24.3585,8
2026-01-24 07:10:24,526.5,1441.0,,66.593728493726,1080.79005153598,24.415,8
2026-01-24 07:13:08,500.0,1441.0,23.2118590666359,62.8702611044563,1056.98281767642,24.412,8
2026-01-24 07:15:52,473.0,1427.0,22.1196673311351,60.3817247197027,1054.91676789452,24.429,8
2026-01-24 07:18:36,478.0,1413.0,22.1247355204541,61.4052032022063,1028.50792355266,24.5754999999999,8
2026-01-24 07:21:20,488.0,1437.0,22.8089373380935,68.3885565579426,877.701425411331,24.557,8
2026-01-24 07:24:04,507.0,1423.0,24.3294050308468,65.2778372932108,1056.6068180845,24.578,8
2026-01-24 07:26:48,523.0,1422.0,,63.8475468288704,1174.22258137591,24.554,8
2026-01-24 07:29:32,533.0,1430.0,,68.2280187728045,1060.80028798997,24.542,8
2026-01-24 07:32:16,548.0,1419.0,,75.2543464189572,823.779181424989,24.685,8
2026-01-24 07:35:00,519.5,1412.0,,58.930635445803,1297.33482308792,24.688,8
2026-01-24 07:37:44,490.0,1416.0,22.7886646139959,63.9381429172881,1000.03968922059,24.74,8
2026-01-24 07:40:28,474.5,1427.0,21.7471596784453,62.1552889534806,979.852810035143,24.785,8
2026-01-24 07:43:12,472.0,1422.0,22.6974374131823,58.2722021416501,1150.78345830568,24.7895,8
2026-01-24 07:45:56,489.5,1422.0,23.6553277247585,60.8039878089974,1145.3466912806,24.793,8
2026-01-24 07:48:40,508.0,1408.0,,61.2909967862233,1179.13057565554,24.918,8
2026-01-24 07:51:24,526.0,1414.5,,74.5152263829092,807.53314134115,24.859,8
2026-01-24 07:54:08,534.0,1428.5,,70.8897659358084,969.873670878574,24.868,8
2026-01-24 07:56:52,530.0,1437.0,,67.5622680934008,1117.99625412833,24.824,8
2026-01-24 07:59:36,508.0,1417.0,,62.9919569506247,1196.60149864597,24.798,8
2026-01-24 08:02:20,480.0,1439.0,22.2210302298481,68.9865382053322,847.708554529896,24.968,8
2026-01-24 08:05:04,468.0,1433.0,22.3502681050595,54.8234863454302,1218.49210598339,24.968,8
2026-01-24 08:07:48,476.0,,21.9777594685147,68.3795295625486,843.536943843737,25.0275,8
2026-01-24 08:10:32,487.0,1432.0,23.374041470015,65.3373279244597,995.924667637098,25.071,8
2026-01-24 08:13:16,514.0,1434.5,,63.2310225810012,1155.63218216657,24.9504999999999,8
2026-01-24 08:16:00,524.0,1437.0,,64.0844624696999,1174.98871503838,25.111,8
2026-01-24 08:18:44,538.0,1433.0,,75.3978261684846,802.444912582086,25.022,8
2026-01-24 08:21:28,532.0,1431.0,,69.5436582003268,1037.94476275275,25.054,8
2026-01-24 08:24:12,505.0,1428.0,,61.0461972838665,1238.98490743941,25.076,8
2026-01-24 08:26:56,484.0,1432.0,22.5352559556777,68.813243577515,835.257891184681,25.203,8
2026-01-24 08:29:40,473.0,1444.5,22.3401317927782,55.6587874211854,1196.68761117886,25.2535,8
2026-01-24 08:32:24,461.5,1423.0,21.5875140228308,62.750243879968,960.160929107137,25.243,8
2026-01-24 08:35:08,468.0,1422.0,22.4161543009249,70.2065840527034,808.016417202814,25.199,8
2026-01-24 08:37:52,484.0,1422.5,23.9948998020554,65.8098340445412,1019.66980308532,25.181,8
2026-01-24 08:40:36,514.0,1426.5,,63.9644790066837,1157.49947749946,25.3155,8
2026-01-24 08:43:20,522.0,1437.5,,63.531768095554,1213.2939610718,25.189,8
2026-01-24 08:46:04,533.0,1462.0,,74.6983247950991,834.945820002354,25.308,8
2026-01-24 08:48:48,519.0,,,67.9610364273339,1059.55408789866,25.312,8
2026-01-24 08:51:32,494.0,1414.0,23.9391495794116,58.8446331929433,1224.16793363197,25.369,8
2026-01-24 08:54:16,466.0,1453.0,21.9169418829551,67.0544181916608,877.352979949386,25.517,8
2026-01-24 08:57:00,450.0,1440.0,22.1323376952932,54.5302003622454,1212.24186051735,25.401,8
2026-01-24 08:59:44,458.0,1439.0,21.8105112090706,68.2427172840787,840.74375749237,25.4279999999999,8
2026-01-24 09:02:28,462.5,1436.0,23.3106888343172,65.1848348230376,996.518197008228,25.493,8
2026-01-24 09:05:12,492.0,1435.0,,63.1768954502479,1151.74959467854,25.4055,8
2026-01-24 09:07:56,517.5,1436.0,,62.6033183794239,1209.16310995228,25.454,8
2026-01-24 09:10:40,523.0,1437.0,,74.7989484025731,827.120922118345,25.4755,8
2026-01-24 09:13:24,512.5,1423.0,,70.1553117376627,1014.27524981915,25.461,8
2026-01-24 09:16:08,502.0,1424.5,,61.7934468205136,1196.22465119403,25.6315,8
2026-01-24 09:18:52,469.0,1437.5,22.5352559556777,68.4073480986398,848.304525793864,25.487,8
2026-01-24 09:21:36,450.0,1439.0,22.378142964706,55.9190315580057,1192.46465793742,25.6475,8
2026-01-24 09:24:20,457.0,1471.5,21.6027183585392,61.5210055751536,992.768591031113,25.519,8
2026-01-24 09:27:04,453.0,1468.5,22.0436454220907,67.0807141085889,872.683923783491,25.488,8
2026-01-24 09:29:48,469.0,1479.5,23.5691678532457,63.8552930713248,1050.72057269578,25.596,8
2026-01-24 09:32:32,492.5,1447.0,,62.4898936418422,1186.47812749306,25.562,8
2026-01-24 09:35:16,512.5,1449.0,,72.9485842386963,868.102975625652,25.5395,8
2026-01-24 09:38:00,520.5,1455.5,,72.9441746979024,898.032000794894,25.537,8
2026-01-24 09:40:44,518.0,1454.0,,67.6375621003814,1101.48753437369,25.6625,8
2026-01-24 09:43:28,497.5,1464.0,,60.5538203529745,1243.80964096416,25.633,8
2026-01-24 09:46:12,464.0,1446.0,22.1906213480106,67.7674441658416,881.30178051113,25.712,8
2026-01-24 09:48:56,461.5,1453.5,22.4693698236951,54.4483998898489,1239.35456986106,25.714,8
2026-01-24 09:51:40,447.0,1449.0,21.4810838603007,61.7229036306904,980.489995905905,25.5625,8
2026-01-24 09:54:24,443.0,1454.0,21.5165604908252,54.2217171527425,1174.88524006278,25.604,8
2026-01-24 09:57:08,447.0,1455.0,21.5748437800357,64.6913485836963,901.928826695813,25.5525,8
2026-01-24 09:59:52,465.0,1447.5,22.7025055885314,66.3478092284011,928.356794275057,25.698,8
2026-01-24 10:02:36,478.0,1443.0,24.3192684633249,63.5905420968927,1107.24328014059,25.656,8
2026-01-24 10:05:20,500.0,1439.0,,62.4649038229296,1205.9860457001,25.758,8
2026-01-24 10:08:04,507.0,1432.0,,74.7886913947492,821.167206076972,25.792,8
2026-01-24 10:10:48,518.0,1445.0,,71.8895902600358,944.245631320406,25.81,8
2026-01-24 10:13:32,494.0,1435.0,,59.6218303438716,1266.67706887062,25.756,8
2026-01-24 10:16:16,473.5,1445.0,22.7937327945837,65.5449701380469,955.773794944469,25.746,8
2026-01-24 10:19:00,452.0,1444.5,22.1627465681085,58.4050699416804,1110.60321650627,25.716,8
2026-01-24 10:21:44,449.0,1441.0,21.9574869353382,56.4124626912972,1149.19393061428,25.692,8
2026-01-24 10:24:28,438.5,1431.0,21.2758258534158,62.0170654265892,960.454506372835,25.682,8
2026-01-24 10:27:12,458.0,1426.0,23.0167330285767,61.9768841822246,1069.17093040762,25.7644999999999,8
2026-01-24 10:29:56,474.0,1419.5,24.0303775571519,62.1566283519454,1130.96218483413,25.765,8
2026-01-24 10:32:40,497.0,,,66.0377548648976,1081.47287366348,25.7985,8
2026-01-24 10:35:24,512.5,1445.5,,73.3579555107292,859.356031757537,25.785,8
2026-01-24 10:38:08,511.0,1417.0,,69.3334328116693,1047.55545657748,25.895,8
2026-01-24 10:40:52,495.0,1430.5,,63.4724432628989,1217.39714267719,25.852,8
2026-01-24 10:43:36,466.0,1426.0,23.0344719831045,68.0323846424827,899.796062339903,25.837,8
2026-01-24 10:46:20,454.5,1423.0,22.6062103066651,56.8297587080389,1183.99517866262,25.74,8
2026-01-24 10:49:04,439.0,1427.0,22.0512475669529,58.2536684134353,1107.44295743953,25.812,8
2026-01-24 10:51:48,440.0,1424.0,21.0604320042766,65.9706849439751,852.98263388418,25.777,8
2026-01-24 10:54:32,444.0,1373.0,21.5900480978452,54.0481131511465,1184.41225623296,25.664,8
2026-01-24 10:57:16,454.0,1424.5,21.7091487818397,68.2909684560887,823.002357144089,25.7835,8
2026-01-24 11:00:00,465.5,1452.5,23.4525988632813,64.7800246136794,1016.74641847705,25.849,8
2026-01-24 11:02:44,488.0,1435.0,,62.6366507401817,1178.22207077077,25.8645,8
2026-01-24 11:05:28,500.5,1430.0,,66.852071726991,1083.10798434867,25.922,8
2026-01-24 11:08:12,513.0,1426.0,,74.0117424564751,854.305441036887,25.8269999999999,8
2026-01-24 11:10:56,510.5,1428.0,,66.6267777594381,1121.02667998234,25.826,8
2026-01-24 11:13:40,486.0,1416.5,23.7465564052108,64.8625013858018,1027.08965949567,25.8395,8
2026-01-24 11:16:24,480.5,1416.0,22.1703487659397,66.2792122340298,912.957046955002,25.578,8
2026-01-24 11:19:08,488.0,1427.0,22.5377900389867,53.1597747917109,1279.32546338009,25.628,8
2026-01-24 11:21:52,495.0,1423.5,21.6483313813805,62.226382599944,977.290694129657,25.652,8
2026-01-24 11:24:36,496.0,1417.5,21.1491235370776,60.8870127022539,981.38588271149,25.758,8
2026-01-24 11:27:20,490.5,1451.5,21.7699662242084,52.8427847765765,1229.16517362585,25.723,8
2026-01-24 11:30:04,479.0,1452.5,21.2732918111432,70.0328710129211,765.423423671261,25.744,8
2026-01-24 11:32:48,488.0,,23.1637107635906,65.7818471879353,970.686208802925,25.859,8
2026-01-24 11:35:32,502.0,1469.0,,63.4905974379327,1133.40840578729,25.831,8
2026-01-24 11:38:16,527.0,1479.5,,65.3856551437951,1130.02923910421,25.7745,8
2026-01-24 11:41:00,538.0,1480.0,,74.6046727628044,831.151163145274,25.752,8
2026-01-24 11:43:44,546.0,1474.0,,68.0721966346276,1089.29737662715,25.7285,8
2026-01-24 11:46:28,519.5,1472.5,23.9974341897905,65.9782589927254,1014.80313284917,25.735,8
2026-01-24 11:49:12,502.5,1465.0,22.5099151298636,64.0590353321597,973.365857165673,25.6785,8
2026-01-24 11:51:56,497.0,1424.0,22.7937327945837,53.6399410168366,1279.31940037591,25.588,8
2026-01-24 11:54:40,487.0,1477.0,21.3974600871006,62.04862992214,966.962637934785,25.6135,8
2026-01-24 11:57:24,489.0,1481.0,21.8966693637485,51.4668358236132,1268.9495481707,25.777,8
2026-01-24 12:00:08,497.0,1458.0,21.2580874016566,69.1688356164915,773.674898005896,25.746,8
2026-01-24 12:02:52,510.5,1457.0,22.7633237154223,67.8524212615478,890.124265645814,25.642,8
2026-01-24 12:05:36,528.0,1463.5,24.3446098157728,64.588649521324,1078.54435235058,25.6989999999999,8
2026-01-24 12:08:20,553.0,1443.0,,63.0343664037471,1194.14667480133,25.786,8
2026-01-24 12:11:04,573.0,,,71.1552232506562,936.265751957654,25.607,8
2026-01-24 12:13:48,557.0,1478.0,24.4104972567001,57.2368859497681,1280.39729301188,25.647,8
2026-01-24 12:16:32,547.5,1461.0,22.1754170171043,66.7679480653857,888.029263085679,25.56,8
2026-01-24 12:19:16,521.0,1436.0,22.0892584842222,55.8284658856798,1173.98038050807,25.727,8
2026-01-24 12:22:00,510.0,1443.0,21.7674323364772,58.7085736082481,1076.6402064916,25.579,8
2026-01-24 12:24:44,497.0,,21.3087683323828,58.2439114866702,1058.10921721342,25.585,8
2026-01-24 12:27:28,500.0,1424.5,21.5419011623889,54.0784881585497,1180.84462239281,25.605,8
2026-01-24 12:30:12,507.0,1467.0,21.4557432230794,72.9308487528877,692.140648968539,25.778,8
2026-01-24 12:32:56,518.5,1471.0,23.1941199807042,66.6313617115076,948.327718195337,25.74,8
2026-01-24 12:35:40,543.0,1460.0,,63.668886447538,1139.88540830721,25.7215,8
2026-01-24 12:38:24,572.0,1449.5,,65.5809557358942,1131.78855537395,25.672,8
2026-01-24 12:41:08,579.0,1424.5,,64.0338991502148,1128.58972552631,25.746,8
2026-01-24 12:43:52,559.5,1425.5,23.3106887433677,58.9667216737704,1174.38950099187,25.654,8
2026-01-24 12:46:36,537.0,1475.0,21.7547619122196,66.1550327640743,896.465374169234,25.6225,8
2026-01-24 12:49:20,538.5,1472.0,22.2362346746958,52.2069648924247,1281.64736451531,25.543,8
2026-01-24 12:52:04,527.0,1438.0,21.2403491505683,62.0050443519578,955.927694105918,25.623,8
2026-01-24 12:54:48,519.0,1444.0,21.7344893777335,55.8705619185082,1169.24596070159,25.6585,8
2026-01-24 12:57:32,525.5,1454.0,23.2954841838509,59.0378091173048,1171.25849555612,25.658,8
2026-01-24 13:00:16,545.0,1436.0,,60.0090014728498,1210.19755536974,25.539,8
2026-01-24 13:03:00,579.0,1471.0,,75.7121233080429,755.068609031677,25.724,8
2026-01-24 13:05:44,585.0,1465.5,,74.3315243428069,832.953309686923,25.706,8
2026-01-24 13:08:28,561.0,1444.0,24.1266747566696,61.2604017678397,1164.84925967644,25.751,8
2026-01-24 13:11:12,528.0,1441.0,22.4136200581269,62.9372214373344,997.581654688527,25.65,8
2026-01-24 13:13:56,500.0,1420.0,22.6467556756979,52.8589514719346,1294.09232239745,25.591,8
2026-01-24 13:16:40,480.0,1432.0,21.2454172640718,65.0948911788808,881.266817452195,25.579,8
2026-01-24 13:19:24,490.5,1472.0,21.8155793334881,62.1748435935746,988.671783587734,25.578,8
2026-01-24 13:22:08,571.0,1448.0,23.4956786571565,62.3271237620795,1072.99707994856,25.637,8
2026-01-24 13:24:52,619.0,1445.0,22.9407101582328,59.1815548566316,1142.41407192174,25.658,8
2026-01-24 13:27:36,582.0,1427.0,21.237815026805,64.316048213872,919.125140151051,25.6869999999999,8
2026-01-24 13:30:20,553.5,1415.0,21.673671959812,51.9472264459163,1244.77734192871,25.561,8
2026-01-24 13:33:04,530.5,1459.5,21.0148193762288,65.321118175352,853.721479930946,25.583,8
2026-01-24 13:35:48,521.0,1456.0,22.5149832944443,67.0121147078387,899.73696166381,25.6615,8
2026-01-24 13:38:32,541.5,1440.0,24.0025021961919,63.4171063376159,1099.9565263497,25.627,8
2026-01-24 13:41:16,551.0,1455.0,22.5555286215676,61.7736902032829,1045.18285982506,25.5705,8
2026-01-24 13:44:00,544.5,1421.0,21.336642896771,64.7660700198317,896.130657717991,25.569,8
2026-01-24 13:46:44,557.0,1421.5,21.7344893777335,52.3073153728537,1240.43209928087,25.509,8
2026-01-24 13:49:28,552.0,1464.0,21.1541915623965,72.9585786959898,704.694635506176,25.527,8
2026-01-24 13:52:12,568.5,1442.0,23.1383697573328,68.2288912261893,899.890793367222,25.474,8
2026-01-24 13:54:56,582.0,1437.0,23.2295974139124,57.0483869170248,1194.02989502853,25.623,8
2026-01-24 13:57:40,578.0,1427.0,21.4304027078032,62.3467665893118,975.532858634737,25.5455,8
2026-01-24 14:00:24,579.0,1434.5,21.6432632665673,51.520212186706,1250.42227568951,25.544,8
2026-01-24 14:03:08,560.0,1454.0,21.0908404968504,70.5172788426649,738.05052617102,25.6005,8
2026-01-24 14:05:52,555.5,1447.0,22.7481191797705,68.7032334712172,865.768366551504,25.674,8
2026-01-24 14:08:36,564.0,1439.0,23.2726772406749,58.9515370332591,1157.44084816703,25.627,8
2026-01-24 14:11:20,547.0,1419.0,21.3391769103764,65.4104169009653,895.189601595477,25.535,8
2026-01-24 14:14:04,533.0,1424.0,21.5976502515841,52.0690073160833,1236.25368590552,25.588,8
2026-01-24 14:16:48,534.0,1463.0,21.106044746848,68.6301290235972,780.714125260973,25.5215,8
2026-01-24 14:19:32,542.5,1455.0,22.6112786257872,69.5039281578114,836.833976021584,25.486,8
2026-01-24 14:22:16,569.0,1440.5,23.2245292082952,56.078814981167,1223.23382773811,25.839,8
2026-01-24 14:25:00,557.0,1417.0,21.339177059388,63.1473562335647,938.191043744058,25.88,8
2026-01-24 14:27:44,559.0,1409.5,21.5469691404141,51.7067359349732,1241.73905650653,25.874,8
2026-01-24 14:30:28,551.0,1445.0,21.3113024747726,66.3956598408893,860.508042389359,25.922,8
2026-01-24 14:33:12,558.5,1438.0,22.9103010284306,65.2383389600939,971.109924531983,25.8635,8
2026-01-24 14:35:56,581.0,1438.5,23.3715072893537,58.482337384681,1172.35792484446,25.871,8
2026-01-24 14:38:40,588.0,1411.0,21.4329367646278,62.9906889543557,961.366185657478,25.8834999999999,8
2026-01-24 14:41:24,578.0,1437.0,21.6331270378141,52.0321329728304,1234.51972575076,25.91,8
2026-01-24 14:44:08,580.0,1451.0,21.7192851176951,68.1853421803452,833.786410480808,25.8605,8
2026-01-24 14:46:52,593.0,1449.0,23.4373940947989,64.6255127772352,1020.82212671943,25.816,8
2026-01-24 14:49:36,602.0,1429.5,22.5732674708851,56.4360727327926,1192.99162990946,25.944,8
2026-01-24 14:52:20,585.5,1410.0,21.2631554850377,60.1928252322573,993.784383959601,25.761,8
2026-01-24 14:55:04,580.0,1438.0,22.6442217162257,59.3636166175844,1112.4329548764,25.834,8
2026-01-24 14:57:48,606.0,1449.0,23.5793043043522,60.4376163532031,1160.99797101583,25.8675,8
2026-01-24 15:00:32,593.0,1428.0,22.0639180811413,62.6107512201507,992.550533337685,25.944,8
2026-01-24 15:03:16,586.0,1431.0,21.6838081932219,56.1667958712422,1130.2080390283,25.825,8
2026-01-24 15:06:00,574.0,1396.0,21.693944596016,68.8913172689858,818.676446762406,25.777,8
2026-01-24 15:08:44,587.0,1448.5,23.3917801473289,63.2118721164183,1064.86378037945,25.7815,8
2026-01-24 15:11:28,586.0,1465.0,21.9650893079378,63.253872506315,969.531178884949,25.786,8
2026-01-24 15:14:12,583.0,1445.5,21.5875140228308,54.1801902363175,1181.06521214378,25.779,8
2026-01-24 15:16:56,572.0,1437.0,21.4760156410047,56.750567432699,1107.23284312157,25.759,8
2026-01-24 15:19:40,578.0,1428.5,21.9574871454678,72.4403654953103,726.933408205377,25.7569999999999,8
2026-01-24 15:22:24,592.5,1455.5,23.2752112775633,60.0614565575641,1146.55793263456,25.633,8
2026-01-24 15:25:08,596.0,1463.5,22.2058259274635,59.0133397630603,1096.20900229731,25.797,8
2026-01-24 15:27:52,577.5,1434.0,21.445607015863,61.3616429133911,995.546829146602,25.836,8
2026-01-24 15:30:36,594.0,1453.5,23.1890518475556,62.2101487617559,1069.63683095549,25.8134999999999,8
2026-01-24 15:33:20,612.0,1417.0,23.24480203251,57.0433296761752,1224.55866324602,25.85,8
2026-01-24 15:36:04,594.0,1447.0,21.6128545843821,62.2385717999221,982.803940939808,25.698,8
2026-01-24 15:38:48,588.0,1454.0,22.5960739673173,58.4110125683763,1139.92619946336,25.7464999999999,8
2026-01-24 15:41:32,593.0,1447.0,23.6857371114019,59.7365674131958,1173.84228997634,25.648,8
2026-01-24 15:44:16,602.0,1435.0,22.2818480249552,60.1310080819291,1072.12190379937,25.6304999999999,8
2026-01-24 15:47:00,576.5,1402.0,21.2302129750751,63.803199205494,912.635061935059,25.607,8
2026-01-24 15:49:44,585.0,1426.0,22.9305737804679,62.6082068443809,1045.86828831578,25.7075,8
2026-01-24 15:52:28,602.0,1457.0,23.5945090077875,57.4965575058619,1224.74537827642,25.592,8
2026-01-24 15:55:12,602.0,1446.5,21.5469691404141,64.1201771812594,922.558832937314,25.643,8
2026-01-24 15:57:56,586.5,1427.5,21.268223578023,60.015880583309,1041.08677536958,25.609,8
2026-01-24 16:00:40,586.0,1418.0,23.0243354214035,61.4673419968707,1083.91501067607,25.6465,8
2026-01-24 16:03:24,621.0,1438.0,23.5235538376728,54.2411499807224,1286.58773843768,25.601,8
2026-01-24 16:06:08,618.0,1442.5,21.612854682171,63.3250047497794,946.999445237232,25.5345,8
2026-01-24 16:08:52,601.0,1435.0,21.247951207828,57.6149120955988,1070.05216210291,25.585,8
2026-01-24 16:11:36,583.0,1422.0,21.4329368851176,54.4255247926518,1164.42106800727,25.604,8
2026-01-24 16:14:20,582.0,1419.0,22.3933474248333,65.4164826646495,936.314598547465,25.574,8
2026-01-24 16:17:04,599.0,1424.0,23.4095189100626,57.5054467128351,1207.81037472809,25.441,8
2026-01-24 16:19:48,595.0,1441.0,21.7040806635341,62.9707499149765,961.30118802364,25.5565,8
2026-01-24 16:22:32,591.0,1450.0,21.8763969715801,58.9111676880285,1098.86835015835,25.425,8
2026-01-24 16:25:16,602.0,1415.0,23.4424623126396,60.7136269006561,1119.65620989661,25.496,8
2026-01-24 16:28:00,607.0,1411.0,23.3157571221527,55.2678708167275,1290.16317546253,25.355,8
2026-01-24 16:30:44,600.0,1432.5,21.4050621986389,64.5343858812913,904.023586253398,25.4005,8
2026-01-24 16:33:28,594.0,1459.0,22.2945186312572,63.8551454395328,972.836392062923,25.376,8
2026-01-24 16:36:12,597.0,1448.0,23.5387585069111,61.080679150072,1138.3025005974,25.436,8
2026-01-24 16:38:56,601.5,1421.5,22.5808694604784,57.137393632834,1173.75193638905,25.396,8
2026-01-24 16:41:40,594.0,1408.0,21.0984426610666,64.8724560287289,878.37830546239,25.453,8
2026-01-24 16:44:24,586.5,1424.0,22.6467556756979,63.3964534020958,1006.36771012611,25.497,8
2026-01-24 16:47:08,597.0,1439.0,23.5742360822914,56.8925397735896,1244.55375688644,25.34,8
2026-01-24 16:49:52,600.5,1435.0,21.932146275416,61.8622735853064,1003.95613409056,25.495,8
2026-01-24 16:52:36,1.001,1439.0,21.1668618108669,59.420250219226,1019.61509907995,25.43,8
2026-01-24 16:55:20,1.001,1410.5,21.7446256181283,58.4822566934723,1087.2041912406,25.345,8
2026-01-24 16:58:04,1.001,1410.0,22.6188809595332,68.891920237449,854.113241981861,25.256,8
2026-01-24 17:00:48,1.001,1448.0,23.2549384463636,56.2856438719238,1237.57354776624,25.2975,8
2026-01-24 17:03:32,1.001,1433.0,21.3543812046118,61.9293187578111,979.606856011572,25.412,8
2026-01-24 17:06:16,1.001,1409.5,21.7344893777335,50.6919670628849,1280.13027685795,25.4335,8
2026-01-24 17:09:00,1.001,1405.0,20.9083897320379,63.0845832967593,903.218437869987,25.36,8
2026-01-24 17:11:44,1.001,1421.0,22.2463709727162,65.5340254210207,924.830853561505,25.301,8
2026-01-24 17:14:28,1.001,1446.5,23.4221894850779,61.4654521267395,1118.98174272891,25.272,8
2026-01-24 17:17:12,1.001,1422.0,22.063917786465,60.5989914695627,1045.57531711011,25.3435,8
2026-01-24 17:19:56,1.001,1415.0,21.3493131053692,56.8278205043137,1096.71417818013,25.265,8
2026-01-24 17:22:40,1.001,1395.0,21.3746537971601,52.8587580790337,1200.09039085305,25.3915,8
2026-01-24 17:25:24,1.001,1414.0,21.0553639232239,67.8862681065686,786.06283748982,25.351,8
2026-01-24 17:28:08,1.001,1425.0,22.9939262342668,64.6653049458402,992.191726539075,25.353,8
2026-01-24 17:30:52,1.001,1427.0,,61.6843737832017,1191.56482245971,25.163,8
2026-01-24 17:33:36,1.001,1425.0,,73.3964089664841,842.318998801039,25.2939999999999,8
2026-01-24 17:36:20,1.001,1427.5,,77.5485119003268,729.218683648881,25.247,8
2026-01-24 17:39:04,1.001,1431.0,,59.0518314341209,1294.17269669253,25.379,8
2026-01-24 17:41:48,1.001,1431.5,22.8494828002585,64.255280517831,994.903083407419,25.3435,8
2026-01-24 17:44:32,1.001,1431.5,21.889067171156,60.6190523959526,1032.93835870691,25.206,8
2026-01-24 17:47:16,1.001,1420.0,21.3797216973325,60.9439988555504,993.999427146558,24.549,8
2026-01-24 17:50:00,1.001,1398.5,20.7056670452293,64.2180478871994,868.462368186609,24.4275,8
2026-01-24 17:52:44,1.001,1422.5,21.2986321420467,52.0626380236618,1213.98988199408,24.502,8
2026-01-24 17:55:28,1.001,,20.4700026000646,65.597795912407,836.154947946632,24.458,8
2026-01-24 17:58:12,1.001,1408.5,22.2565072719007,64.2048472003763,961.089329449041,24.381,8
2026-01-24 18:00:56,1.001,1418.5,23.5793043043522,62.8688836921352,1080.05436734356,24.358,8
2026-01-24 18:03:40,1.001,1416.0,,60.9501109593771,1212.43411419006,24.306,8
2026-01-24 18:06:24,1.001,1421.5,,78.3518585951187,676.494565353325,24.348,8
2026-01-24 18:09:08,1.001,1405.0,,75.6802199005639,802.115545697019,24.3029999999999,8
2026-01-24 18:11:52,1.001,1426.0,,61.0182793470207,1225.17769231007,24.345,8
2026-01-24 18:14:36,1.001,1404.0,22.5504606992763,66.6237659265018,912.600504219731,24.252,8
2026-01-24 18:17:20,1.001,1425.0,22.1450080448994,55.1530254503557,1195.98536396431,24.196,8
2026-01-24 18:20:04,1.001,1416.5,21.7116829432925,57.3456734186885,1108.07354015338,24.212,8
2026-01-24 18:22:48,1.001,1423.0,20.7816879785677,64.371417791418,878.730044549077,24.179,8
2026-01-24 18:25:32,1.001,1431.0,21.2530193000857,51.9016268258392,1214.66897384332,24.244,8
2026-01-24 18:28:16,1.001,,20.8931854832044,73.4720447527224,667.933456837683,24.194,8
2026-01-24 18:31:00,1.001,1422.5,22.5631309746677,67.9023032777957,878.177090837148,24.322,8
2026-01-24 18:33:44,1.001,1418.5,24.4915896711463,63.7077847047018,1115.05081464247,24.155,8
2026-01-24 18:36:28,1.001,1412.0,,62.6169728792248,1197.14760356761,24.1195,8
2026-01-24 18:39:12,1.001,1433.5,,74.6867637938249,826.134263979444,24.102,8
2026-01-24 18:41:56,1.001,1419.0,,69.7665214218051,1021.35648395246,24.187,8
2026-01-24 18:44:40,1.001,,24.3091325977875,59.2116489298508,1240.91241323262,24.234,8
2026-01-24 18:47:24,1.001,1429.0,22.0537815093994,65.1835421260126,940.591076970897,24.057,8
2026-01-24 18:50:08,1.001,1423.0,22.0892584865505,52.0425786283889,1274.60468379429,24.1405,8
2026-01-24 18:52:52,1.001,1424.0,21.156725599576,60.8339521893118,983.268084886182,24.163,8
2026-01-24 18:55:36,1.001,1429.0,20.9337304146611,65.6869954457976,849.993814694182,24.1405,8
2026-01-24 18:58:20,1.001,1420.0,22.8494828002585,62.7800628289492,1035.96365539198,24.144,8
2026-01-24 19:01:04,1.001,1405.0,24.3699511915037,61.5851530585312,1156.11663792305,24.1565,8
2026-01-24 19:03:48,1.001,1417.5,,73.3139096806417,846.109775913539,24.102,8
2026-01-24 19:06:32,1.001,1427.0,,70.1267165395409,990.684355620841,24.162,8
2026-01-24 19:09:16,1.001,1420.0,,67.3671550000293,1129.43183486209,24.114,8
2026-01-24 19:12:00,1.001,1421.0,24.4890561005013,62.1350800889248,1163.70011568308,24.1425,8
2026-01-24 19:14:44,1.001,1425.0,22.3680066397646,66.2586532540528,925.590788304236,24.089,8
2026-01-24 19:17:28,1.001,1423.0,22.076588297743,57.3526657038176,1132.92681221701,24.033,8
2026-01-24 19:20:12,1.001,,21.1465894267021,59.4249141280335,1013.58575487558,24.174,8
2026-01-24 19:22:56,1.001,1430.0,22.1450080448994,57.0147094225194,1151.75959108463,23.951,8
2026-01-24 19:25:40,1.001,1419.0,23.224529236817,59.6118539991461,1152.13314522142,24.082,8
2026-01-24 19:28:24,1.001,1415.0,,62.0198128072457,1186.14593301331,24.023,8
2026-01-24 19:31:08,1.001,1426.5,,77.2513791881588,709.631137408066,24.0724999999999,8
2026-01-24 19:33:52,1.001,1433.0,,72.9397402948295,900.83208010922,24.039,8
2026-01-24 19:36:36,1.001,1426.0,,67.8324902821804,1107.28283254737,23.9895,8
2026-01-24 19:39:20,1.001,1422.0,24.1064013660943,63.2062851264757,1104.68205723937,24.043,8
2026-01-24 19:42:04,1.001,1417.0,21.9929639624024,66.7924483914112,885.24394366578,23.945,8
2026-01-24 19:44:48,1.001,1426.5,21.9878957368491,52.7009676094803,1249.36213215898,24.14,8
2026-01-24 19:47:32,1.001,1403.0,21.1111129146302,60.1537459464305,997.652649942205,24.0739999999999,8
2026-01-24 19:50:16,1.001,,22.1500761885254,64.8580525706965,937.459556734127,23.968,8
2026-01-24 19:53:00,1.001,1418.5,23.4652694502292,62.606350605364,1080.31143992919,24.0075,8
2026-01-24 19:55:44,1.001,1406.0,,61.0840501334713,1205.84660531958,24.113,8
2026-01-24 19:58:28,1.001,1426.0,,78.3877244489389,684.250207533165,24.1325,8
2026-01-24 20:01:12,1.001,1427.0,,75.1805350063801,824.997957467627,23.896,8
2026-01-24 20:03:56,1.001,1411.0,,68.2445612807256,1073.09302901671,23.924,8
2026-01-24 20:06:40,1.001,1422.0,23.6198504556959,64.6156781097302,1032.15287935276,23.907,8
2026-01-24 20:09:24,1.001,1405.0,22.1703487659397,62.6587889448617,988.775374852481,23.87,8
2026-01-24 20:12:08,1.001,,21.6457974043005,59.473123504674,1048.63929436903,23.8995,8
2026-01-24 20:14:52,1.001,1428.0,21.617922696867,65.1394408022662,900.248352214457,23.967,8
2026-01-24 20:17:36,1.001,1404.5,23.1256993014976,62.5083902361217,1061.14600662612,23.9905,8
2026-01-24 20:20:20,1.001,1408.0,,61.2112712122147,1185.98780404555,24.023,8
2026-01-24 20:23:04,1.001,1426.0,,73.0526233116092,865.809808368551,23.959,8
2026-01-24 20:25:48,1.001,1407.0,,70.0667250064742,1002.76863010624,23.946,8
2026-01-24 20:28:32,1.001,1427.5,,66.7514405414469,1150.34077845404,23.9245,8
2026-01-24 20:31:16,1.001,1422.0,24.2381761233846,63.5612997925458,1102.69879562955,24.016,8
2026-01-24 20:34:00,1.001,1422.0,22.2413028271985,64.0944611753123,972.968095535801,23.9175,8
2026-01-24 20:36:44,1.001,1408.0,21.8662605936697,58.0210831567635,1100.64132864727,24.017,8
2026-01-24 20:39:28,1.001,1410.0,21.5672418610192,65.7822847741367,874.612278899979,23.8985,8
2026-01-24 20:42:12,1.001,1433.0,23.1941199807042,62.6222701856158,1062.26502021872,23.954,8
2026-01-24 20:44:56,1.001,1426.0,,61.085295832634,1207.63437568873,24.02,8
2026-01-24 20:47:40,1.001,1430.0,,72.9814590589282,858.145514627953,23.88,8
2026-01-24 20:50:24,1.001,1419.0,,77.1871820858118,742.293411986132,23.868,8
2026-01-24 20:53:08,1.001,,,71.6192770030937,971.437628308934,23.9425,8
2026-01-24 20:55:52,1.001,1432.0,,63.8601965886573,1127.6459431226,23.975,8
2026-01-24 20:58:36,1.001,,22.157678454314,66.3911340531878,935.282405685581,23.97,8
2026-01-24 21:01:20,1.001,1414.0,22.0588496477867,52.9329862282819,1218.86430942633,23.859,8
2026-01-24 21:04:04,1.001,1421.0,20.8171645002439,80.4065326489111,482.128299729344,23.856,8
2026-01-24 21:06:48,1.001,1419.0,20.391447821632,81.1847337796215,450.632701652124,23.809,8
2026-01-24 21:09:32,1.001,1416.0,20.2191345376195,75.5868765716904,578.510355534422,23.8149999999999,8
2026-01-24 21:12:16,1.001,1435.0,19.9860053304582,74.2455422166867,601.563060125642,23.83,8
2026-01-24 21:15:00,1.001,1408.0,19.8314308714616,74.2780894040637,594.518080650967,23.8789999999999,8
2026-01-24 21:17:44,1.001,1422.5,19.8795769851712,77.5885558177846,520.529158974825,23.926,8
2026-01-24 21:20:28,1.001,1421.5,19.8542369220231,80.3877421291715,454.373928009165,23.8819999999999,8
2026-01-24 21:23:12,1.001,1423.0,19.7934207996586,82.6874419365788,399.584174643946,23.972,8
2026-01-24 21:25:56,1.001,1435.0,19.7427407298237,84.4319520101638,358.192346057492,23.803,8
2026-01-24 21:28:40,1.001,,19.6844586855295,86.0657502859865,319.445024312373,23.8265,8
2026-01-24 21:31:24,1.001,1435.5,19.6160406825656,87.4421992705568,,23.81,8
2026-01-24 21:34:08,1.001,1434.0,19.5501567300234,88.6332713011804,,23.9015,8
2026-01-24 21:36:52,1.001,1432.0,19.4944088083284,89.677792202311,,23.799,8
2026-01-24 21:39:36,1.001,1437.0,19.4563988829177,90.5741527549682,,23.8675,8
2026-01-24 21:42:20,1.001,1410.0,19.4082529988372,91.3648197919613,,23.884,8
2026-01-24 21:45:04,1.001,1439.0,19.3677091177378,92.0477432458422,,23.8485,8
2026-01-24 21:47:48,1.001,1434.0,19.3271652549738,92.6925092819677,,23.874,8
2026-01-24 21:50:32,1.001,1439.0,19.2739514635904,93.3056901881379,,23.8269999999999,8
2026-01-24 21:53:16,1.001,1413.0,19.2359416321851,93.8285383131478,,23.88,8
2026-01-24 21:56:00,1.001,1444.5,19.2055337788769,94.2953750394981,,23.7644999999999,8
2026-01-24 21:58:44,1.001,1441.0,19.1497860750241,94.7318148366405,,23.797,8
2026-01-24 22:01:28,1.001,1445.0,19.1117762971698,95.1892825366742,,23.852,8
2026-01-24 22:04:12,1.001,1435.0,19.0788345028704,95.5823953497912,,23.79,8
2026-01-24 22:06:56,1.001,1420.0,19.0484267036954,95.9081723733861,,23.805,8
2026-01-24 22:09:40,1.001,1422.0,19.0104169697879,96.2301748168925,,23.7225,8
2026-01-24 22:12:24,1.001,1423.5,18.9825431747594,96.5750349215972,,23.858,8
2026-01-24 22:15:08,1.001,1430.0,18.9445334689371,96.83474274094,,23.7939999999999,8
2026-01-24 22:17:52,1.001,1443.0,18.9065237794129,97.1207171665896,,23.797,8
2026-01-24 22:20:36,1.001,,18.8786500178539,97.3580108444579,,23.86,8
2026-01-24 22:23:20,1.001,1456.0,18.8457083102839,97.6485803294802,,23.727,8
2026-01-24 22:26:04,1.001,1449.0,18.8153005914355,97.8705793391454,,23.726,8
2026-01-24 22:28:48,1.001,1449.5,18.7848928830644,98.1148028545899,,23.849,8
2026-01-24 22:31:32,1.001,1430.0,18.7519512108556,98.3555872511687,,23.8875,8
2026-01-24 22:34:16,1.001,1439.0,18.7291454449296,98.5552134694723,,23.865,8
2026-01-24 22:37:00,1.001,1450.0,18.6911358482466,98.7432550852052,,23.8035,8
2026-01-24 22:39:44,1.001,1448.5,18.6581942109623,98.9401105386541,,23.826,8
2026-01-24 22:42:28,1.001,1444.5,18.6227186153701,99.1584236787563,,23.7815,8
2026-01-24 22:45:12,1.001,1449.5,18.5973789129639,99.347816038822,,23.758,8
2026-01-24 22:47:56,1.001,1449.0,18.5720392178336,99.4777518582347,,23.73,8
2026-01-24 22:50:40,1.001,1457.0,18.5492334984737,99.660645163842,,23.852,8
2026-01-24 22:53:24,1.001,1459.0,18.5162919141585,99.798964400442,,23.837,8
2026-01-24 22:56:08,1.001,1461.0,18.4960201762442,99.9605868262098,,23.8025,8
2026-01-24 22:58:52,1.001,1444.0,18.4656125777401,100.0,,23.712,8
2026-01-24 23:01:36,1.001,1454.0,18.4352049900044,100.0,,23.936,8
2026-01-24 23:04:20,1.001,1450.0,18.4098653412947,100.0,,23.897,8
2026-01-24 23:07:04,1.001,1448.0,18.3794577726221,100.0,,23.9414999999999,8
2026-01-24 23:09:48,1.001,1463.5,18.3591860659944,100.0,,24.133,8
2026-01-24 23:12:32,1.001,1462.0,18.3211766286549,100.0,,24.0395,8
2026-01-24 23:15:16,1.001,1461.5,18.298370974051,100.0,,24.265,8
2026-01-24 23:18:00,1.001,1461.5,18.2704974042862,100.0,,24.2285,8
2026-01-24 23:20:44,1.001,1462.5,18.2426238432526,100.0,,24.21,8
2026-01-24 23:23:28,1.001,1466.0,18.2223521682026,100.0,,24.2875,8
2026-01-24 23:26:12,1.001,1467.0,18.1868767476698,100.0,,24.484,8
2026-01-24 23:28:56,1.001,1466.0,18.16660508528,100.0,,24.32,8
2026-01-24 23:31:40,1.001,1459.5,18.1463334275467,100.0,,24.537,8
2026-01-24 23:34:24,1.001,1465.5,18.1260617744701,100.0,,24.742,8
2026-01-24 23:37:08,1.001,1460.5,18.0931203481886,100.0,,24.7269999999999,8
2026-01-24 23:39:52,1.001,1471.0,18.0652468431799,100.0,,24.795,8
2026-01-24 23:42:36,1.001,1482.0,18.0424412547872,100.0,,24.8675,8
2026-01-24 23:45:20,1.001,1466.5,18.0145677657856,100.0,,24.756,8
2026-01-24 23:48:04,1.001,1455.0,18.2933034301095,100.0,,25.0024999999999,8
2026-01-24 23:50:48,1.001,1471.5,21.1719298610696,88.3053831855736,,25.047,8
2026-01-24 23:53:32,1.001,1467.0,20.0594917619746,91.6809950356157,,25.0739999999999,8
2026-01-24 23:56:16,1.001,1469.0,19.0991063748078,96.6119789196971,,25.094,8
2026-01-24 23:59:00,1.001,1474.0,18.734213394724,98.5451020098355,,25.311,8
2026-01-25 00:01:44,1.001,1469.0,18.521359849401,99.5893765800832,,25.305,8
2026-01-25 00:04:28,1.001,1473.0,18.3921275919565,100.0,,25.2975,8
2026-01-25 00:07:12,1.001,1475.0,18.2780992860498,100.0,,25.244,8
2026-01-25 00:09:56,1.001,1464.5,18.197012580611,100.0,,25.418,8
2026-01-25 00:12:40,1.001,1485.0,18.1184599058033,100.0,,25.381,8
2026-01-25 00:15:24,1.001,1475.0,18.0601789341308,100.0,,25.394,8
2026-01-25 00:18:08,1.001,1469.0,18.027237532442,100.0,,25.3819999999999,8
2026-01-25 00:20:52,1.001,1469.0,20.3356993686466,92.0128991773023,,25.432,8
2026-01-25 00:23:36,1.001,1482.0,20.7411437480768,88.2049821336594,,25.5135,8
2026-01-25 00:26:20,1.001,1467.0,19.2866214109817,95.0521518976642,,25.571,8
2026-01-25 00:29:04,1.001,1478.0,18.7671550624218,97.8613867259879,,25.529,8
2026-01-25 00:31:48,1.001,1495.0,18.521359849401,99.1363936271745,,25.537,8
2026-01-25 00:34:32,1.001,1466.0,18.3414483282977,99.9228640126722,,25.5965,8
2026-01-25 00:37:16,1.001,1473.0,18.197012580611,100.0,,25.561,8
2026-01-25 00:40:00,1.001,1468.0,18.1057901266322,100.0,,25.5195,8
2026-01-25 00:42:44,1.001,1463.0,18.0247035789361,100.0,,25.488,8
2026-01-25 00:45:28,1.001,1449.0,18.8229031255614,99.0658263649078,,25.521,8
2026-01-25 00:48:12,1.001,1455.0,21.080704331398,87.7103609848964,303.362760260583,25.463,8
2026-01-25 00:50:56,1.001,1459.0,19.7680807611031,92.3292694713828,,25.524,8
2026-01-25 00:53:40,1.001,1440.0,18.898921849628,96.7314617697897,,25.5475,8
2026-01-25 00:56:24,1.001,1441.0,18.5568354042479,98.5641228765868,,25.63,8
2026-01-25 00:59:08,1.001,1448.5,18.3262445544387,99.5785010706088,,25.744,8
2026-01-25 01:01:52,1.001,1432.0,18.1716730004409,100.0,,25.582,8
2026-01-25 01:04:36,1.001,1435.0,18.0475091628177,100.0,,25.5785,8
2026-01-25 01:07:20,1.001,1437.0,18.5669712796807,100.0,,25.568,8
2026-01-25 01:10:04,1.001,1438.0,20.9261280493374,87.5189220473209,308.932254961648,25.573,8
2026-01-25 01:12:48,1.001,1422.0,19.7680807611031,92.0420263993455,,25.667,8
2026-01-25 01:15:32,1.001,1431.0,18.8786500280402,96.5613359091551,,25.6965,8
2026-01-25 01:18:16,1.001,1432.0,18.4808163756097,98.4728618014413,,25.775,8
2026-01-25 01:21:00,1.001,1410.0,18.2780992873595,99.4802074735061,,25.7665,8
2026-01-25 01:23:44,1.001,1425.5,18.1108580377185,100.0,,25.83,8
2026-01-25 01:26:28,1.001,1395.0,18.0348393933963,100.0,,25.6929999999999,8
2026-01-25 01:29:12,1.001,1410.0,20.6752586737275,88.929462960115,,25.709,8
2026-01-25 01:31:56,1.001,1410.0,20.416788039176,88.7154191967088,,25.696,8
2026-01-25 01:34:40,1.001,1408.0,19.0864364770386,95.0643081686793,,25.753,8
2026-01-25 01:37:24,1.001,1398.0,18.5669712796807,97.7670185962298,,25.771,8
2026-01-25 01:40:08,1.001,1390.0,18.2730313649226,99.1022242758117,,25.829,8
2026-01-25 01:42:52,1.001,1396.0,18.1007222146727,99.8866014332959,,25.903,8
2026-01-25 01:45:36,1.001,1387.5,18.0221696258668,100.0,,25.8684999999999,8
2026-01-25 01:48:20,1.001,1384.0,20.6701906147936,88.9125800799634,,25.869,8
2026-01-25 01:51:04,1.001,1373.0,20.2571449839888,89.0472132102566,,25.896,8
2026-01-25 01:53:48,1.001,1391.5,18.9876111367775,95.2355040682261,,25.847,8
2026-01-25 01:56:32,1.001,1391.0,18.5010881173075,97.7365615363396,,25.781,8
2026-01-25 01:59:16,1.001,1389.0,18.2274200864194,99.020494927833,,25.878,8
2026-01-25 02:02:00,1.001,1377.0,18.0500431182154,99.8472116872918,,25.86,8
2026-01-25 02:04:44,1.001,1373.0,19.2460775856161,96.3718055750275,,25.908,8
2026-01-25 02:07:28,1.001,1372.5,20.9540025122987,86.5803655611276,332.766536627549,25.9195,8
2026-01-25 02:10:12,1.001,1369.0,19.4335929340741,92.7867780636766,,26.016,8
2026-01-25 02:12:56,1.001,1369.5,18.7088736579753,96.4094369343263,,25.911,8
2026-01-25 02:15:40,1.001,1365.0,18.3363804060063,98.2752553645115,,25.975,8
2026-01-25 02:18:24,1.001,1352.0,18.1108580377185,99.3492944173847,,25.884,8
2026-01-25 02:21:08,1.001,1371.0,18.2324883403489,99.4844476508681,,25.8104999999999,8
2026-01-25 02:23:52,1.001,1373.0,20.9540023632871,87.1709633877666,318.090603671192,25.798,8
2026-01-25 02:26:36,1.001,1367.5,19.7883529312093,90.8189491414672,,25.848,8
2026-01-25 02:29:20,1.001,1359.0,18.7747569826024,95.8293734897944,,25.947,8
2026-01-25 02:32:04,1.001,1362.5,18.3389143711538,97.992490476756,,26.04,8
2026-01-25 02:34:48,1.001,1371.0,18.0652468431799,99.1813689910964,,25.952,8
2026-01-25 02:37:32,1.001,1389.0,18.8229030885995,97.4222659339217,,25.9429999999999,8
2026-01-25 02:40:16,1.001,1397.0,21.0249554430192,86.3131149176045,335.574775805163,25.906,8
2026-01-25 02:43:00,1.001,1508.5,19.5425548331259,91.7219729826009,,25.897,8
2026-01-25 02:45:44,1.001,1535.0,18.663262154354,96.1226743219632,,25.861,8
2026-01-25 02:48:28,1.001,1543.0,18.2755653283238,98.0621191525818,,25.8815,8
2026-01-25 02:51:12,1.001,1546.0,18.0247035789361,99.229643811881,,26.006,8
2026-01-25 02:53:56,1.001,1540.5,19.1599220185598,95.8523823011354,,25.927,8
2026-01-25 02:56:40,1.001,1568.5,20.834902734452,86.4777639861197,332.824034357288,26.023,8
2026-01-25 02:59:24,1.001,1558.0,19.3575731501914,92.4796785682139,,26.109,8
2026-01-25 03:02:08,1.001,1471.5,18.5745731952047,96.391765839243,,26.0885,8
2026-01-25 03:04:52,1.001,1485.0,18.1868767476698,98.2657466959763,,26.046,8
2026-01-25 03:07:36,1.001,1483.0,18.0348393955791,98.9670686917054,,26.06,8
2026-01-25 03:10:20,1.001,1474.0,20.6499183819687,87.9208063870049,,26.02,8
2026-01-25 03:13:04,1.001,1490.0,20.1152401379804,88.7161159508555,,25.8955,8
2026-01-25 03:15:48,1.001,1481.0,18.855844218895,94.7322119232798,,25.977,8
2026-01-25 03:18:32,1.001,1486.0,18.3338464485714,97.3473234268623,,25.975,8
2026-01-25 03:21:16,1.001,1484.5,18.0449752087297,98.7475743405086,,26.052,8
2026-01-25 03:24:00,1.001,1488.0,19.456399432398,93.9979862076618,,26.051,8
2026-01-25 03:26:44,1.001,1479.5,21.0502958424622,85.9401064733151,350.677133272128,26.096,8
2026-01-25 03:29:28,1.001,1497.0,19.2156697813479,92.8464488990814,,25.9859999999999,8
2026-01-25 03:32:12,1.001,1480.0,18.485884308815,96.5474476725248,,26.073,8
2026-01-25 03:34:56,1.001,1491.0,18.1463334275467,98.1632204203268,,25.984,8
2026-01-25 03:37:40,1.001,1495.0,18.8837186365999,96.5496908020294,,26.024,8
2026-01-25 03:40:24,1.001,1493.0,21.1465894267021,85.4165263538675,365.892161439861,25.999,8
2026-01-25 03:43:08,1.001,1491.0,19.4538649858732,91.5487838600555,,25.9519999999999,8
2026-01-25 03:45:52,1.001,1486.0,18.5821750950126,95.8421263841876,,25.986,8
2026-01-25 03:48:36,1.001,1495.0,18.1615371740481,97.9173141956766,,25.8879999999999,8
2026-01-25 03:51:20,1.001,1493.0,18.5416315932816,97.8121707328264,,25.911,8
2026-01-25 03:54:04,1.001,1482.0,20.8830494315479,85.8362683223715,349.354349642327,25.964,8
2026-01-25 03:56:48,1.001,1477.0,19.5653607145941,90.8471320200413,,25.991,8
2026-01-25 03:59:32,1.001,1477.0,18.6075148048403,95.624002961588,,26.127,8
2026-01-25 04:02:16,1.001,1486.0,18.1564692558313,97.8249985149295,,25.945,8
2026-01-25 04:05:00,1.001,1484.0,18.2527600319881,98.2151916034964,,26.075,8
2026-01-25 04:07:44,1.001,1482.5,20.9286619914928,86.003369674589,346.500621188501,25.984,8
2026-01-25 04:10:28,1.001,1487.0,19.6869928356318,90.2214461406831,,25.9485,8
2026-01-25 04:13:12,1.001,1482.0,18.6227186153701,95.3073943069358,,26.005,8
2026-01-25 04:15:56,1.001,1474.0,18.1818088316358,97.5103312722768,,25.912,8
2026-01-25 04:18:40,1.001,1479.0,17.9892282451328,98.3893960744587,,25.981,8
2026-01-25 04:21:24,1.001,1474.0,20.5941697657108,87.4470105925241,304.430723075285,26.059,8
2026-01-25 04:24:08,1.001,1476.5,20.0316177390632,88.5003492046527,,26.065,8
2026-01-25 04:26:52,1.001,1466.0,18.7139416042773,94.7357270838448,,26.052,8
2026-01-25 04:29:36,1.001,1461.0,18.1919446692336,97.3364448316894,,26.0565,8
2026-01-25 04:32:20,1.001,1469.0,18.5517674669681,97.3494838868454,,26.054,8
2026-01-25 04:35:04,1.001,1472.0,20.7740859684563,85.9215797608691,345.222343851197,26.012,8
2026-01-25 04:37:48,1.001,1480.0,19.5096127834403,90.7104816159271,,25.928,8
2026-01-25 04:40:32,1.001,1470.5,18.5365636744827,95.5554003744875,,25.972,8
2026-01-25 04:43:16,1.001,1476.0,18.090586392791,97.6867519509015,,25.952,8
2026-01-25 04:46:00,1.001,1481.5,19.4538654835487,93.1125938184285,,25.9324999999999,8
2026-01-25 04:48:44,1.001,1481.5,20.9438662136963,85.5803137811461,357.307484495208,25.898,8
2026-01-25 04:51:28,1.001,1480.5,19.1320482377923,92.4303089849057,,25.943,8
2026-01-25 04:54:12,1.001,1472.0,18.3490502144268,96.2866187569977,,25.997,8
2026-01-25 04:56:56,1.001,1473.0,18.0044319537992,97.9499855258106,,26.062,8
2026-01-25 04:59:40,1.001,1466.0,19.9454614655114,90.4600007805738,,26.0069999999999,8
2026-01-25 05:02:24,1.001,1474.5,21.9270781443046,81.3594565340672,490.551132175042,26.067,8
2026-01-25 05:05:08,1.001,1473.0,22.2083598876633,80.6208311173663,518.820868259426,25.866,8
2026-01-25 05:07:52,1.001,1466.0,22.6974374131823,79.1061339777351,576.218171879066,25.926,8
2026-01-25 05:10:36,1.001,1475.0,23.2067904991126,77.5231048730546,639.287912330556,26.06,8
2026-01-25 05:13:20,1.001,1459.0,23.6958735757507,76.010778227223,702.701292276355,25.803,8
2026-01-25 05:16:04,1.001,1457.0,24.0303775664651,74.6807739858557,760.303102639856,25.811,8
2026-01-25 05:18:48,1.001,1470.0,23.1485061589628,68.6970713782053,886.875839591642,25.858,8
2026-01-25 05:21:32,1.001,1465.0,22.8520168931718,67.5585772639256,905.254565486962,25.842,8
2026-01-25 05:24:16,1.001,1460.0,23.8428524417395,68.3743378331246,934.613812134156,25.938,8
2026-01-25 05:27:00,1.001,1464.5,24.3800876228197,68.7184776612917,954.104932418557,25.8425,8
2026-01-25 05:29:44,1.001,1467.0,,68.983896558074,962.446884075269,25.989,8
2026-01-25 05:32:28,1.001,1457.5,24.4763848798174,65.7393574117187,1048.35389309146,26.006,8
2026-01-25 05:35:12,1.001,1458.5,,66.5511851648247,1034.03886469992,25.855,8
2026-01-25 05:37:56,1.001,1471.0,,66.9069350991662,1046.08654831322,25.869,8
2026-01-25 05:40:40,1.001,1451.0,,67.2303027622214,1052.5880803849,25.899,8
2026-01-25 05:43:24,1.001,1457.5,,67.5412366682873,1052.03384163283,25.815,8
2026-01-25 05:46:08,1.001,1464.0,,64.1356556541174,1128.20243677131,25.8639999999999,8
2026-01-25 05:48:52,1.001,1459.0,,64.9545382375943,1132.01932029101,25.722,8
2026-01-25 05:51:36,1.001,1462.5,,65.5853032697995,1129.52011931222,25.7245,8
2026-01-25 05:54:20,1.001,1464.0,,65.939611774239,1131.14722892902,25.755,8
2026-01-25 05:57:04,1.001,1449.0,,64.8715011751732,1145.3474315126,25.9735,8
2026-01-25 05:59:48,1.001,1463.5,,75.2775920041366,771.629991752745,25.884,8
2026-01-25 06:02:32,1.001,1466.0,,71.6229862567448,926.721682491778,25.904,8
2026-01-25 06:05:16,1.001,1461.0,,69.9018058044763,1004.37141500793,25.889,8
2026-01-25 06:08:00,1.001,1453.0,,66.5172529077183,1119.85839670403,25.7885,8
2026-01-25 06:10:44,1.001,1472.0,,64.7939453324772,1156.62451405066,25.784,8
2026-01-25 06:13:28,1.001,1464.0,,65.222673914022,1171.69659717339,25.6635,8
2026-01-25 06:16:12,1.001,1468.0,,65.5996254491295,1173.53218228722,25.623,8
2026-01-25 06:18:56,1.001,1448.0,,65.6919651666439,1179.98839389352,25.769,8
2026-01-25 06:21:40,1.001,1455.0,,66.7949793545249,1073.20899116079,25.772,8
2026-01-25 06:24:24,1.001,1458.0,,73.633328923044,857.414166574086,25.792,8
2026-01-25 06:27:08,1.001,1474.0,,70.6433406932853,989.233594422794,25.8285,8
2026-01-25 06:29:52,1.001,1480.0,,69.2959915051393,1052.5667821699,25.758,8
2026-01-25 06:32:36,1.001,1471.0,,64.5645753615016,1195.33604735813,25.8134999999999,8
2026-01-25 06:35:20,1.001,1481.5,,74.582635524578,826.543795179764,25.737,8
2026-01-25 06:38:04,1.001,1476.0,,73.9937281830444,870.472551094217,25.7575,8
2026-01-25 06:40:48,1.001,1477.0,,71.4064549296161,981.096919394096,25.675,8
2026-01-25 06:43:32,1.001,1494.0,,69.6962735672704,1047.85558774565,25.715,8
2026-01-25 06:46:16,1.001,1485.0,,67.6585443673355,1076.96531454452,25.813,8
2026-01-25 06:49:00,1.001,1483.0,,76.2110828608789,788.20074423294,25.8744999999999,8
2026-01-25 06:51:44,1.001,1478.0,,72.5490597867104,943.863923287626,25.901,8
2026-01-25 06:54:28,1.001,1478.0,,70.8487117029853,1017.85111612269,25.835,8
2026-01-25 06:57:12,1.001,1465.0,,64.8037236223587,1193.81597392143,25.816,8
2026-01-25 06:59:56,1.001,1480.0,,65.9852275755241,1164.732828021,25.881,8
2026-01-25 07:02:40,1.001,1490.0,,66.3406935244814,1176.00928672337,25.715,8
2026-01-25 07:05:24,1.001,1484.0,,66.4666129941673,1182.67686112163,25.808,8
2026-01-25 07:08:08,1.001,1482.5,,65.0885927490424,1217.90042918571,25.708,8
2026-01-25 07:10:52,1.001,1490.5,,74.5119070586054,846.968970030472,25.636,8
2026-01-25 07:13:36,1.001,1486.0,,72.2370786732792,948.795124807444,25.743,8
2026-01-25 07:16:20,1.001,1479.0,,70.0912610279264,1048.19720813836,25.698,8
2026-01-25 07:19:04,1.001,1488.0,,68.8768694985137,1106.62330379256,25.75,8
2026-01-25 07:21:48,1.001,1494.0,,70.1754414454079,978.649197324786,25.653,8
2026-01-25 07:24:32,1.001,1490.0,,74.9083032331158,843.555313780177,25.6845,8
2026-01-25 07:27:16,1.001,1502.0,,71.6219204852955,991.297548634313,25.721,8
2026-01-25 07:30:00,1.001,1488.0,,70.1790297212534,1056.85672330899,25.7215,8
2026-01-25 07:32:44,1.001,1497.0,,63.8746771620766,1239.26939748802,25.662,8
2026-01-25 07:35:28,1.001,1501.5,,75.5348796042301,825.479529815071,25.7299999999999,8
2026-01-25 07:38:12,1.001,1502.5,,74.0813337535253,898.659952345689,25.703,8
2026-01-25 07:40:56,1.001,1505.0,,71.6366468213861,1007.44448701192,25.707,8
2026-01-25 07:43:40,1.001,1513.0,,69.8931845292335,1074.43952240578,25.6555,8
2026-01-25 07:46:24,1.001,1485.0,,74.9816263771323,828.123049820943,25.609,8
2026-01-25 07:49:08,1.001,1486.5,,74.4440647993292,880.845641635235,25.639,8
2026-01-25 07:51:52,1.001,1501.5,,71.7703725237807,1003.2913619768,25.722,8
2026-01-25 07:54:36,1.001,1484.0,,70.3651097369748,1068.2105261007,25.6595,8
2026-01-25 07:57:20,1.001,1498.0,,67.4900609059553,1114.4760459041,25.605,8
2026-01-25 08:00:04,1.001,1499.0,,76.4797874252114,795.512065740791,25.781,8
2026-01-25 08:02:48,1.001,1499.0,,72.6985626303807,963.971588123789,25.551,8
2026-01-25 08:05:32,1.001,1492.0,,70.7639670572872,1055.87570769387,25.603,8
2026-01-25 08:08:16,1.001,1488.0,,66.4001367705304,1198.77695369056,25.545,8
2026-01-25 08:11:00,1.001,1491.0,,73.7094406175789,899.97994163101,25.58,8
2026-01-25 08:13:44,1.001,1485.5,,75.5907584512225,849.359975391491,25.578,8
2026-01-25 08:16:28,1.001,1494.0,,72.6494154232573,979.166255213856,25.5225,8
2026-01-25 08:19:12,1.001,1485.0,,71.4309520728981,1033.28292521374,25.715,8
2026-01-25 08:21:56,1.001,1470.0,,66.0433720045126,1196.45982256025,25.511,8
2026-01-25 08:24:40,1.001,1465.0,,77.0970494664216,790.668136114686,25.535,8
2026-01-25 08:27:24,1.001,1463.0,,73.7974818537269,934.854248301264,25.564,8
2026-01-25 08:30:08,1.001,1473.5,,71.8424773500679,1023.73639876475,25.5185,8
2026-01-25 08:32:52,1.001,1472.0,,65.5077030121172,1225.50435302306,25.55,8
2026-01-25 08:35:36,1.001,1479.0,,76.8108774395798,799.410775161612,25.5695,8
2026-01-25 08:38:20,1.001,1454.0,,75.0849832158994,883.383930302076,25.501,8
2026-01-25 08:41:04,1.001,1484.0,,72.6416012097516,992.907276459265,25.5885,8
2026-01-25 08:43:48,1.001,1520.0,,69.5270287155921,1116.97888331556,25.536,8
2026-01-25 08:46:32,1.001,1513.0,,76.9896599162532,781.832608776792,25.491,8
2026-01-25 08:49:16,1.001,1517.0,,75.0928514629321,881.005032525101,25.499,8
2026-01-25 08:52:00,1.001,1487.0,,72.5953932941623,995.329596822121,25.4935,8
2026-01-25 08:54:44,1.001,1481.0,,71.2974058518101,1056.77077191251,25.62,8
2026-01-25 08:57:28,1.001,1479.5,,66.2513482966604,1211.21982426394,25.6075,8
2026-01-25 09:00:12,1.001,1486.0,,77.6962029504014,769.881763926774,25.617,8
2026-01-25 09:02:56,,1486.5,,,,25.603,8
2026-01-25 09:05:40,,1471.0,,,,25.4414999999999,8
2026-01-25 09:08:24,,1478.0,,,,25.537,8
2026-01-25 09:11:08,,1481.0,,,,25.4955,8
2026-01-25 09:13:52,,1464.0,,,,25.499,8
2026-01-25 09:16:36,,1467.5,,,,25.5705,8
2026-01-25 09:19:20,,1482.5,,,,25.569,8
2026-01-25 09:22:04,,1482.0,,,,25.5469999999999,8
2026-01-25 09:24:48,,1473.5,,,,25.558,8
2026-01-25 09:27:32,,1461.0,,,,25.5559999999999,8
2026-01-25 09:30:16,,1477.5,,,,25.472,8
2026-01-25 09:33:00,,1466.0,,,,25.5995,8
2026-01-25 09:35:44,,1466.0,,,,25.515,8
2026-01-25 09:38:28,,1459.0,,,,25.5024999999999,8
2026-01-25 09:41:12,,1456.5,,,,25.514,8
2026-01-25 09:43:56,,1443.0,,,,25.481,8
2026-01-25 09:46:40,,1460.5,,,,25.596,8
2026-01-25 09:49:24,,1452.0,,,,25.528,8
2026-01-25 09:52:08,,1451.0,,,,25.524,8
2026-01-25 09:54:52,,1459.0,,,,25.56,8
2026-01-25 09:57:36,,1445.0,,,,25.4324999999999,8
2026-01-25 10:00:20,,1447.0,,,,25.574,8
2026-01-25 10:03:04,,1408.0,,,,25.4715,8
2026-01-25 10:05:48,,1421.5,,,,25.489,8
2026-01-25 10:08:32,,1410.0,,,,25.475,8
2026-01-25 10:11:16,,1436.0,,,,25.562,8
2026-01-25 10:14:00,,1444.0,,,,25.593,8
2026-01-25 10:16:44,,1457.5,,,,25.531,8
2026-01-25 10:19:28,,1450.0,,,,25.394,8
2026-01-25 10:22:12,,1439.0,,,,25.526,8
2026-01-25 10:24:56,,1450.0,,,,25.522,8
2026-01-25 10:27:40,,1447.0,,,,25.4925,8
2026-01-25 10:30:24,,1443.0,,,,25.455,8
2026-01-25 10:33:08,,1442.0,,,,25.4655,8
2026-01-25 10:35:52,,1446.0,,,,25.341,8
2026-01-25 10:38:36,,1436.0,,,,,8
2026-01-25 10:41:20,,1442.0,,,,,8
2026-01-25 10:44:04,,1439.5,,,,,8
2026-01-25 10:46:48,,1417.0,,,,,8
2026-01-25 10:49:32,,1412.0,,,,,8
2026-01-25 10:52:16,,1409.5,,,,,8
2026-01-25 10:55:00,,1427.5,,,,,8
2026-01-25 10:57:44,,1447.0,,,,,8
2026-01-25 11:00:28,,1443.5,,,,,8
2026-01-25 11:03:12,,1434.5,,,,,8
2026-01-25 11:05:56,,1446.5,,,,,8
2026-01-25 11:08:40,,1439.0,,,,,8
2026-01-25 11:11:24,,1445.0,,,,,8
2026-01-25 11:14:08,,1446.5,,,,,8
2026-01-25 11:16:52,,1431.0,,,,,8
2026-01-25 11:19:36,,1436.0,,,,,8
2026-01-25 11:22:20,,1399.5,,,,,8
2026-01-25 11:25:04,,1402.5,,,,,8
2026-01-25 11:27:48,,1417.0,,,,,8
2026-01-25 11:30:32,,1412.0,,,,,8
2026-01-25 11:33:16,,1438.5,,,,25.546,8
2026-01-25 11:36:00,,1424.0,,,,,8
2026-01-25 11:38:44,,1432.0,,,,21.089,8
2026-01-25 11:41:28,,,,,,21.548,8
2026-01-25 11:44:12,,,,,,22.396,8
2026-01-25 11:46:56,,,,,,23.2505,8
2026-01-25 11:49:40,,,,,,23.768,8
2026-01-25 11:52:24,,,,,,24.05,8
2026-01-25 11:55:08,,,,,,24.23,8
2026-01-25 11:57:52,,,,,,24.441,8
2026-01-25 12:00:36,,,,,,24.272,8
2026-01-25 12:03:20,,,,,,23.98,8
2026-01-25 12:06:04,,,,,,23.7395,8
2026-01-25 12:08:48,,,,,,23.522,8
2026-01-25 12:11:32,,,,,,23.453,8
2026-01-25 12:14:16,,,,,,24.185,8
2026-01-25 12:17:00,,,,,,23.975,8
2026-01-25 12:19:44,,,,,,23.761,8
2026-01-25 12:22:28,,,,,,23.46,8
2026-01-25 12:25:12,,,,,,22.9575,8
2026-01-25 12:27:56,,,,,,22.491,8
2026-01-25 12:30:40,,,,,,22.096,8
2026-01-25 12:33:24,,,,,,21.736,8
2026-01-25 12:36:08,,,,,,21.547,8
2026-01-25 12:38:52,,,,,,21.4955,8
2026-01-25 12:41:36,1.001,1468.0,,53.0451885414874,,21.57,8
2026-01-25 12:44:20,1.001,1457.5,,59.1453495727702,,22.4305,8
2026-01-25 12:47:04,1.001,1460.0,23.4120531240478,61.757076299362,1101.35816651253,23.299,8
2026-01-25 12:49:48,1.001,1465.0,22.2919843282143,62.8327124632845,1009.46716888189,23.796,8
2026-01-25 12:52:32,1.001,1472.0,21.5419010315672,64.8845589967303,904.437146104699,24.134,8
2026-01-25 12:55:16,1.001,1458.0,21.8916012346744,57.5826788828044,1114.88992714967,24.56,8
2026-01-25 12:58:00,1.001,1467.5,22.7126420461863,64.9402697199588,967.984350507028,24.705,8
2026-01-25 13:00:44,1.001,1473.0,24.0658553265093,60.6086375489879,1179.80022045642,24.736,8
2026-01-25 13:03:28,1.001,1459.5,,69.9899744304622,949.776689869349,24.768,8
2026-01-25 13:06:12,1.001,1469.0,,75.7164338382529,794.438164625884,24.643,8
2026-01-25 13:08:56,1.001,1471.5,,71.292075366291,995.667033126825,24.408,8
2026-01-25 13:11:40,1.001,1457.0,,67.9469189390951,1069.18389454638,24.039,8
2026-01-25 13:14:24,1.001,1461.0,23.2549384463636,69.60892333016,893.589645314851,23.731,8
2026-01-25 13:17:08,1.001,1453.0,22.9508465371618,56.0523913326399,1229.34253583254,23.306,8
2026-01-25 13:19:52,1.001,1462.5,21.9270781443046,60.6527100113141,1035.47719449518,23.083,8
2026-01-25 13:22:36,1.001,1467.0,21.3062343400233,58.7812678349093,1044.62701438028,23.0545,8
2026-01-25 13:25:20,1.001,1460.5,21.9878957368491,50.5177129329267,,22.755,8
2026-01-25 13:28:04,1.001,1451.0,23.2524047593033,64.9727929820287,998.398687299395,22.3885,8
2026-01-25 13:30:48,1.001,1442.0,,,,22.056,8
2026-01-25 13:33:32,1.001,1450.5,,,,21.778,8
2026-01-25 13:36:16,1.001,1452.0,,,,21.5739999999999,8
2026-01-25 13:39:00,1.001,1448.0,,,,21.502,8
2026-01-25 13:41:44,1.001,1448.0,,,,21.496,8
2026-01-25 13:44:28,1.001,1447.0,,,,21.398,8
2026-01-25 13:47:12,1.001,1452.0,20.8399707740318,74.2789828321401,633.336462645982,,8
2026-01-25 13:49:56,1.001,1464.5,22.1906213480106,73.2176987708804,716.219973385934,24.164,8
2026-01-25 13:52:40,1.001,1448.0,23.4525987491942,60.5469716921388,1057.99662312937,24.006,8
2026-01-25 13:55:24,1.001,1448.5,21.0731023182306,65.0802982560755,880.092007578963,24.0655,8
2026-01-25 13:58:08,1.001,1458.0,22.332529552892,69.26814986617,828.964605902194,24.41,8
2026-01-25 14:00:52,1.001,1450.0,23.3258933852484,56.2361254979398,1234.51401225311,25.0635,8
2026-01-25 14:03:36,1.001,1453.0,22.1703487659397,62.6153685752545,990.536729812445,25.85,8
2026-01-25 14:06:20,1.001,1467.5,23.2853476949094,64.5394220651385,1018.69880096982,26.096,8
2026-01-25 14:09:04,1.001,1439.0,22.5910059204616,55.2901034052339,1225.47897639511,23.979,8
2026-01-25 14:11:48,1.001,1442.0,22.5200515175238,68.1434620475429,895.756683062451,24.0995,8
2026-01-25 14:14:32,1.001,1452.0,23.3968483625503,56.0171002636761,1277.01546832833,24.306,8
2026-01-25 14:17:16,1.001,1452.0,22.0791222042462,59.5546242134313,1074.28397594159,24.664,8
2026-01-25 14:20:00,1.001,1446.5,22.5251196244789,71.0710374882272,804.208354281995,25.15,8
2026-01-25 14:22:44,1.001,1451.0,23.5083491995756,56.7382062196397,1262.5424081792,25.7855,8
2026-01-25 14:25:28,1.001,1446.0,22.8190738904813,54.7978376537961,1256.7033877546,26.2395,8
2026-01-25 14:28:12,1.001,1443.0,23.0319376105035,67.5830159535068,892.908520260072,25.934,8
2026-01-25 14:30:56,1.001,1441.0,23.8377842009067,52.8925559719792,,25.639,8
2026-01-25 14:33:40,1.001,1434.0,22.7582556275301,55.6413224225819,1228.14082291235,25.461,8
2026-01-25 14:36:24,1.001,1436.0,22.7126419401029,71.0160759712322,820.694706504492,25.522,8
2026-01-25 14:39:08,1.001,1432.0,23.883398378879,63.3713209470205,1085.76606513676,22.328,8
2026-01-25 14:41:52,1.001,1431.5,22.8849600949324,57.9109894646694,1174.0063169737,22.243,8
2026-01-25 14:44:36,1.001,1440.0,22.4516312977211,68.4238895931014,865.771734137186,22.085,8
2026-01-25 14:47:20,1.001,1435.0,23.7845677508885,62.5479592568107,1103.272216175,24.127,8
2026-01-25 14:50:04,1.001,1441.0,23.6603959551139,45.1933221617177,,24.7965,8
2026-01-25 14:52:48,1.001,1428.0,23.7845677124714,43.5172871959848,,25.361,8
2026-01-25 14:55:32,1.001,1435.0,24.4763848377624,50.9675978951652,,25.659,8
2026-01-25 14:58:16,1.001,1435.0,24.2356419959833,40.6518134807927,,25.7845,8
2026-01-25 15:01:00,1.001,1415.5,23.3664390755875,50.0721929274196,,25.699,8
2026-01-25 15:03:44,1.001,1421.0,23.2169269048172,68.105923462768,904.51119845704,25.656,8
2026-01-25 15:06:28,1.001,1419.5,22.6771647146961,54.9226734319876,1227.72743473263,25.625,8
2026-01-25 15:09:12,1.001,1423.0,20.6448503244901,63.7606324170313,891.29065117201,25.8149999999999,8
2026-01-25 15:11:56,1.001,1420.5,22.0183045488374,56.9712840406764,1148.5584177605,25.561,8
2026-01-25 15:14:40,1.001,1407.0,20.5080128825793,57.2318636516683,1031.7046027669,25.339,8
2026-01-25 15:17:24,1.001,1426.0,20.5738975503481,63.9709570903484,872.67297699272,25.211,8
2026-01-25 15:20:08,1.001,1410.0,21.5773778004804,57.4248539003602,1078.61136736453,25.228,8
2026-01-25 15:22:52,1.001,1440.5,19.8821117358311,58.1912195454337,970.364701392951,25.563,8
2026-01-25 15:25:36,1.001,1417.0,23.34363222729,57.1660719110021,1207.33022360362,25.933,8
2026-01-25 15:28:20,1.001,1428.5,24.053184828328,75.389698698891,740.534724120763,25.455,8
2026-01-25 15:31:04,1.001,1420.0,24.4915896711463,63.0060930719211,1136.60975835515,25.0,8
2026-01-25 15:33:48,1.001,1411.0,24.1140039042948,58.9932801405957,1196.82196983484,24.5925,8
2026-01-25 15:36:32,1.001,1416.5,20.1329780182859,65.4598852766316,795.954846109108,24.204,8
2026-01-25 15:39:16,1.001,1435.0,22.9761881043959,58.7250045360573,1158.22099500987,24.027,8
2026-01-25 15:42:00,1.001,1418.0,,62.1079171105887,1172.23016619369,23.9245,8
2026-01-25 15:44:44,1.001,1427.0,22.8748237237159,70.6418823650293,825.527286310007,23.848,8
2026-01-25 15:47:28,1.001,1413.0,21.1795327160652,59.4965769250555,1019.43151869382,23.838,8
2026-01-25 15:50:12,1.001,1446.0,21.5114934103621,59.5077078546822,1036.30084463713,25.039,8
2026-01-25 15:52:56,1.001,1427.0,24.1266743928717,65.3698272641374,1045.74419322125,25.5865,8
2026-01-25 15:55:40,1.001,1434.0,23.3512344453483,71.7211516291147,806.242574743521,25.844,8
2026-01-25 15:58:24,1.001,1423.0,22.9103010284306,54.4153123483655,,26.006,8
2026-01-25 16:01:08,1.001,1434.0,20.4370602184499,59.8550877745139,964.195529698322,25.9975,8
2026-01-25 16:03:52,1.001,1425.0,22.1500762030773,56.8513520154703,1155.75045982498,25.926,8
2026-01-25 16:06:36,1.001,1425.0,20.1507175297156,61.8603231160849,903.207099810637,25.7795,8
2026-01-25 16:09:20,1.001,1447.0,22.1272703961149,64.3117225307183,951.586552768102,25.742,8
2026-01-25 16:12:04,1.001,1416.0,24.337007514332,59.3554967226823,1237.45427083707,25.5815,8
2026-01-25 16:14:48,1.001,1430.0,22.7988011855923,68.1868298520855,883.067488805706,25.533,8
2026-01-25 16:17:32,1.001,1425.0,21.9068056227697,59.1340409337368,1074.11418086508,25.479,8
2026-01-25 16:20:16,1.001,1424.0,20.8450389698991,55.3640629009104,1110.72100779377,25.524,8
2026-01-25 16:23:00,1.001,1417.0,21.7978411499207,56.9614578839503,1124.01724955984,25.737,8
2026-01-25 16:25:44,1.001,1441.0,20.5713639559835,57.3417602431782,1029.56760961978,25.9985,8
2026-01-25 16:28:28,1.001,1429.0,23.9188760891556,58.4083554193809,1234.75879386148,26.197,8
2026-01-25 16:31:12,1.001,1433.0,22.9001646541582,68.6140250830322,862.917248272144,25.292,8
2026-01-25 16:33:56,1.001,1428.5,23.3867119323986,56.1002221204682,1264.13491316172,24.677,8
2026-01-25 16:36:40,1.001,1415.0,20.0164134526858,65.0979326540703,816.765449626459,24.178,8
2026-01-25 16:42:05,638.5,1428.0,22.9761874895775,63.2449489064852,1009.26682912746,23.9309999999999,8
2026-01-25 16:57:10,615.0,1423.0,21.2631554850377,58.9002114018478,1064.93647253668,23.71,8
2026-01-25 17:12:15,562.5,1427.5,22.3528021722158,61.2117332396076,1005.85748081078,23.6,8
2026-01-25 17:27:20,550.0,1428.0,23.6705324166978,62.8771095390771,1052.92012131286,23.518,8
2026-01-25 17:42:25,533.0,1424.0,23.0040625561523,61.7235206026687,1064.90966538324,23.63,8
2026-01-25 17:57:30,522.0,1426.5,21.7218191016145,60.7106782152356,1037.41453001576,24.765,8
2026-01-25 18:12:35,520.0,1423.0,22.9229714996909,61.97692149906,1021.73361571101,25.846,8
2026-01-25 18:27:40,515.0,1420.5,22.5580627095332,62.4879771080702,988.319242574155,26.752,8
2026-01-25 18:42:45,510.5,1422.5,22.6188807822909,61.8320839955776,978.846125705576,27.211,8
2026-01-25 18:57:50,514.0,1416.0,22.5631308754236,63.0726043758772,1014.48780178635,,8
2026-01-25 19:12:55,522.5,1418.0,21.4886859273101,59.6432878153762,1054.87362265747,,8
2026-01-25 19:28:00,531.0,1431.0,23.7110782746749,64.88112953468,1019.72854215588,27.5205,8
2026-01-25 19:43:05,525.5,1429.0,23.1637107635906,65.1475628643703,1041.76292069862,27.176,8
2026-01-25 19:58:10,522.5,1432.5,23.0623467822151,61.5149843553577,1085.60962481984,26.4994999999999,8
2026-01-25 20:13:15,526.0,1432.0,23.2853476949094,64.7529084548928,972.875840277564,26.118,8
2026-01-25 20:28:20,537.0,1437.0,,66.8156139533574,1006.07846063788,25.919,8
2026-01-25 20:43:25,537.0,1442.5,22.4617675870104,59.8701417891984,1092.82355590585,25.866,8
2026-01-25 20:58:30,554.0,1440.5,22.7202442176785,59.0229522676884,1139.34815449318,25.784,8
2026-01-25 21:13:35,564.0,1473.0,22.8089373590482,79.0750621180277,581.017379084854,25.9565,8
2026-01-25 21:28:40,553.5,1467.0,20.908389699296,85.6024265835942,359.784336335087,26.067,8
2026-01-25 21:43:45,550.0,1450.5,19.5628267169959,76.2149340270529,537.142016575268,25.4405,8
2026-01-25 21:58:50,551.0,1444.0,19.1143102819623,76.4907518414081,519.972496927413,24.594,8
2026-01-25 22:13:55,546.5,1438.0,18.8153005914355,77.3162043894809,492.634697325325,26.489,8
2026-01-25 22:29:00,547.5,1428.5,18.5897770036972,78.029119177129,470.470448993376,25.0544999999999,8
2026-01-25 22:44:05,545.0,1420.0,18.3921275916654,78.6033286794307,452.619616375907,24.314,8
2026-01-25 22:59:10,545.0,1413.5,18.197012580611,79.1364889385033,435.809823633927,25.1165,8
2026-01-25 23:14:15,547.0,1408.5,18.0753826621512,79.4696802155747,425.873092296817,24.773,8
2026-01-25 23:29:20,557.0,1413.0,18.93439755305,83.1445328404442,363.532987723414,25.7845,8
2026-01-25 23:44:25,552.0,1401.5,18.1995465393556,80.2113412355536,409.789216403455,27.153,8
2026-01-25 23:59:30,558.0,1413.0,18.7671550598024,82.7833147263533,368.370763016486,,8
2026-01-26 00:14:35,560.0,1401.5,19.1219122494367,80.0379254112204,440.904643882122,,8
2026-01-26 00:29:40,559.0,1392.0,18.5416315932816,82.116011615118,372.456401812161,,8
2026-01-26 00:44:45,561.0,1399.0,18.6353884710842,82.4149086409695,373.097965589393,,8
2026-01-26 00:59:50,559.0,1399.0,19.0205529130325,80.4448220523803,429.185597825627,,8
2026-01-26 01:14:55,558.5,1395.0,18.980009209903,80.7465194180815,423.932866351489,,8
2026-01-26 01:30:00,558.5,1390.5,18.6227186176984,81.8847969915241,374.476265343966,28.192,8
2026-01-26 01:45:05,556.5,1385.0,18.5619033441471,82.0906119443203,374.442633119866,28.0469999999999,8
2026-01-26 02:00:10,559.0,1392.5,18.663262154354,82.5365450374863,367.752277654114,27.973,8
2026-01-26 02:15:15,550.5,1391.0,18.8963878767681,81.9953402387157,393.022622776208,24.112,8
2026-01-26 02:30:20,556.0,1385.0,19.1345821828581,79.7957192261993,441.499523907926,24.0845,8
2026-01-26 02:45:25,554.5,1382.5,19.2004658043442,79.721549997379,438.557460717348,24.089,8
2026-01-26 03:00:30,557.0,1385.0,18.6835339401441,80.5417150812712,408.505166322506,24.068,8
2026-01-26 03:15:35,560.0,1381.5,18.6379224496195,82.1233080353777,373.547035196706,24.09,8
2026-01-26 03:30:40,564.0,1382.5,18.7848928830644,82.3524500241442,384.962333527402,23.785,8
2026-01-26 03:45:45,559.5,1384.0,18.7114076471334,81.8817772380347,387.033564520673,23.697,8
2026-01-26 04:00:50,562.0,1383.0,19.0230869036458,81.5410799690303,406.153448232372,23.804,8
2026-01-26 04:15:55,563.0,1379.0,19.3626411360746,78.5307397422639,478.711056567752,24.4855,8
2026-01-26 04:31:00,564.0,1371.5,19.3398352100775,78.4207760937989,479.919314515135,24.737,8
2026-01-26 04:46:05,567.5,1374.5,18.6531262749922,82.3219953251575,368.007629501053,23.625,8
2026-01-26 05:01:10,567.0,1370.0,18.7342133923957,82.051319096557,379.055653883731,23.861,8
2026-01-26 05:16:15,580.0,1362.0,23.290415915806,67.6721088195787,924.113687542543,24.6575,8
2026-01-26 05:31:20,575.0,1364.0,24.3572804063587,62.7572374790236,1138.33996586318,25.924,8
2026-01-26 05:46:25,568.0,1365.5,,69.9762476926855,957.118031565862,26.892,8
2026-01-26 06:01:30,566.5,1383.0,,65.9636783401703,1118.47968513835,27.6974999999999,8
2026-01-26 06:16:35,564.5,1394.5,,67.832530816048,1107.36670056001,27.757,8
2026-01-26 06:31:40,564.0,1407.0,,72.3067327463785,956.488258657083,27.4365,8
2026-01-26 06:46:45,566.5,1417.0,,74.1142369495752,868.504764219849,26.978,8
2026-01-26 07:01:50,566.0,1421.0,,72.7393418440854,932.145907382856,26.391,8
2026-01-26 07:16:55,570.0,1437.0,,73.5957674628286,940.371868191227,26.149,8
2026-01-26 07:32:00,574.5,1445.5,,72.8172513298623,980.863936021164,25.728,8
2026-01-26 07:47:05,576.5,1448.0,,74.4611505936192,925.906991632196,25.521,8
2026-01-26 08:02:10,575.5,1457.5,,69.7775759205819,1070.91136532009,25.495,8
2026-01-26 08:17:15,577.5,1467.5,,73.4156549597956,977.912055269403,25.6379999999999,8
2026-01-26 08:32:20,577.0,1478.0,,72.8041529436674,1012.6172209615,25.751,8
2026-01-26 08:47:25,581.0,1483.5,,76.5099520941267,861.300727398865,25.81,8
2026-01-26 09:02:30,570.0,1490.5,,74.5620618849823,889.187030251071,25.725,8
2026-01-26 09:17:35,553.5,1490.0,,67.6459498030709,1105.89980899932,22.4545,8
2026-01-26 09:32:40,561.0,1493.0,,72.9053659663985,996.683168778488,22.141,8
2026-01-26 09:47:45,537.5,1492.0,23.832715960365,65.2341457366045,987.677707485014,22.516,8
2026-01-26 10:02:50,537.0,1488.0,24.3167351883748,64.601190500725,1087.08018868134,22.895,8
2026-01-26 10:17:55,518.0,1480.5,23.9340808264969,68.4860205399436,956.27741678548,22.704,8
2026-01-26 10:33:00,528.0,1469.0,21.9878957368491,64.0584693063485,1044.55174676179,22.82,8
2026-01-26 10:48:05,520.0,1473.0,23.8023065238085,64.9352847358226,1046.09870274759,23.031,8
2026-01-26 11:03:10,528.5,1467.0,,67.9089820763762,918.536402219768,23.874,8
2026-01-26 11:18:15,485.0,1461.0,21.4304027078032,64.3804140244986,945.13367643509,25.072,8
2026-01-26 11:33:20,509.0,1456.0,,65.8088831858876,1053.04572944154,25.613,8
2026-01-26 11:48:25,492.0,1455.0,22.4414949426573,62.8418309303461,1095.23542550552,25.5935,8
2026-01-26 12:03:30,483.5,1455.0,22.0841906934801,61.9009712822561,1047.2006129121,25.214,8
2026-01-26 12:18:35,505.5,1452.5,,66.1085528546502,1036.78253503782,25.154,8
2026-01-26 12:33:40,476.0,1451.0,22.248905057917,61.4442994575425,1017.63969154683,25.045,8
2026-01-26 12:48:45,474.5,1448.5,21.2783597648667,66.3408042847138,864.773393200346,24.573,8
2026-01-26 13:03:50,482.0,1440.0,23.1333015569543,61.2322633610598,1059.1685836285,24.25,8
2026-01-26 13:18:55,481.0,1434.5,22.3274614971596,58.3933897838777,1129.98829914323,24.05,8
2026-01-26 13:34:00,535.0,1433.5,21.2099406444613,61.5016002007102,994.473854188392,24.093,8
2026-01-26 13:49:05,567.5,1419.0,21.1668618021358,60.9903997879589,968.277548208397,24.145,8
2026-01-26 14:04:10,586.0,1431.0,22.2919843282143,60.9160820558863,1057.32897677737,24.1705,8
2026-01-26 14:19:15,587.0,1434.0,23.1130288493004,62.4860015587342,999.165781929478,24.169,8
2026-01-26 14:34:20,588.0,1441.0,21.6432632950891,59.4435608338583,994.176641014958,24.124,8
2026-01-26 14:49:25,602.5,1434.0,22.2413028235605,62.7128683334527,1069.26832553467,24.053,8
2026-01-26 15:04:30,597.0,1436.5,22.4947106378676,60.5120015538288,1046.89190588959,24.915,8
2026-01-26 15:19:35,592.0,1432.0,21.9676232013443,61.67974418468,1055.85264811905,25.8209999999999,8
2026-01-26 15:34:40,582.5,1433.5,21.932146275416,61.1392898849547,960.538671787251,26.6,8
2026-01-26 15:49:45,633.5,1434.0,21.7015466074371,59.3495768211331,1044.54831611816,27.3179999999999,8
2026-01-26 16:04:50,662.0,1430.0,22.4769726175727,64.0920400811808,993.299448603076,27.905,8
2026-01-26 16:19:55,593.5,1429.5,22.7177102304121,63.2929299408692,951.367897749999,28.2075,8
2026-01-26 16:35:00,533.0,1435.5,21.8130452794284,62.4214391082252,956.079401718371,,8
2026-01-26 16:50:05,509.5,1438.0,21.6635357747145,60.0896846231421,1047.06214927386,,8
2026-01-26 17:05:10,505.0,1429.5,21.8510562125593,59.596565156882,1085.32214516376,,8
2026-01-26 17:20:15,498.0,1434.0,21.7192850193241,61.5655329920797,956.157672383647,27.822,8
2026-01-26 17:35:20,513.0,1424.0,22.0689859254343,61.9145404689175,1096.88750255282,27.2105,8
2026-01-26 17:50:25,527.0,1432.5,20.9033216269745,62.598788695672,1026.27205291108,26.621,8
2026-01-26 18:05:30,546.5,1430.5,21.4151984011987,59.1124776048816,1044.49492811227,25.947,8
2026-01-26 18:20:35,557.5,1425.5,23.0370058050612,61.4045969309859,1010.17004945588,25.342,8
2026-01-26 18:35:40,551.0,1421.0,22.7582555365806,60.3956079401694,1031.6500954724,25.0445,8
2026-01-26 18:50:45,535.0,1425.0,21.8130452756449,59.2441009303907,1005.1718806315,24.836,8
2026-01-26 19:05:50,539.0,1425.0,21.7370234604604,62.1244695142207,1084.99137361787,24.764,8
2026-01-26 19:20:55,538.5,1428.5,22.6873010633571,60.0974657125276,982.386403393038,23.2595,8
2026-01-26 19:36:00,533.5,1427.0,22.1222014126979,59.6588213169199,1054.7310829044,22.988,8
2026-01-26 19:51:05,533.0,1425.0,21.7547618596872,63.1991812925235,953.058404898029,22.708,8
2026-01-26 20:06:10,537.5,1436.0,23.8986031114181,61.7245688687022,1053.25354673558,22.382,8
2026-01-26 20:21:15,515.0,1426.0,21.2124745711917,63.0257337096171,947.975820331726,22.113,8
2026-01-26 20:36:20,520.0,1426.0,22.3173250914551,59.6021152153852,1096.14710761461,21.306,8
2026-01-26 20:51:25,515.5,1428.5,22.7582555365806,62.7597554640613,984.980416024641,20.851,8
2026-01-26 21:06:30,513.5,1437.0,21.5925821344426,62.1683929328585,980.04882157524,20.5775,8
2026-01-26 21:21:35,511.0,1465.5,20.680326734262,76.4440983161098,574.314202667207,20.408,8
2026-01-26 21:36:40,507.5,1460.5,19.9910733501019,84.8599197567514,353.747339393157,20.3185,8
2026-01-26 21:51:45,505.5,1452.5,19.2815534317924,78.9929614264804,471.970895495189,20.264,8
2026-01-26 22:06:50,509.0,1451.0,19.2460775856161,84.1959688118952,353.183718399583,20.226,8
2026-01-26 22:21:55,508.0,1461.5,18.805164687481,77.9295134833515,478.253883901595,20.634,8
2026-01-26 22:37:00,507.0,1449.0,18.7696890351362,83.5878795389478,355.973384241526,22.146,8
2026-01-26 22:52:05,505.0,1440.5,18.2476917627791,74.4625231205104,534.169278605394,23.0705,8
2026-01-26 23:07:10,506.0,1429.5,18.0652468431799,74.4852501797859,528.799290436138,23.941,8
2026-01-26 23:22:15,519.0,1439.0,19.393049048318,75.9073730535681,549.332387519258,23.957,8
2026-01-26 23:37:20,516.0,1429.0,18.5796411300107,83.3673501700394,358.77830315877,23.914,8
2026-01-26 23:52:25,522.5,1421.5,19.5070788066514,75.4850357979404,552.951459578958,23.7695,8
2026-01-27 00:07:30,518.5,1428.0,18.6531262678618,83.3672471784209,360.535698866194,23.328,8
2026-01-27 00:22:35,518.5,1410.5,19.9125191281345,73.1891948518884,615.791650003338,23.1465,8
2026-01-27 00:37:40,521.0,1421.0,18.6708640729339,82.8190463236163,373.421530146074,22.99,8
2026-01-27 00:52:45,524.0,1414.0,19.6869927238731,74.6785399708658,569.410768687277,22.974,8
2026-01-27 01:07:50,521.0,1417.0,18.5619033418188,82.8021753644481,375.033360712994,22.749,8
2026-01-27 01:22:55,526.5,1423.5,19.4437289154448,76.2862037296963,525.839597822898,22.526,8
2026-01-27 01:38:00,521.5,1411.5,18.4808163756097,81.2000831913206,392.779646722644,22.7035,8
2026-01-27 01:53:05,526.5,1423.0,18.9774752201628,81.3765557396512,408.583679147558,22.763,8
2026-01-27 02:08:10,523.0,1411.0,19.4538648875022,77.0042044383659,525.278076520213,22.962,8
2026-01-27 02:23:15,522.0,1417.5,18.5416315932816,83.0691301037878,365.783507635777,22.393,8
2026-01-27 02:38:20,526.0,1427.0,19.5907007020723,77.6906963481155,509.977656077897,21.708,8
2026-01-27 02:53:25,523.0,1413.5,18.5720392178336,78.5822948152473,440.965205692815,21.201,8
2026-01-27 03:08:30,524.0,1422.0,18.6835339308308,81.8174766120064,387.013961920423,20.666,8
2026-01-27 03:23:35,530.5,1414.5,19.7883527913654,73.8717276694638,593.331718072463,20.3915,8
2026-01-27 03:38:40,520.0,1413.5,18.6328544983698,82.8707889109935,370.420447239294,20.364,8
2026-01-27 03:53:45,524.5,1428.0,19.1193782514019,81.5343030847375,408.710262228039,20.2935,8
2026-01-27 04:08:50,523.0,1405.0,20.2318046629807,71.4458340944156,665.693003135959,21.052,8
2026-01-27 04:23:55,521.5,1425.5,18.855844218895,82.6921908822075,380.909510132296,22.276,8
2026-01-27 04:39:00,522.5,1412.0,20.2343386365682,72.839933844401,636.201420151876,22.8265,8
2026-01-27 04:54:05,516.5,1419.0,18.6227186246833,82.9476950782754,372.674242407523,23.071,8
2026-01-27 05:09:10,528.5,1400.5,22.2717117228603,69.2530017965329,826.311697076241,23.208,8
2026-01-27 05:24:15,528.5,1391.0,24.0101045524934,62.0315988125701,1087.38500389883,23.2935,8
2026-01-27 05:39:20,523.0,1401.0,,64.1521228080806,1130.62476917699,23.1929999999999,8
2026-01-27 05:54:25,520.0,1408.5,,65.5091726046986,1143.79507861008,23.072,8
2026-01-27 06:09:30,523.0,1421.0,,69.5421584784254,1033.02170150832,22.765,8
2026-01-27 06:24:35,524.0,1430.5,,69.3464040965666,1061.73278459902,22.6794999999999,8
2026-01-27 06:39:40,528.0,1446.0,,70.3019305729868,1034.03224356155,22.718,8
2026-01-27 06:54:45,533.0,1450.0,,73.657167136532,926.531087101089,22.771,8
2026-01-27 07:09:50,546.0,1466.0,,68.8252336400737,1088.110648762,23.016,8
2026-01-27 07:24:55,546.0,1470.5,,76.5204979999999,833.725795206298,23.1015,8
2026-01-27 07:40:00,545.5,1474.5,,68.096043893343,1153.61062745251,23.03,8
2026-01-27 07:55:05,547.0,1484.0,,76.2484801220761,816.870032638781,22.925,8
2026-01-27 08:10:10,548.0,1500.0,,67.2178935441351,1180.33733292872,22.583,8
2026-01-27 08:25:15,553.0,1503.0,,71.6772546108381,1011.12534198307,22.17,8
2026-01-27 08:40:20,553.0,1511.5,,77.8406112258217,808.534600780351,21.827,8
2026-01-27 08:55:25,555.0,1521.5,,78.419998404016,790.775055507999,21.458,8
2026-01-27 09:10:30,553.0,1523.0,,70.2487973364856,1114.03498232851,21.1435,8
2026-01-27 09:25:35,546.0,1523.0,24.2939270414644,69.248704144527,1082.64989276227,20.775,8
2026-01-27 09:40:40,546.0,1521.5,,66.7439649344192,1038.19805264742,20.5709999999999,8
2026-01-27 09:55:45,553.0,1527.0,,69.8805421287813,1019.2848834871,21.478,8
2026-01-27 10:10:50,535.0,1525.0,,64.0490236172559,1058.42041974004,22.142,8
2026-01-27 10:25:55,513.0,1526.0,24.4510438184079,65.4342727161709,1101.82004718997,22.616,8
2026-01-27 10:41:00,531.0,1520.0,,68.0110317816978,925.428987695886,23.0144999999999,8
2026-01-27 10:56:05,521.0,1516.5,,69.9738568183825,1003.61501816472,23.1779999999999,8
2026-01-27 11:11:10,494.0,1507.0,22.0081682770105,57.2525357743112,1150.50595279703,23.252,8
2026-01-27 11:26:15,518.0,1511.0,,67.8204859605121,1098.49691580247,23.22,8
2026-01-27 11:41:20,494.0,1497.0,22.063917786465,62.0559621438891,977.432296095542,23.296,8
2026-01-27 11:56:25,516.0,1500.0,,66.6362718954636,1063.15039031448,23.078,8
2026-01-27 12:11:30,491.5,1501.0,21.3569152527052,62.731691884456,919.910593120019,23.219,8
2026-01-27 12:26:35,500.0,1499.0,22.5301877905149,63.7663600351272,1039.19776748593,23.322,8
2026-01-27 12:41:40,485.0,1491.0,21.8459880861046,61.8627755091067,1066.95587947716,23.442,8
2026-01-27 12:56:45,486.0,1487.5,21.247951207828,61.6286923869779,1022.81102843738,,8
2026-01-27 13:11:50,494.0,1474.0,21.8358518346503,60.3875573110378,1055.1297122884,,8
2026-01-27 13:26:55,499.5,1476.0,23.4044506877107,63.2054876512092,1077.7033156509,,8
2026-01-27 13:42:00,497.0,1476.0,24.4206338044314,65.5574984108042,1025.92996947806,,8
2026-01-27 13:57:05,472.0,1474.0,21.5672415794397,60.3863521592012,1062.34962858419,,8
2026-01-27 14:12:10,486.0,1464.5,22.015770488957,58.8791175755276,1071.1471091968,,8
2026-01-27 14:27:15,481.5,1466.5,22.3350636303803,58.6452993900512,1102.13816308726,,8
2026-01-27 14:42:20,484.0,1472.0,23.9644903090375,61.1552641128847,1078.11168574763,,8
2026-01-27 14:57:25,477.0,1452.5,22.362938483624,47.0847146276727,,,8
2026-01-27 15:12:30,478.0,1447.0,21.6888763628958,41.7089473544161,,,8
2026-01-27 15:27:35,483.0,1446.0,21.7547618596872,38.9714090530966,,,8
2026-01-27 15:42:40,482.5,1446.0,21.8941353000846,40.4708884561067,,,8
2026-01-27 15:57:45,511.0,1442.0,20.9590704385191,50.183936882556,1263.50982079641,,8
2026-01-27 16:12:50,575.0,1449.0,20.3838457709207,59.3786627051688,1028.6999867566,,8
2026-01-27 16:27:55,572.0,1451.0,21.3239726200699,61.5980588420996,1007.13133716628,,8
2026-01-27 16:43:00,588.5,1447.0,21.8586584057338,59.195221711837,1137.27929046921,,8
2026-01-27 16:58:05,569.0,1446.5,21.2834281277901,63.695856509065,965.981259930941,,8
2026-01-27 17:13:10,594.0,1439.0,21.0604320042766,53.9652233776883,1179.3494762289,,8
2026-01-27 17:28:15,578.0,1445.0,20.5029448332497,61.9517813905774,974.795384779868,,8
2026-01-27 17:43:20,715.0,1439.0,22.9559147270629,59.5460656310546,1109.15614944895,,8
2026-01-28 17:38:12,809.0,1498.0,20.3154272126557,66.0677487660829,808.885301361416,,12
2026-01-28 17:40:56,819.0,1515.5,21.2884959528746,63.6939567919745,918.861560209379,24.0405,12
2026-01-28 17:43:40,808.0,1497.0,22.5149832944443,56.423287521132,1139.00562859414,24.229,12
2026-01-28 17:46:24,815.5,1509.5,20.2748829146439,64.4133101102401,846.202693503572,24.368,12
2026-01-28 17:49:08,821.0,1520.0,22.7177101163251,58.8297039292609,1136.80463777167,,12
2026-01-28 17:51:52,812.0,1503.0,24.0607870728708,68.9751341615063,935.451165679646,,12
2026-01-28 17:54:36,817.0,1512.0,23.7794995195145,70.3218911007566,873.910818623848,,12
2026-01-28 17:57:20,805.0,1490.0,22.8114716335694,52.725719472267,,,12
2026-01-28 18:00:04,815.0,1509.0,20.9945475693384,69.9548126277937,747.452820770175,,12
2026-01-28 18:02:48,810.0,1499.0,22.403483740898,60.4912588598409,1087.91281529287,,12
2026-01-28 18:05:32,816.5,1512.0,20.5080128825793,56.380019165082,1049.95436290798,,12
2026-01-28 18:08:16,819.0,1517.0,22.1348719367815,54.3228043414009,1165.74923598425,,12
2026-01-28 18:11:00,811.0,1501.0,20.3965158645587,60.8503586604756,937.941934327311,,12
2026-01-28 18:13:44,822.0,1521.0,20.8526409197656,60.5663438730703,971.668140403574,,12
2026-01-28 18:16:28,819.5,1517.0,23.8124432828335,55.3275274507833,,,12
2026-01-28 18:19:12,805.0,1490.0,23.5691678532457,68.3508133941713,920.036550343415,,12
2026-01-28 18:21:56,818.5,1515.0,22.3173251199768,59.7578102957744,1084.18955977958,,12
2026-01-28 18:24:40,809.0,1498.0,20.8222325094102,60.1260577098329,980.681351771175,,12
2026-01-28 18:27:24,816.5,1512.5,21.932146275416,62.2359733517771,994.118678947672,,12
2026-01-28 18:30:08,810.0,1499.0,20.0290837820648,62.1059532138664,887.971635589506,,12
2026-01-28 18:32:52,826.5,1530.0,21.306235424432,64.7931943280602,880.310509031754,,12
2026-01-28 18:35:36,816.0,1511.0,24.2685858889599,58.312824787929,1263.97583609222,,12
2026-01-28 18:38:20,815.5,1510.0,22.4643016793415,70.3751257664928,816.065290426182,,12
2026-01-28 18:41:04,813.0,1504.0,22.030975000307,53.3584788106275,1228.12282596109,25.2,12
2026-01-28 18:43:48,808.0,1497.0,20.654986497946,64.7040219296778,854.680893247392,25.782,12
2026-01-28 18:46:32,817.0,1512.0,21.5824459115101,58.3751229445975,1077.93278054906,25.219,12
2026-01-28 18:49:16,810.0,1500.0,20.1532501323672,60.0768163440507,942.20963983192,,12
2026-01-28 18:52:00,826.0,1529.0,22.4592335000634,56.9339894918255,1170.6459306365,24.863,12
2026-01-28 18:54:44,817.0,1512.0,23.9188760904653,70.1612187245545,886.047324371108,24.801,12
2026-01-28 18:57:28,816.5,1511.5,24.4713165605498,69.3588071177679,940.286813112643,,12
2026-01-28 19:00:12,813.0,1505.0,24.3142002999084,58.4868017087724,1211.7661386391,,12
2026-01-28 19:02:56,811.0,1501.0,20.819698648891,64.6343013691009,866.361972434853,,12
2026-01-28 19:05:40,820.0,1517.0,21.5773778004804,59.4247713598543,1050.28131781383,,12
2026-01-28 19:08:24,807.5,1495.0,22.1247354733059,51.1577754267626,,,12
2026-01-28 19:11:08,820.0,1519.0,19.975869292044,66.372116980037,830.678656351473,,12
2026-01-28 19:13:52,823.0,1523.5,23.8859327634127,59.2740584015014,1206.94729328052,,12
2026-01-28 19:16:36,816.0,1511.0,22.9280408518534,73.4166619339868,748.339966730402,,12
2026-01-28 19:19:20,815.5,1509.0,22.2767798737622,60.8900896971758,1051.38522261986,,12
2026-01-28 19:22:04,812.0,1503.0,21.4354708098107,49.8583283728828,1280.50008833096,,12
2026-01-28 19:24:48,816.0,1510.0,20.8323686450312,75.0021082061811,615.195105851589,,12
2026-01-28 19:27:32,815.0,1508.5,20.7715518487675,53.21595508782,1156.02331582525,,12
2026-01-28 19:30:16,813.0,1506.0,20.406652424077,68.4955160064891,750.165397563526,,12
2026-01-28 19:33:00,817.0,1513.0,21.4151984011987,50.799718210358,1230.45359393351,,12
2026-01-28 19:35:44,823.0,1523.0,19.839033018361,60.1960819015085,919.894095280891,,12
2026-01-28 19:38:28,823.0,1524.5,22.839346432971,56.8250843690801,1194.83474129079,,12
2026-01-28 19:41:12,820.0,1518.0,23.754158269221,74.0060136104445,764.107513998398,,12
2026-01-28 19:43:56,820.5,1519.0,,68.7696286457858,978.532389911069,,12
2026-01-28 19:46:40,818.0,1514.0,,58.9546683950978,1263.3816152082,26.3789999999999,12
2026-01-28 19:49:24,810.5,1501.0,21.3189045238832,61.2703001876187,982.029534864418,26.363,12
2026-01-28 19:52:08,819.0,1517.0,21.3594493015261,62.8640312739691,943.960643266548,26.3335,12
2026-01-28 19:54:52,811.5,1502.5,22.403483740898,55.7879401868732,1212.941159563,26.077,12
2026-01-28 19:57:36,817.0,1512.0,20.2850189874006,56.0648390508936,1044.71788890218,,12
2026-01-28 20:00:20,813.0,1505.0,21.4557432230794,54.8402588375812,1154.53841711629,,12
2026-01-28 20:03:04,813.0,1505.0,19.765546824914,64.8431757147704,799.960654489103,,12
2026-01-28 20:05:48,822.0,1522.0,22.664494795681,61.9356488165773,1048.15812515783,,12
2026-01-28 20:08:32,816.5,1511.5,24.3724853231251,60.2001731747064,1216.90441305883,,12
2026-01-28 20:11:16,815.0,1509.0,22.0841903442342,78.9248819738406,559.954343520957,,12
2026-01-28 20:14:00,815.0,1509.0,22.1779510710184,55.3068959946447,1184.5233862621,,12
2026-01-28 20:16:44,814.0,1508.0,20.3661076206772,60.4006287046018,942.581434452924,,12
2026-01-28 20:19:28,819.0,1515.5,21.6939444277959,56.1711284579056,1147.36963497739,,12
2026-01-28 20:22:12,810.0,1499.0,20.1659229974175,59.3108050554961,967.506071153419,,12
2026-01-28 20:24:56,825.0,1527.0,21.53176481431,64.9642340432987,900.018643699161,,12
2026-01-28 20:27:40,820.0,1519.0,24.1064013660943,59.5774902637217,1188.0484680855,,12
2026-01-28 20:30:24,817.5,1513.0,23.1535743602144,67.197298076144,916.94632689367,,12
2026-01-28 20:33:08,809.0,1497.0,23.670532426011,62.2186619622487,1110.67728519788,,12
2026-01-28 20:35:52,812.5,1504.0,20.3711758629651,64.1490880720085,852.909525970315,,12
2026-01-28 20:38:36,812.0,1503.0,21.0021498974092,58.1391940792638,1047.83923427528,,12
2026-01-28 20:41:20,810.0,1499.5,21.9118737527169,54.2270115072168,1178.64651141517,,12
2026-01-28 20:44:04,820.0,1517.0,19.6109726844588,65.0054087107185,823.383440553993,,12
2026-01-28 20:46:48,821.0,1521.0,23.4880765429988,59.0020963248684,1186.22177734728,,12
2026-01-28 20:49:32,816.5,1511.5,23.2954841134196,69.9170231863112,860.19774794246,,12
2026-01-28 20:52:16,814.0,1506.0,23.4323258772492,62.8812733937062,1081.34256575541,,12
2026-01-28 20:55:00,816.5,1511.5,20.7639497682248,59.0847635987125,997.93778087521,,12
2026-01-28 20:57:44,809.0,1497.0,21.2606214517873,54.9325307695498,1136.7335630758,,12
2026-01-28 21:00:28,820.5,1519.0,20.7487455613008,57.3493799729678,1045.65399306167,,12
2026-01-28 21:03:12,833.0,1543.0,20.9438662509492,57.6045795962558,1049.62762219588,,12
2026-01-28 21:05:56,834.0,1544.5,21.3341088133165,60.6574681917696,1000.0493566605,,12
2026-01-28 21:08:40,831.0,1538.0,21.2276788446179,64.5020447723984,895.076587497593,,12
2026-01-28 21:11:24,832.0,1540.0,21.0452277619915,67.8548115015326,801.505025381122,,12
2026-01-28 21:14:08,833.0,1542.0,20.8982535549439,70.4111088927657,731.134900233312,,12
2026-01-28 21:16:52,832.5,1541.5,20.7715518493496,72.8451167658731,665.786078659585,,12
2026-01-28 21:19:36,825.0,1526.0,20.6347142104059,74.9640153852013,608.682430731663,,12
2026-01-28 21:22:20,831.5,1539.0,20.5308191084914,76.8758515672204,558.61533386527,,12
2026-01-28 21:25:04,829.0,1535.0,20.4066519512853,78.5931232201827,513.184009429954,,12
2026-01-28 21:27:48,837.0,1549.0,20.3204952513624,80.0207454703341,476.420516063731,,12
2026-01-28 21:30:32,833.0,1541.0,20.2444747033587,81.317550655063,443.409305798445,,12
2026-01-28 21:33:16,827.0,1532.0,20.1811242968688,82.3834310002273,416.478377537661,,12
2026-01-28 21:36:00,828.5,1534.0,20.0975018298486,83.4031034457017,390.348069374711,,12
2026-01-28 21:38:44,832.0,1539.0,20.0493555972498,84.2789775187972,368.64926834421,,12
2026-01-28 21:41:28,830.0,1536.5,19.9860053304582,85.0930573701145,348.190829758469,,12
2026-01-28 21:44:12,827.0,1531.0,19.9327911420987,85.8860553724048,328.584415405868,,12
2026-01-28 21:46:56,827.5,1532.0,19.8947810266399,86.5880132582771,311.50737641399,,12
2026-01-28 21:49:40,826.0,1528.0,19.8542369220231,87.2117425996069,,25.457,12
2026-01-28 21:52:24,819.0,1516.0,20.4877406870073,86.2282115354422,331.804681128838,23.535,12
2026-01-28 21:55:08,825.0,1527.0,21.1364532549923,84.6091203051413,385.90950729358,24.022,12
2026-01-28 21:57:52,820.0,1518.5,21.6762060262408,83.3335088403388,431.939802897025,24.0975,12
2026-01-28 22:00:36,820.0,1518.0,22.0943266246467,82.4247693542507,467.254451986756,24.085,12
2026-01-28 22:03:20,823.5,1524.0,22.4212222977221,81.7431079586861,495.126370770299,23.697,12
2026-01-28 22:06:04,827.0,1531.0,22.6670283671992,81.3097950308031,514.495404939363,23.073,12
2026-01-28 22:08:48,825.0,1526.0,22.8596191700198,80.9776721949031,529.784753562425,21.873,12
2026-01-28 22:11:32,824.5,1526.5,23.0319376105035,80.6899795229632,543.821885043221,21.573,12
2026-01-28 22:14:16,832.0,1541.0,23.0826195867848,80.6178875144841,547.150079726379,21.1325,12
2026-01-28 22:17:00,837.0,1550.0,22.2058257876196,83.446681915775,443.08336475948,21.077,12
2026-01-28 22:19:44,839.0,1554.0,21.6635357368795,85.4381458001949,377.108848025277,21.069,12
2026-01-28 22:22:28,836.0,1548.0,21.3037002370692,86.7407060992108,335.889332973221,21.4235,12
2026-01-28 22:25:12,841.0,1557.0,21.0325575664901,87.6775747838389,307.011075767413,22.23,12
2026-01-28 22:27:56,828.0,1532.5,21.0401596818119,88.0621072380035,,22.899,12
2026-01-28 22:30:40,828.0,1532.0,21.825715597748,85.5669997783649,377.499652992777,23.423,12
2026-01-28 22:33:24,832.0,1540.0,22.3426658619719,84.0670212889499,430.042985300849,,12
2026-01-28 22:36:08,827.0,1532.0,22.6062103066651,83.3063026360909,457.844491978824,,12
2026-01-28 22:38:52,836.0,1547.5,22.8874941888643,82.5981824696662,485.472296225369,,12
2026-01-28 22:41:36,835.0,1545.0,23.0623467822151,82.1580358942207,503.042572570856,,12
2026-01-28 22:44:20,837.5,1550.5,23.2245292106235,81.8203476161546,517.611932948435,,12
2026-01-28 22:47:04,837.0,1549.0,23.3816437177592,81.4215801798427,534.002812448923,,12
2026-01-28 22:49:48,838.0,1552.0,23.4880762876127,81.1845750709998,543.504766537056,,12
2026-01-28 22:52:32,850.0,1574.0,23.4171212263463,81.2933758226262,538.839256402251,,12
2026-01-28 22:55:16,849.0,1572.0,22.4795061730837,84.4962738053719,421.980267962722,,12
2026-01-28 22:58:00,850.0,1574.0,21.9169418829551,86.4523396472098,356.304694211366,,12
2026-01-28 23:00:44,850.0,1574.0,21.5545713088504,87.7460264037693,315.231135674103,,12
2026-01-28 23:03:28,842.0,1558.5,21.3594493015261,88.5357434388368,,,12
2026-01-28 23:06:12,835.0,1546.0,22.0005660966417,86.7640821472774,349.905415127249,,12
2026-01-28 23:08:56,838.5,1553.0,22.5352559556777,84.9720949668167,410.387362486465,,12
2026-01-28 23:11:40,843.0,1561.0,22.867221451961,83.8493840368502,450.019170503974,,12
2026-01-28 23:14:24,843.5,1561.0,23.082619569177,83.3318413496874,470.524145077603,,12
2026-01-28 23:17:08,844.0,1562.0,23.24480203251,82.8111828643517,489.998753994108,,12
2026-01-28 23:19:52,845.5,1565.5,23.3993824711797,82.4235740263812,505.744016898092,,12
2026-01-28 23:22:36,847.0,1568.0,23.5134173929691,82.0810712114822,519.154048317858,18.682,12
2026-01-28 23:25:20,844.5,1563.0,23.5995772102032,81.9730044308583,524.602843429353,19.235,12
2026-01-28 23:28:04,850.0,1574.0,23.7009418084344,81.7237498711495,535.44711878583,,12
2026-01-28 23:30:48,850.0,1573.0,23.7490900337725,81.6308149002062,539.605698993307,,12
2026-01-28 23:33:32,853.0,1580.0,23.817511240486,81.4739327586232,546.656342842225,,12
2026-01-28 23:36:16,851.0,1575.0,23.8555230451311,81.4146719506947,549.742886105653,,12
2026-01-28 23:39:00,861.0,1594.0,23.584372530342,82.1317753379234,519.902073700997,,12
2026-01-28 23:41:44,858.0,1588.0,22.7101078748382,85.1896953794629,408.781721363012,,12
2026-01-28 23:44:28,865.0,1600.5,22.1703487659397,87.0416436261409,346.108757440362,,12
2026-01-28 23:47:12,856.0,1586.0,21.7978409037023,88.4051697605977,302.742494422356,27.33,12
2026-01-28 23:49:56,856.0,1585.0,22.0892584842222,87.8730817663215,322.306308074291,25.582,12
2026-01-28 23:52:40,856.0,1584.0,22.6771647218265,85.9105832107063,388.094770357071,24.1015,12
2026-01-28 23:55:24,849.5,1573.5,23.0065966492111,84.8347553367746,426.142192161374,23.524,12
2026-01-28 23:58:08,859.0,1591.0,23.2042563887371,84.2090938704174,449.048094896006,23.06,12
2026-01-29 00:00:52,858.0,1588.0,23.4095189022045,83.6190845412459,471.63183834193,22.6065,12
2026-01-29 00:03:36,860.0,1592.0,23.5184856151754,83.3328101215802,483.478267372261,22.253,12
2026-01-29 00:06:20,859.0,1590.0,23.6451912650663,83.0478315069327,495.057544480094,22.4975,12
2026-01-29 00:09:04,861.0,1593.0,23.7414876803813,82.7552106422465,506.374315850482,22.282,12
2026-01-29 00:11:48,862.0,1596.0,23.832715960947,82.493098863616,517.056072440491,21.989,12
2026-01-29 00:14:32,863.5,1599.0,23.8986031101085,82.3825206128295,522.57714598463,21.682,12
2026-01-29 00:17:16,862.0,1595.0,23.9695585572917,82.2347582472525,529.016041511396,21.357,12
2026-01-29 00:20:00,860.5,1593.5,24.0151728032215,82.1248787940559,534.072170140266,21.0875,12
2026-01-29 00:22:44,869.0,1608.0,24.0886624718114,81.9431158292965,541.214719402261,20.872,12
2026-01-29 00:25:28,862.5,1597.0,24.1368109080067,81.8081272080508,547.710507760621,20.864,12
2026-01-29 00:28:12,868.0,1607.0,24.1748228504584,81.7454668238476,549.903033080266,21.511,12
2026-01-29 00:30:56,877.5,1624.5,23.8884666223311,82.440907521527,520.337172053689,21.4915,12
2026-01-29 00:33:40,875.0,1619.0,22.9812557094555,85.630815784358,403.178689632534,21.482,12
2026-01-29 00:36:24,876.5,1623.0,22.4288245361531,87.6047150169877,336.314241518379,21.501,12
2026-01-29 00:39:08,875.0,1621.0,22.0689859254343,88.8744192298809,,21.374,12
2026-01-29 00:41:52,868.5,1607.5,22.2945184438285,88.6105070502374,306.548862150681,21.2035,12
2026-01-29 00:44:36,869.0,1609.0,22.9761874895775,86.1116434151601,389.53826538908,21.16,12
2026-01-29 00:47:20,873.5,1616.5,23.3664390849007,84.7183961480985,438.847805021711,21.459,12
2026-01-29 00:50:04,870.0,1610.0,23.6249183487379,83.9283333869036,468.77144302351,21.227,12
2026-01-29 00:52:48,872.0,1613.0,23.7820335711003,83.406775462794,488.580141284808,21.106,12
2026-01-29 00:55:32,871.0,1612.5,23.90873959905,83.0079414792677,504.147518783284,21.077,12
2026-01-29 00:58:16,871.0,1613.0,24.0455823142838,82.6262679877249,519.724384357196,21.131,12
2026-01-29 01:01:00,870.0,1610.5,24.1520156828919,82.3786175878788,530.507418457651,21.097,12
2026-01-29 01:03:44,871.0,1457.5,24.177356980188,82.3436163111555,532.692791358467,20.9985,12
2026-01-29 01:06:28,873.5,1467.5,24.2685857106989,82.0952985918163,543.373945794924,20.91,12
2026-01-29 01:09:12,874.0,1478.0,24.3192683796514,81.9993560816803,547.382910181579,21.148,12
2026-01-29 01:11:56,878.5,1483.5,24.364882806316,81.9697953901492,550.086577596252,21.136,12
2026-01-29 01:14:40,885.0,1490.5,23.7085442133393,83.9475980904211,470.637243265771,21.0054999999999,12
2026-01-29 01:17:24,883.5,1490.0,22.8596191687101,86.9958959145036,362.172833223554,20.875,12
2026-01-29 01:20:08,883.0,1493.0,22.3984155827201,88.6821958142045,306.512757082377,20.788,12
2026-01-29 01:22:52,875.5,1492.0,22.5884717485314,88.55321989523,313.635428945778,20.844,12
2026-01-29 01:25:36,872.0,1488.0,23.1890517771244,86.435052300343,385.394181053914,20.962,12
2026-01-29 01:28:20,878.5,1480.5,23.5311561824783,85.2748039271045,427.086616806329,21.418,12
2026-01-29 01:31:04,876.0,1469.0,23.7617606233397,84.5505502419413,454.347993284731,24.8265,12
2026-01-29 01:33:48,879.0,1473.0,23.9163419668475,84.0480708558638,473.50337330046,24.532,12
2026-01-29 01:36:32,876.5,1467.0,24.0253093055507,83.7864735696221,484.232955776576,24.62,12
2026-01-29 01:39:16,880.0,1461.0,24.1317426502937,83.4773550270759,496.832259108925,24.5045,12
2026-01-29 01:42:00,877.5,1456.0,24.1976300232636,83.3546537565358,502.494981152492,24.17,12
2026-01-29 01:44:44,877.0,1455.0,24.2584491805755,83.1862449701323,509.566044676978,23.997,12
2026-01-29 01:47:28,883.0,1455.0,24.2888587747293,83.1555484903854,511.307537006139,23.8155,12
2026-01-29 01:50:12,882.0,1452.5,24.3547462651331,83.0489619839374,516.561597166101,23.7725,12
2026-01-29 01:52:56,884.5,1451.0,24.3902241647301,82.9238830429292,521.494299178142,23.881,12
2026-01-29 01:55:40,881.0,1448.5,24.4383727657987,82.8127532171147,526.387140985556,24.117,12
2026-01-29 01:58:24,886.5,1440.0,24.45104345461,82.8694085181823,525.35299775211,24.391,12
2026-01-29 02:01:08,879.0,1434.5,24.4915896711463,82.7849805559887,528.749654373374,25.3145,12
2026-01-29 02:03:52,884.0,1433.5,,82.6660970734655,533.216970878385,25.769,12
2026-01-29 02:06:36,884.0,1419.0,,82.716031923392,531.842025447935,25.354,12
2026-01-29 02:09:20,888.5,1431.0,,82.6887705801797,533.650149153508,25.4414999999999,12
2026-01-29 02:12:04,890.0,1434.0,,82.7309609689747,532.672072259564,25.2325,12
2026-01-29 02:14:48,888.0,1441.0,,82.7219430095031,533.596308832527,24.703,12
2026-01-29 02:17:32,890.5,1434.0,,82.6754452244423,536.005365322767,24.226,12
2026-01-29 02:20:16,893.0,1436.5,,82.625700755881,538.358835086375,23.773,12
2026-01-29 02:23:00,891.5,1432.0,,82.6519038035952,538.035149794604,23.39,12
2026-01-29 02:25:44,893.0,1433.5,,82.548420156092,542.102359430595,23.188,12
2026-01-29 02:28:28,893.0,1434.0,,82.6519038035952,538.4552381199,23.219,12
2026-01-29 02:31:12,896.0,1430.0,,82.6083840271647,540.447418254857,22.6929999999999,12
2026-01-29 02:33:56,895.5,1429.5,,82.5808556603162,542.204093028452,23.178,12
2026-01-29 02:36:40,891.0,1435.5,,82.635571538028,540.419184426872,23.8625,12
2026-01-29 02:39:24,894.5,1438.0,,82.5613222195004,543.63378182495,24.291,12
2026-01-29 02:42:08,893.0,1429.5,,82.4347786955881,549.40333698538,24.5724999999999,12
2026-01-29 02:44:52,894.0,1434.0,,82.5292676508619,545.87027997443,24.84,12
2026-01-29 02:47:36,902.0,1424.0,,82.4777795085019,547.727020045369,24.991,12
2026-01-29 02:50:20,904.0,1432.5,23.8808643125958,85.2560573788336,436.782069747712,25.895,12
2026-01-29 02:53:04,906.0,1430.5,23.1079605594277,87.9959987105558,339.379391925693,25.2145,12
2026-01-29 02:55:48,903.0,1425.5,22.6898351551062,89.6675918110521,,24.593,12
2026-01-29 02:58:32,893.0,1421.0,23.1434379580023,88.3170209740854,331.012212178803,24.213,12
2026-01-29 03:01:16,896.0,1425.0,23.6097136646567,86.6056623795192,390.322853288409,23.9,12
2026-01-29 03:04:00,896.0,1425.0,23.90873959905,85.6290413243699,426.380544182812,23.768,12
2026-01-29 03:06:44,890.0,1457.5,24.0861283439735,85.1320008739808,445.849345985825,26.264,12
2026-01-29 03:09:28,899.5,1467.5,24.1976300232636,84.7978466990701,458.927415789115,27.9414999999999,12
2026-01-29 03:12:12,901.0,1478.0,24.3192683795059,84.426088908458,473.58832884587,27.0815,12
2026-01-29 03:14:56,897.5,1483.5,24.4459751788526,83.9886954395497,490.595037510198,26.6925,12
2026-01-29 03:17:40,898.0,1490.5,,83.7486687966174,500.066456325652,26.3405,12
2026-01-29 03:20:24,899.5,1490.0,,83.3087828547959,516.879704748321,21.606,12
2026-01-29 03:23:08,901.0,1493.0,,83.2358514677171,520.396874090387,21.104,12
2026-01-29 03:25:52,896.0,1492.0,,83.2343487517542,520.837912282518,21.117,12
2026-01-29 03:28:36,897.0,1488.0,,82.9932674830283,530.328590568887,21.104,12
2026-01-29 03:31:20,900.5,1480.5,,82.9577871801541,531.518617345057,21.1145,12
2026-01-29 03:34:04,902.0,1469.0,,83.0197287285565,530.067292464158,21.658,12
2026-01-29 03:36:48,897.0,1473.0,,82.5735754549384,547.628204184609,22.734,12
2026-01-29 03:39:32,902.0,1467.0,,82.6987995924239,543.030280080342,23.584,12
2026-01-29 03:42:16,901.0,1461.0,,82.630027562465,546.095298414685,24.255,12
2026-01-29 03:45:00,901.5,1456.0,,82.851006391617,537.683453810565,24.582,12
2026-01-29 03:47:44,912.0,1455.0,,82.7250127665038,542.700390180679,24.285,12
2026-01-29 03:50:28,913.5,1455.0,23.7820335709548,86.2021431995065,406.271723749813,23.97,12
2026-01-29 03:53:12,915.0,1452.5,22.9989943722175,88.9869130599058,309.338771546238,23.616,12
2026-01-29 03:55:56,902.5,1451.0,22.8849600949324,89.7198117610745,,23.282,12
2026-01-29 03:58:40,906.0,1448.5,23.5640996457368,87.3234655125286,368.41166493688,23.029,12
2026-01-29 04:01:24,899.5,1440.0,23.9492855664575,85.8744490148542,420.121101802772,22.946,12
2026-01-29 04:04:08,902.0,1434.5,24.1266743928717,85.2662342851875,442.496074294249,22.661,12
2026-01-29 04:06:52,903.5,1433.5,24.3015294430224,84.7371022852619,463.639200805287,21.764,12
2026-01-29 04:09:36,904.0,1419.0,24.435838628211,84.2402346771967,482.595030046479,21.2285,12
2026-01-29 04:12:20,904.0,1431.0,,83.9566338785009,494.266302059772,21.3915,12
2026-01-29 04:15:04,904.0,1434.0,,83.7175283868259,503.230718566155,21.661,12
2026-01-29 04:17:48,899.0,1441.0,,83.7440100557829,502.944852594058,21.0835,12
2026-01-29 04:20:32,900.0,1434.0,,83.678364996842,505.894039311799,20.822,12
2026-01-29 04:23:16,906.0,1436.5,,83.5947349192328,509.796087360782,20.705,12
2026-01-29 04:26:00,903.0,1432.0,,83.5735108331018,510.687328608397,20.63,12
2026-01-29 04:28:44,900.0,1433.5,,83.5448055933295,512.897411549007,20.548,12
2026-01-29 04:31:28,905.5,1434.0,,83.3374845570992,520.697647952261,20.494,12
2026-01-29 04:34:12,905.0,1430.0,,83.173837323295,527.083313650405,20.465,12
2026-01-29 04:36:56,908.5,1429.5,,83.1168481089615,529.988715695779,21.0875,12
2026-01-29 04:39:40,906.0,1435.5,,83.1593343558161,528.175874495936,21.27,12
2026-01-29 04:42:24,904.5,1438.0,,83.2617805123712,524.328473559895,21.49,12
2026-01-29 04:45:08,910.0,1429.5,,82.9308664144918,537.93581852696,21.851,12
2026-01-29 04:47:52,908.5,1434.0,,83.0113588287542,534.752508863192,22.468,12
2026-01-29 04:50:36,909.0,1424.0,,83.2877503983082,524.782399873044,23.237,12
2026-01-29 04:53:20,911.0,1432.5,,83.3859458132555,520.596415486959,23.49,12
2026-01-29 04:56:04,912.0,1430.5,,83.1488006965077,530.42624269139,21.5615,12
2026-01-29 04:58:48,911.0,1425.5,,83.0353300131579,534.64363552463,20.807,12
2026-01-29 05:01:32,904.0,1421.0,,82.7446373115223,547.828342529709,21.81,12
2026-01-29 05:04:16,901.0,1425.0,,69.2891158834399,948.728092595124,22.3985,12
2026-01-29 05:07:00,899.0,1425.0,,67.736013259713,979.036047615274,22.6385,12
2026-01-29 05:09:44,896.5,1457.5,,67.0785940153866,1111.10273820016,22.7614999999999,12
2026-01-29 05:12:28,902.5,1467.5,,67.1789145886949,1154.38442416518,22.7975,12
2026-01-29 05:15:12,897.0,1478.0,,67.2142776141633,1173.90969840625,22.879,12
2026-01-29 05:17:56,895.0,1483.5,,66.0770297898725,1178.49164309625,22.251,12
2026-01-29 05:20:40,901.0,1490.5,,76.2638111510085,780.273754375845,21.3864999999999,12
2026-01-29 05:23:24,900.5,1490.0,,72.7481191821172,981.319979776741,21.049,12
2026-01-29 05:26:08,902.0,1493.0,,71.6494048148452,1038.72966508813,20.989,12
2026-01-29 05:28:52,893.0,1492.0,,68.5330723162791,1158.67865729349,21.003,12
2026-01-29 05:31:36,894.0,1488.0,,77.8418751088008,752.328888184761,21.0895,12
2026-01-29 05:34:20,897.0,1480.5,,75.5576491254933,871.536548344974,21.304,12
2026-01-29 05:37:04,896.0,1469.0,,72.5222041693936,1021.76528095684,21.4555,12
2026-01-29 05:39:48,893.0,1473.0,,71.6469521346653,1067.93958534447,22.36,12
2026-01-29 05:42:32,892.0,1467.0,,64.5714398471165,1277.40488900996,22.982,12
2026-01-29 05:45:16,896.0,1461.0,,76.9687738600302,825.662729012427,23.251,12
2026-01-29 05:48:00,896.5,1456.0,,74.5416260244627,944.565594256699,23.364,12
2026-01-29 05:50:44,897.0,1455.0,,72.8788420739357,1025.31907206824,23.515,12
2026-01-29 05:53:28,896.0,1455.0,,63.6308880701149,,23.918,12
2026-01-29 05:56:12,892.0,1452.5,,71.4408607373327,1027.85974381955,23.987,12
2026-01-29 05:58:56,902.0,1451.0,,77.0372640854387,835.97463784977,23.659,12
2026-01-29 06:01:40,900.0,1448.5,,73.9007161197092,985.079157341306,23.406,12
2026-01-29 06:04:24,895.0,1440.0,,72.3996091982112,1058.46473180261,23.239,12
2026-01-29 06:07:08,891.0,1434.5,,69.6035596494399,1080.94353347432,23.0469999999999,12
2026-01-29 06:09:52,902.5,1433.5,,77.2984927392851,817.70968496756,22.902,12
2026-01-29 06:12:36,901.0,1419.0,,73.375473862666,1008.4725341011,22.936,12
2026-01-29 06:15:20,902.0,1431.0,,72.0521830683443,1076.52782775442,22.915,12
2026-01-29 06:18:04,898.0,1434.0,,68.1220058867057,1185.54191252852,23.022,12
2026-01-29 06:20:48,904.0,1441.0,,77.3520924246966,786.662225346229,22.453,12
2026-01-29 06:23:32,904.5,1434.0,,74.3701985308928,961.420838020086,23.8435,12
2026-01-29 06:26:16,900.0,1436.5,,72.3165378720693,1064.34866903089,23.912,12
2026-01-29 06:29:00,900.5,1432.0,,69.4864661991324,1179.22502707984,23.845,12
2026-01-29 06:31:44,901.0,1433.5,,78.7794486970478,751.722043625457,23.896,12
2026-01-29 06:34:28,902.0,1434.0,,75.3136529816498,916.734701001345,23.8175,12
2026-01-29 06:37:12,904.0,1430.0,,73.2619585965936,1019.67986678643,23.881,12
2026-01-29 06:39:56,902.0,1429.5,,71.7839583175891,1095.52815798153,24.0645,12
2026-01-29 06:42:40,895.0,1435.5,,65.5488584684679,1290.74912275928,24.233,12
2026-01-29 06:45:24,899.0,1438.0,,86.9171347903899,462.761526971281,23.912,12
2026-01-29 06:48:08,905.0,1429.5,,82.1536657517725,659.078928471093,23.498,12
2026-01-29 06:50:52,907.0,1434.0,,78.5451744931387,815.057368898775,23.555,12
2026-01-29 06:53:36,909.0,1424.0,,67.7333764726655,1201.42382689465,23.6455,12
2026-01-29 06:56:20,892.0,1432.5,,83.2595410628969,596.556695818233,,12
2026-01-29 06:59:04,904.0,1430.5,,82.92366094372,625.557998882161,,12
2026-01-29 07:01:48,901.0,1425.5,,78.82705492214,803.874589399763,,12
2026-01-29 07:04:32,906.0,1421.0,,74.7951756338266,970.621055394202,,12
2026-01-29 07:07:16,898.0,1425.0,,68.0029069973746,1160.62824298301,,12
2026-01-29 07:10:00,898.0,1425.0,23.8124456140503,66.538247622035,980.053059790087,,12
2026-01-29 07:12:44,898.0,1457.5,22.3857470631628,60.8004945260723,1065.90560793702,,12
2026-01-29 07:15:28,899.5,1467.5,23.0015284492692,65.6509883916776,964.893099500902,25.556,12
2026-01-29 07:18:12,902.0,1478.0,24.0405140730144,63.8457792640517,1091.76767745712,,12
2026-01-29 07:20:56,894.0,1483.5,,64.2140236812387,1186.26514172135,25.156,12
2026-01-29 07:23:40,892.0,1490.5,,77.3616892328095,767.526216039418,24.337,12
2026-01-29 07:26:24,901.0,1490.0,,75.3541149205116,860.220610699415,24.06,12
2026-01-29 07:29:08,891.0,1493.0,,71.4280648204194,1028.66110685917,23.9135,12
2026-01-29 07:31:52,896.0,1492.0,,67.5704543736735,1162.19218435141,23.9745,12
2026-01-29 07:34:36,899.0,1488.0,,67.7137798889564,1188.57047164209,24.1165,12
2026-01-29 07:37:20,891.5,1480.5,,67.9109162674361,1198.74566717083,24.196,12
2026-01-29 07:40:04,893.0,1469.0,,78.576754932264,777.157396587453,24.34,12
2026-01-29 07:42:48,900.0,1473.0,,66.859796167419,1177.98171820116,23.658,12
2026-01-29 07:45:32,887.5,1467.0,,62.1865382911615,1189.94360600781,23.624,12
2026-01-29 07:48:16,894.0,1461.0,21.5266967061907,64.201318309346,919.331797947082,27.009,12
2026-01-29 07:51:00,893.5,1456.0,23.2549387816397,61.6903470179714,1097.48793988704,,12
2026-01-29 07:53:44,894.0,1455.0,24.0354458090441,61.9879204930583,1133.7370082017,,12
2026-01-29 07:56:28,893.0,1455.0,,62.4760202662001,1252.76368397049,22.7075,12
2026-01-29 07:59:12,895.0,1452.5,,75.4834453919084,829.727396722973,22.7625,12
2026-01-29 08:01:56,891.0,1451.0,,73.9008393628629,904.593123107598,22.712,12
2026-01-29 08:04:40,896.0,1448.5,,68.205307632982,1132.5278094317,22.7275,12
2026-01-29 08:07:24,886.5,1440.0,,78.9442175940728,718.278371242589,22.858,12
2026-01-29 08:10:08,894.0,1434.5,,77.2170849352678,805.323394017458,22.7125,12
2026-01-29 08:12:52,894.5,1433.5,,74.0766177508185,950.7013566643,22.83,12
2026-01-29 08:15:36,887.0,1419.0,,71.7268448511951,1059.60470510923,22.792,12
2026-01-29 08:18:20,887.0,1431.0,,66.0518338939997,1182.21009732493,22.779,12
2026-01-29 08:21:04,892.0,1434.0,22.6467556756979,64.4967201878671,976.117281721242,22.814,12
2026-01-29 08:23:48,884.0,1441.0,21.9625551207282,63.1471615882604,969.711973029971,22.87,12
2026-01-29 08:26:32,890.0,1434.0,23.1130287583509,65.4099915431084,978.234815773659,22.7115,12
2026-01-29 08:29:16,891.0,1436.5,24.0455823137017,63.8046024290742,1082.76099850799,22.907,12
2026-01-29 08:32:00,886.0,1432.0,,62.9907288545848,1249.5060317107,22.885,12
2026-01-29 08:34:44,884.0,1433.5,,74.5680096402274,852.741372024235,22.801,12
2026-01-29 08:37:28,890.5,1434.0,,74.2125637104798,898.873006374015,22.607,12
2026-01-29 08:40:12,890.0,1430.0,,66.2058345486773,1182.47609085842,22.732,12
2026-01-29 08:42:56,882.0,1429.5,23.4576669679081,64.5765044231881,1022.86111117392,22.637,12
2026-01-29 08:45:40,889.0,1435.5,21.8992034389084,61.0332004807913,1020.86896895522,22.6605,12
2026-01-29 08:48:24,881.0,1438.0,21.7116828760626,64.6247153255906,919.151156941868,22.663,12
2026-01-29 08:51:08,879.0,1429.5,23.4323258772492,65.1094765087739,1005.93373551945,22.6935,12
2026-01-29 08:53:52,885.5,1434.0,,64.1860146376836,1109.51978842041,22.763,12
2026-01-29 08:56:36,878.0,1424.0,,63.2986141457672,1213.00768884999,22.7815,12
2026-01-29 08:59:20,879.5,1432.5,,82.2396313380777,575.811633099136,22.895,12
2026-01-29 09:02:04,882.0,1430.5,,76.7336273314807,814.919549369114,22.786,12
2026-01-29 09:04:48,885.0,1425.5,,67.1379171944932,1123.29390829686,22.768,12
2026-01-29 09:07:32,876.0,1421.0,23.4525987491942,62.3382974652355,1087.15768058513,,12
2026-01-29 09:10:16,875.0,1457.5,20.7614157201314,82.5988517094072,426.374989316267,,12
2026-01-29 09:13:00,879.0,1467.5,22.4136203148227,72.3759195965542,749.291473264081,,12
2026-01-29 09:15:44,876.0,1478.0,23.5869069447071,67.5506895743113,944.452141170108,,12
2026-01-29 09:18:28,881.5,1483.5,,65.4263792817346,1124.63314445908,,12
2026-01-29 09:21:12,879.0,1490.5,,65.0134081712716,1196.72049951212,22.741,12
2026-01-29 09:23:56,874.0,1490.0,,80.2385823144424,660.820499246871,22.849,12
2026-01-29 09:26:40,884.0,1493.0,,74.965561135613,842.766879962706,22.782,12
2026-01-29 09:29:24,870.0,1492.0,23.4982138807536,63.0422305854766,1071.06065256825,22.933,12
2026-01-29 09:32:08,879.0,1488.0,21.2378158649953,67.1665827462334,828.387362985216,22.854,12
2026-01-29 09:34:52,877.0,1480.5,23.0775514489796,62.3901516640953,1061.40286228519,22.905,12
2026-01-29 09:37:36,876.0,1469.0,23.8884666223311,62.4384333624631,1113.08026801746,22.918,12
2026-01-29 09:40:20,874.0,1473.0,,64.0706968042853,1181.98377634857,22.847,12
2026-01-29 09:43:04,876.0,1467.0,,75.8848046279783,800.14623521123,22.9075,12
2026-01-29 09:45:48,880.0,1457.5,,72.6684174135286,950.480492455376,22.911,12
2026-01-29 09:48:32,872.0,1467.5,,67.3941557493357,1145.03422272414,22.95,12
2026-01-29 09:51:16,867.0,1478.0,24.405430380837,62.1111212292461,1159.09832210611,22.977,12
2026-01-29 09:54:00,878.0,1483.5,21.8637267805897,58.3664152556802,1092.02481707512,22.892,12
2026-01-29 09:56:44,875.0,1490.5,23.158642561757,58.5626984512034,1174.30106285483,22.9585,12
2026-01-29 09:59:28,877.0,1490.0,24.0810602115525,60.8414843854411,1173.84679222266,23.052,12
2026-01-29 10:02:12,862.0,1493.0,,61.1427585263068,1225.33071634481,22.915,12
2026-01-29 10:04:56,871.5,1492.0,,76.3595919303279,765.988038135903,23.074,12
2026-01-29 10:07:40,871.0,1488.0,,76.0581009708445,826.629202855537,23.0425,12
2026-01-29 10:10:24,873.0,1480.5,,70.3406100241352,1049.30610720371,23.039,12
2026-01-29 10:13:08,868.0,1469.0,,57.7929732801023,,22.9945,12
2026-01-29 10:15:52,873.5,1473.0,21.7648981024103,66.3664353637905,876.396430487675,22.944,12
2026-01-29 10:18:36,877.0,1467.0,22.7988009754626,63.9222054094705,1001.09618082295,23.0395,12
2026-01-29 10:21:20,871.0,1461.0,21.8637278021342,50.959099371507,,23.063,12
2026-01-29 10:24:04,875.0,1456.0,21.6128545838,63.0206457323543,954.668861138562,23.049,12
2026-01-29 10:26:48,869.0,1455.0,21.6533994964847,47.7199612696188,,22.992,12
2026-01-29 10:29:32,867.0,1455.0,20.4497303433745,59.4224010004188,975.239917962521,23.067,12
2026-01-29 10:32:16,867.0,1452.5,21.7496937387622,54.8519431246095,1185.93068958905,23.114,12
2026-01-29 10:35:00,860.5,1451.0,20.2368747302243,59.7274815534835,960.527309398835,22.983,12
2026-01-29 10:37:44,880.0,1448.5,21.7446256181283,66.1182808546097,881.770389479689,23.1345,12
2026-01-29 10:40:28,871.5,1440.0,24.3192683795059,61.2398398613003,1155.25982291225,23.078,12
2026-01-29 10:43:12,868.0,1434.5,23.3157569539325,68.7785472382085,884.051482661564,23.0125,12
2026-01-29 10:45:56,865.5,1433.5,23.858057165984,63.1267563419668,1094.44649602029,23.046,12
2026-01-29 10:48:40,860.0,1419.0,,62.364706993525,1189.58931045116,23.1974999999999,12
2026-01-29 10:51:24,859.5,1431.0,,74.4134879878613,836.296201010747,23.084,12
2026-01-29 10:54:08,871.0,1434.0,,71.5421584584333,975.097429776292,23.1105,12
2026-01-29 10:56:52,860.0,1441.0,,69.594747759403,1072.92345641334,23.207,12
2026-01-29 10:59:36,860.0,1434.0,22.9812563939776,70.2847853499214,834.216083740844,23.0215,12
2026-01-29 11:02:20,862.0,1436.5,22.215962089278,57.5772252843245,1136.43847573238,23.107,12
2026-01-29 11:05:04,853.0,1432.0,,,,23.124,12
2026-01-29 11:07:48,857.0,1433.5,20.3686416670243,67.1709081875674,775.466916067983,23.097,12
2026-01-29 11:10:32,867.0,1434.0,21.0072175999666,55.3815587825237,1110.56689596164,23.118,12
2026-01-29 11:13:16,865.0,1430.0,22.0183045488374,50.5516200254417,,23.106,12
2026-01-29 11:16:00,861.0,1429.5,19.7832847833633,67.3574824576718,742.353893095798,23.003,12
2026-01-29 11:18:44,869.0,1435.5,22.9026992287399,63.0852873046863,1031.22232756628,23.1575,12
2026-01-29 11:21:28,852.5,1438.0,23.6832059918815,63.4299730287892,1075.47497802825,23.186,12
2026-01-29 11:24:12,858.0,1429.5,21.8155793334881,81.9277629274107,472.371103188406,23.0529999999999,12
2026-01-29 11:26:56,862.5,1434.0,21.6787400763714,55.4823892428031,1153.91560161232,23.128,12
2026-01-29 11:29:40,851.0,1424.0,20.6803270682285,65.0787974612043,854.588627808346,23.0625,12
2026-01-29 11:32:24,859.0,1432.5,20.7715519257471,65.0657567965247,857.970017254458,23.081,12
2026-01-29 11:35:08,854.0,1430.5,20.8931854832044,49.6745971450689,1241.89949331545,23.0645,12
2026-01-29 11:37:52,847.5,1425.5,20.4776045909675,72.9434415592469,629.799237493901,22.996,12
2026-01-29 11:40:36,863.0,1421.0,22.7988009754626,70.6404683601464,814.676044613979,23.0215,12
2026-01-29 11:43:20,855.5,1425.0,24.4307703533268,64.5188830529228,1095.42756606814,23.068,12
2026-01-29 11:46:04,859.0,1425.0,23.7136135055479,56.4691275185683,1272.37687970516,23.1154999999999,12
2026-01-29 11:48:48,851.0,1576.0,21.9270803102117,53.5094929950649,1228.09582891744,23.131,12
2026-01-29 11:51:32,851.5,1576.5,20.497877177695,66.7185895939326,802.777379971954,23.1015,12
2026-01-29 11:54:16,847.0,1569.0,21.0350932992587,56.6702154338848,1088.89849635604,23.043,12
2026-01-29 11:57:00,853.5,1579.5,20.4725366743514,54.593913254731,1094.9429627924,23.027,12
2026-01-29 11:59:44,854.0,1580.0,21.6990125455195,54.6746188040916,1188.3819672433,22.9495,12
2026-01-29 12:02:28,841.0,1557.0,,,,23.049,12
2026-01-29 12:05:12,852.0,1577.0,20.4928095759823,69.2280544126277,742.196782712633,22.961,12
2026-01-29 12:07:56,860.0,1591.5,23.4221894430229,62.5903137782687,1077.90521017236,23.133,12
2026-01-29 12:10:40,840.0,1556.0,24.3952925596677,60.6929754458108,1201.13196392348,23.082,12
2026-01-29 12:13:24,847.5,1569.5,22.6695626172731,69.0959624117539,849.192794463868,23.14,12
2026-01-29 12:16:08,844.0,1562.0,20.9438662136963,53.9375976352339,1141.38691154327,23.032,12
2026-01-29 12:18:52,844.0,1562.5,20.6600544977991,75.3793180266968,608.561117157172,23.206,12
2026-01-29 12:21:36,845.0,1565.0,21.4506751193257,57.6318885787262,1059.1843031254,23.0375,12
2026-01-29 12:24:20,843.0,1560.5,19.9175875917571,69.3487140070208,713.534257255363,22.975,12
2026-01-29 12:27:04,858.0,1588.0,22.5352559556777,63.5223012395768,996.145939890522,22.9489999999999,12
2026-01-29 12:29:48,843.0,1560.0,24.0709235804388,60.6652230439387,1172.02984378932,23.06,12
2026-01-29 12:32:32,846.0,1566.0,23.082619569177,64.2975552023324,1015.2751645764,22.928,12
2026-01-29 12:35:16,837.0,1549.0,22.4440290167985,52.4181322765735,1266.18173698088,22.924,12
2026-01-29 12:38:00,839.0,1553.0,,,,22.964,12
2026-01-29 12:40:44,843.0,1561.0,20.7816879785677,68.6033537729028,770.262580776586,22.964,12
2026-01-29 12:43:28,842.0,1558.5,20.9235939180071,50.5159273924003,1223.12137983102,22.943,12
2026-01-29 12:46:12,841.0,1558.0,21.0553639232239,67.5762311418367,808.954412192689,23.0484999999999,12
2026-01-29 12:48:56,836.0,1547.0,20.6473855715157,55.1696404867454,1094.0590691471,22.911,12
2026-01-29 12:51:40,849.0,1572.0,20.4091866361704,59.6234292559377,968.340002116918,23.012,12
2026-01-29 12:54:24,839.0,1553.0,23.4323258772492,56.0535895946247,1228.45062260145,22.97,12
2026-01-29 12:57:08,853.0,1578.0,23.923944334645,76.4131643017621,697.047300125831,23.009,12
2026-01-29 12:59:52,840.5,1556.5,,68.7651337002919,981.889627514627,23.007,12
2026-01-29 13:02:36,834.0,1544.0,24.4814531362208,61.1423335088343,1192.87764193913,22.933,12
2026-01-29 13:05:20,836.0,1548.0,20.3052911364065,65.6514522363638,818.296732283524,23.005,12
2026-01-29 13:08:04,840.0,1556.0,21.7395579065487,63.47765777453,950.448953912987,22.9105,12
2026-01-29 13:10:48,827.0,1532.0,21.4076015300961,57.3660311721691,1103.39951774078,23.014,12
2026-01-29 13:13:32,846.5,1567.0,21.0655000856204,67.0402185243466,822.839508715093,22.9015,12
2026-01-29 13:16:16,844.0,1562.0,23.90873959905,60.3304208478427,1176.98040389489,23.013,12
2026-01-29 13:19:00,833.5,1543.5,22.2615754219295,78.4812084056995,577.951374162002,22.942,12
2026-01-29 13:21:44,843.0,1561.0,21.4608113271242,55.529084905492,1137.44524191679,22.9495,12
2026-01-29 13:24:28,840.0,1555.0,21.1263170844467,60.8214461293072,981.748677862757,22.892,12
2026-01-29 13:27:12,845.0,1564.0,21.7395574977854,58.1743629158904,1112.31817420577,22.913,12
2026-01-29 13:29:56,836.0,1547.0,19.975869292044,61.9015787711271,889.330525925316,22.943,12
2026-01-29 13:32:40,851.0,1576.0,22.4465638832916,59.1745955286871,1109.6351931564,22.9444999999999,12
2026-01-29 13:35:24,838.5,1552.0,24.2837905088672,71.0592916516399,878.23532828508,22.941,12
2026-01-29 13:38:08,847.0,1568.0,24.2077665886026,70.6152869501496,888.014824204181,22.987,12
2026-01-29 13:40:52,840.5,1555.5,24.25844918043,61.1153183501239,1178.1484401238,22.857,12
2026-01-29 13:43:36,834.0,1544.0,22.0107033839012,49.5658637630367,,22.891,12
2026-01-29 13:46:20,833.0,1542.0,21.3949259972432,74.9334767715105,638.552818982348,22.834,12
2026-01-29 13:49:04,839.0,1554.0,21.5013561699597,53.5002122474553,1192.2928325786,22.798,12
2026-01-29 13:51:48,832.0,1539.0,21.0908404967049,75.4822930397818,613.036337638366,22.827,12
2026-01-29 13:54:32,839.0,1554.0,21.2808938382804,69.8018411396858,764.23912403645,22.8325,12
2026-01-29 13:57:16,830.0,1536.0,21.1769979488162,50.5123692880033,1243.93855648678,22.851,12
2026-01-29 14:00:00,832.0,1540.0,20.6271121652243,79.5424905999133,497.610552521827,22.671,12
2026-01-29 14:02:44,838.0,1551.0,20.9844108190445,54.0709407756376,1140.92131888634,22.7275,12
2026-01-29 14:05:28,833.0,1542.5,20.1709883626463,66.1510938579937,799.021016253871,22.611,12
2026-01-29 14:08:12,838.0,1551.0,21.9625550681957,55.51259006478,1178.73072103876,22.7675,12
2026-01-29 14:10:56,831.0,1538.0,20.5662986798124,55.751403437892,1078.77844222674,22.831,12
2026-01-29 14:13:40,843.0,1560.0,22.3578710613364,59.2092270565525,1102.61847633371,22.628,12
2026-01-29 14:16:24,829.0,1534.0,24.0202410869824,71.1229325856336,868.078063010323,22.725,12
2026-01-29 14:19:08,840.0,1556.0,23.832715960365,69.4477061291279,902.34338900647,22.692,12
2026-01-29 14:21:52,826.0,1529.5,22.6062103066651,55.2983505386775,1271.37869584775,22.543,12
2026-01-29 14:24:36,838.0,1551.0,20.6169763148209,68.8112511149531,756.647055067389,22.6715,12
2026-01-29 14:27:20,837.5,1550.5,22.5301877899328,66.562469069,912.843091142294,22.669,12
2026-01-29 14:30:04,831.0,1538.0,21.3113027084764,49.6550813512561,1295.00002071283,22.554,12
2026-01-29 14:32:48,835.0,1546.0,20.8906516206479,74.9930588798634,617.761185702065,22.468,12
2026-01-29 14:35:32,833.0,1542.0,21.7648981728416,52.6994671568489,1232.47914786767,22.498,12
2026-01-29 14:38:16,833.0,1542.0,20.5333531335927,66.3872354487044,781.917914343966,22.52,12
2026-01-29 14:41:00,848.0,1570.0,23.584372530342,64.297160416954,1038.82622293391,22.553,12
2026-01-29 14:43:44,822.0,1523.0,24.4865213930606,65.8503268406726,1048.90489913892,22.483,12
2026-01-29 14:46:28,836.0,1548.0,22.6847671492869,69.902782793335,826.031318313304,22.542,12
2026-01-29 14:49:12,829.0,1535.0,22.0816563841799,51.0992833239691,1299.16701637431,22.493,12
2026-01-29 14:51:56,839.0,1553.0,21.3239726200699,76.2231151937179,603.073478489809,22.359,12
2026-01-29 14:54:40,836.0,1547.0,22.2615754690777,56.8413133373823,1131.33872651145,22.409,12
2026-01-29 14:57:24,835.5,1547.0,20.4674684960918,69.4438160816519,766.639584678326,22.436,12
2026-01-29 15:00:08,838.0,1551.0,22.3680066643573,64.9023711184387,954.220229479562,22.3945,12
2026-01-29 15:02:52,832.0,1540.5,20.2394066691631,61.4940303696078,913.614671785345,22.25,12
2026-01-29 15:05:36,836.0,1547.0,20.7614157201314,76.147529850265,561.522171330751,22.266,12
2026-01-29 15:08:20,838.5,1552.5,21.932146275416,57.6695591106674,1119.50360464785,22.231,12
2026-01-29 15:11:04,832.0,1540.0,20.8729146835976,57.1703803223723,1063.45397760178,22.372,12
2026-01-29 15:13:48,831.0,1538.0,22.2514391221629,64.2924918571587,958.440566639152,,12
2026-01-29 15:16:32,834.5,1545.0,20.4243901454756,58.2141952420946,1007.80276002067,,12
2026-01-29 15:19:16,838.0,1551.0,21.5216298034065,56.0025030312179,1128.92566256229,22.2419999999999,12
2026-01-29 15:22:00,827.0,1530.5,22.7379828241246,51.9626828968606,,22.212,12
2026-01-29 15:24:44,832.0,1540.0,20.2546109508839,63.3548625664452,869.410403787758,22.1705,12
2026-01-29 15:27:28,836.5,1549.0,23.5488949545251,58.942664012531,1190.75946034193,22.251,12
2026-01-29 15:30:12,831.0,1538.0,23.7389537898852,67.9259070374234,940.355458355968,22.1485,12
2026-01-29 15:32:56,833.0,1542.5,23.579304492945,55.8140154171527,1285.09933568675,22.129,12
2026-01-29 15:35:40,830.0,1536.0,20.4370602184499,64.8387822879971,844.497772127139,22.1274999999999,12
2026-01-29 15:38:24,837.0,1549.0,22.8393465914414,62.2481527859249,1050.1862361791,22.093,12
2026-01-29 15:41:08,831.0,1539.0,22.5403241217136,48.1130114140427,,22.1289999999999,12
2026-01-29 15:43:52,832.5,1541.0,20.766483784304,67.6761617114701,824.194989814725,22.157,12
2026-01-29 15:46:36,831.0,1538.0,22.5681991073797,58.9038191420865,1103.64720635442,22.039,12
2026-01-29 15:49:20,838.5,1553.5,20.2292706016451,64.3559198843131,845.182350229491,22.163,12
2026-01-29 15:52:04,841.0,1557.0,23.0116648351831,59.4990627217259,1138.40362151606,22.03,12
2026-01-29 15:54:48,835.0,1546.0,23.7921700465085,67.8807325486814,946.313960537696,21.998,12
2026-01-29 15:57:32,833.5,1543.5,23.9518197346042,59.7847402166947,1157.26885650306,22.03,12
2026-01-29 16:00:16,827.0,1531.0,20.3813117366516,74.0865540304967,620.248658078892,22.006,12
2026-01-29 16:03:00,837.5,1550.0,21.7851711328257,69.9888861645895,783.569618149193,21.981,12
2026-01-29 16:05:44,837.0,1549.0,22.4845747356594,55.5098946632806,1224.73954530614,22.065,12
2026-01-29 16:08:28,833.5,1543.5,20.3838459964754,69.7210580021714,750.7370065283,21.862,12
2026-01-29 16:11:12,829.0,1535.0,22.4541653386841,57.9583750550904,1107.40854175657,21.9365,12
2026-01-29 16:13:56,834.5,1544.5,20.391447821632,64.4995150399493,835.899159939567,21.918,12
2026-01-29 16:16:40,835.0,1545.0,22.0740544431901,62.4082765062104,998.363951303107,21.8965,12
2026-01-29 16:19:24,829.0,1535.0,22.2007582940277,54.9189674671983,1212.35999093831,21.938,12
2026-01-29 16:22:08,833.0,1542.0,19.909985070728,73.5579721128405,626.544475918785,21.8855,12
2026-01-29 16:24:52,843.5,1561.5,23.4855427628062,65.6929726918803,992.988884807482,21.864,12
2026-01-29 16:27:36,828.0,1534.0,,66.1051452764766,1051.55188638733,21.8525,12
2026-01-29 16:30:20,837.5,1550.5,23.5134173931146,57.8251323223719,1231.80005092612,21.842,12
2026-01-29 16:33:04,828.0,1533.0,21.3341090950416,59.9414161295649,1017.21890833554,21.815,12
2026-01-29 16:35:48,836.0,1547.0,22.4338926960772,67.2486818183352,888.896580086801,21.803,12
2026-01-29 16:38:32,828.0,1533.0,22.2717117228603,57.8680621566103,1132.27681057191,21.804,12
2026-01-29 16:41:16,836.0,1548.0,20.7005990637117,63.9781686491138,879.408234625802,21.805,12
2026-01-29 16:44:00,837.0,1549.5,22.8292101193801,59.8150357665932,1130.23983437711,21.728,12
2026-01-29 16:46:44,834.0,1545.0,20.5789658854773,62.7276920836335,903.32871431178,21.7375,12
2026-01-29 16:49:28,833.5,1543.5,21.8966693637485,62.4264037944283,986.967855148229,21.791,12
2026-01-29 16:52:12,828.5,1534.5,22.0968642136576,56.2207878024339,1169.29801541478,21.659,12
2026-01-29 16:54:56,828.0,1533.0,20.4395943948911,63.8839484983029,867.510447826047,21.845,12
2026-01-29 16:57:40,824.0,1525.0,24.1976300232636,57.5580369212531,1284.23594420926,21.63,12
2026-01-29 17:00:24,820.5,1519.0,24.1469474244513,71.8317410243929,843.7812449369,21.66,12
2026-01-29 17:03:08,825.0,1527.0,,65.1717645446051,1078.87573930615,21.6835,12
2026-01-29 17:05:52,818.0,1515.0,22.5783372840523,60.0453419417439,1096.60727163685,21.581,12
2026-01-29 17:08:36,826.0,1528.0,22.1222016903484,68.2940249535869,840.744375994144,21.6425,12
2026-01-29 17:11:20,822.5,1522.0,23.3639049793273,57.6039263004561,1175.5221380013,21.597,12
2026-01-29 17:14:04,829.0,1535.0,21.4101302997733,64.9254311277992,885.491103408297,21.581,12
2026-01-29 17:16:48,830.0,1537.0,23.0218013807316,65.065000261855,983.285750596798,21.629,12
2026-01-29 17:19:32,825.0,1527.5,21.5697762780037,60.8754831495215,1008.23468587645,21.5875,12
2026-01-29 17:22:16,836.0,1548.0,21.7192864455573,67.612395637958,858.528776522848,21.547,12
2026-01-29 17:25:00,830.5,1537.5,22.9204374038672,53.4206665434053,,21.505,12
2026-01-29 17:27:44,826.0,1529.0,21.6077865934057,57.2747309728787,1103.0897400586,21.516,12
2026-01-29 17:30:28,831.5,1539.5,22.3452001781115,70.4004912825096,799.843999027828,21.547,12
2026-01-29 17:33:12,823.0,1523.0,22.4060178812505,55.4644832163682,1219.9807834893,21.4095,12
2026-01-29 17:35:56,831.0,1538.0,21.3113026947976,67.5733976198181,815.368153010231,21.474,12
2026-01-30 09:21:40,859.0,1590.5,,63.2017348785844,1154.46138028327,21.3834999999999,12
2026-01-30 09:24:24,856.0,1585.0,,63.0484674305303,1164.88366671565,21.486,12
2026-01-30 09:27:08,857.0,1587.0,,62.7031965550333,1180.0374071128,21.4605,12
2026-01-30 09:29:52,848.0,1570.0,,62.1465650079489,1204.53590761028,21.339,12
2026-01-30 09:32:36,850.0,1573.5,23.0268694162368,86.8935999110801,368.734637802782,21.3435,12
2026-01-30 09:35:20,856.5,1586.0,23.858057165984,77.3431075050268,670.177274852971,21.27,12
2026-01-30 09:38:04,857.0,1586.0,,65.8927093524871,1078.01127932159,21.3755,12
2026-01-30 09:40:48,855.0,1584.0,,63.2179526173653,1182.4979620622,21.309,12
2026-01-30 09:43:32,865.5,1602.0,24.157083941769,75.2219409695444,742.121056182525,21.2515,12
2026-01-30 09:46:16,861.0,1595.0,,67.5267031258562,1027.9051444207,21.281,12
2026-01-30 09:49:00,858.0,1588.0,,67.9862370719785,1023.49469616941,21.3,12
2026-01-30 09:51:44,868.5,1607.0,23.9290136318013,65.8056907498334,1008.21236718632,21.188,12
2026-01-30 09:54:28,860.0,1592.5,21.166861773614,66.2826726219664,871.531955091586,21.304,12
2026-01-30 09:57:12,864.0,1599.0,23.0522103904804,65.2797743561774,978.314483421367,21.2355,12
2026-01-30 09:59:56,858.0,1588.5,21.699013123085,52.5569854959169,1254.50806597834,21.232,12
2026-01-30 10:02:40,858.5,1589.5,20.8475728506455,73.6526669324177,673.475278299801,21.2175,12
2026-01-30 10:05:24,859.5,1591.5,21.8865331058914,56.4206294996128,1144.0174945185,21.162,12
2026-01-30 10:08:08,853.0,1579.0,20.4725368124491,57.7463013342392,1018.00951783904,21.213,12
2026-01-30 10:10:52,855.0,1583.0,19.8339648764813,80.1573518007838,459.132674077197,21.137,12
2026-01-30 10:13:36,868.0,1607.0,21.0756362491811,81.9767057109591,448.483369066858,21.1555,12
2026-01-30 10:16:20,863.5,1598.5,23.7414876803813,69.8709155712903,884.977205544928,21.143,12
2026-01-30 10:19:04,861.0,1594.0,23.8479206828633,63.8159699252503,1069.66717525551,21.1545,12
2026-01-30 10:21:48,858.0,1588.0,24.0253093055507,63.326356778614,1094.50508175826,21.17,12
2026-01-30 10:24:32,861.5,1595.5,24.2179030709958,62.6561616758867,1129.43431288122,21.1415,12
2026-01-30 10:27:16,859.0,1591.0,24.435838628211,62.2826740388509,1155.76038039581,21.08,12
2026-01-30 10:30:00,858.5,1590.0,,62.1470840572665,1170.96144476506,21.04,12
2026-01-30 10:32:44,856.0,1584.0,,62.0327699847369,1187.73694266614,21.0675,12
2026-01-30 10:35:28,859.5,1590.5,,61.9770205288046,1196.84373646395,21.071,12
2026-01-30 10:38:12,849.5,1572.5,,66.4866691863939,1045.30874400401,20.978,12
2026-01-30 10:40:56,858.0,1588.0,24.1368109080067,71.8041502455923,848.087725458192,20.988,12
2026-01-30 10:43:40,862.0,1597.0,,65.1232267102308,1097.8244710017,21.065,12
2026-01-30 10:46:24,862.0,1595.5,,63.8056385784098,1150.70041304775,21.013,12
2026-01-30 10:49:08,860.0,1593.0,,62.6705203586155,1200.46496665508,20.9964999999999,12
2026-01-30 10:51:52,859.5,1591.0,24.4409069033863,73.1211462699455,823.33297988501,20.99,12
2026-01-30 10:54:36,862.0,1595.0,,67.3189096448786,1033.59615858239,20.922,12
2026-01-30 10:57:20,859.0,1590.0,,63.8782536516471,1170.05164118177,20.935,12
2026-01-30 11:00:04,854.0,1581.0,23.7541616534144,67.6850329581988,950.982354915181,20.903,12
2026-01-30 11:02:48,860.0,1593.0,21.3189045238832,64.8767566908773,882.321481746463,20.994,12
2026-01-30 11:05:32,867.0,1605.5,23.1054270468448,64.0100680970978,1016.2334622276,20.8815,12
2026-01-30 11:08:16,856.0,1585.0,23.0167330285767,52.915668581546,,20.815,12
2026-01-30 11:11:00,857.5,1588.0,20.9565369335032,70.0293100193705,736.368686393844,20.835,12
2026-01-30 11:13:44,864.0,1600.0,22.4364268111094,58.020897042599,1152.22345937137,20.8465,12
2026-01-30 11:16:28,855.5,1584.0,20.4725365446938,63.1855937383013,886.222731474666,20.846,12
2026-01-30 11:19:12,858.0,1589.0,22.0867247022833,65.9222699816727,905.798867753236,20.7655,12
2026-01-30 11:21:56,855.0,1583.0,21.4557442744553,52.1031674554226,1226.5093057511,20.774,12
2026-01-30 11:24:40,868.5,1608.0,20.7715518487675,72.4730380342971,708.005586641054,20.752,12
2026-01-30 11:27:24,864.5,1601.0,23.90873959905,65.9976441026516,1008.83617705994,20.768,12
2026-01-30 11:30:08,856.0,1585.0,24.4307703533268,62.4889776469607,1148.31311623178,20.755,12
2026-01-30 11:32:52,860.0,1592.0,24.4307703534723,61.8506868648338,1167.85313494682,20.736,12
2026-01-30 11:35:36,861.0,1593.0,,61.4029146218696,1193.25466925133,20.744,12
2026-01-30 11:38:20,854.0,1580.0,,61.2223126850407,1201.56241261648,20.745,12
2026-01-30 11:41:04,856.0,1584.0,23.3917801800707,78.4661359906752,619.478872955631,20.73,12
2026-01-30 11:43:48,862.0,1596.0,24.3902241647301,68.8680509708067,950.723342785979,20.708,12
2026-01-30 11:46:32,859.0,1590.5,,58.3884021805518,1297.20100199692,20.6869999999999,12
2026-01-30 11:49:16,851.0,1575.0,23.8479206828633,53.5007963856813,,20.7,12
2026-01-30 11:52:00,852.0,1578.0,21.4582777561881,82.1907410710117,455.254427776724,20.703,12
2026-01-30 11:54:44,857.0,1587.0,22.1652806329366,60.5913799166083,1053.9350286479,20.6605,12
2026-01-30 11:57:28,847.0,1569.0,21.4988221432577,50.5238181242794,1268.43675810865,20.684,12
2026-01-30 12:00:12,854.0,1581.0,21.0756362491811,75.5797539351317,607.756119224483,20.5965,12
2026-01-30 12:02:56,860.0,1592.5,20.9844108242832,54.0925912548789,1140.3035693843,20.609,12
2026-01-30 12:05:40,855.0,1582.0,22.0436454117589,57.8501616825975,1116.9856555358,20.639,12
2026-01-30 12:08:24,857.0,1586.5,21.8662605936697,46.9453169316135,,20.619,12
2026-01-30 12:11:08,848.0,1570.0,20.5434892360353,57.1785110980889,1035.25332647442,20.53,12
2026-01-30 12:13:52,852.5,1578.5,20.9616045158618,72.5025531089482,682.504151640037,20.552,12
2026-01-30 12:16:36,853.0,1579.0,20.9641385560971,53.6739310223273,1148.65474872612,20.5634999999999,12
2026-01-30 12:19:20,846.5,1568.0,20.9540023632871,67.9648270445446,791.088897886376,20.455,12
2026-01-30 12:22:04,846.0,1567.0,21.53176481431,54.2607775684404,1174.97510936627,20.542,12
2026-01-30 12:24:48,852.0,1578.0,20.0012093902623,76.2186163710641,568.860905923986,20.477,12
2026-01-30 12:27:32,850.0,1573.5,21.5672415792942,59.2209564423292,1062.58758472981,20.398,12
2026-01-30 12:30:16,854.0,1580.0,20.8982535795366,47.4850302350358,1297.83440079949,20.396,12
2026-01-30 12:33:00,849.0,1571.5,20.8526409197656,64.9933339691516,856.91484254998,20.396,12
2026-01-30 12:35:44,844.0,1562.0,21.5469691875623,55.4414237712796,1120.50373936211,20.5595,12
2026-01-30 12:38:28,854.5,1582.5,20.0088119715364,63.4255938532873,853.759309882008,20.492,12
2026-01-30 12:41:12,852.0,1577.0,23.6502594946941,58.3635053791357,1216.28899861407,20.5545,12
2026-01-30 12:43:56,844.5,1563.0,22.7582555365806,78.9267501778151,581.701179730402,20.66,12
2026-01-30 12:46:40,849.0,1572.0,23.553963473445,71.2564892193192,835.670692918688,20.6704999999999,12
2026-01-30 12:49:24,852.0,1577.0,24.2787222492625,64.8084965339749,1067.56997299009,20.719,12
2026-01-30 12:52:08,853.0,1579.0,24.4941238184837,62.8514731032681,1141.55348464299,20.759,12
2026-01-30 12:54:52,852.0,1577.0,,61.5848467510071,1198.65332969665,20.717,12
2026-01-30 12:57:36,849.0,1572.0,24.0557195738947,72.2713622183067,832.820902091127,20.8705,12
2026-01-30 13:00:20,846.0,1566.0,22.89002828105,56.0900242961679,1244.4761954875,20.807,12
2026-01-30 13:03:04,844.0,1563.0,21.2960984657547,79.5692697686439,516.980252156539,20.9405,12
2026-01-30 13:05:48,853.0,1580.0,22.2286324915621,57.210805770319,1146.7111114088,21.04,12
2026-01-30 13:08:32,840.0,1554.5,21.622990810225,50.645668493517,1274.93430278623,21.0355,12
2026-01-30 13:11:16,848.0,1570.0,21.8155793334881,74.2726804804901,672.459212143919,21.174,12
2026-01-30 13:14:00,845.5,1566.0,21.5013561699597,49.0782934007534,1289.9674893292,21.167,12
2026-01-30 13:16:44,844.5,1563.0,20.8222325094102,78.0794929438036,549.291045594212,21.2305,12
2026-01-30 13:19:28,848.5,1570.5,21.628058923874,65.1906098033964,905.632641814559,21.339,12
2026-01-30 13:22:12,844.0,1562.0,21.3189045238832,50.5298414154519,1261.78427239882,21.333,12
2026-01-30 13:24:56,847.5,1569.0,21.8865331058914,67.9870986857149,840.38201408878,21.473,12
2026-01-30 13:27:40,846.5,1567.5,21.4836178661935,48.2392370561681,,21.3705,12
2026-01-30 13:30:24,841.5,1557.5,20.4826726388419,79.5646318869414,492.196927495081,21.497,12
2026-01-30 13:33:08,847.0,1569.0,21.283427876333,67.9535575912776,811.083104576231,21.576,12
2026-01-30 13:35:52,850.0,1573.0,20.8577089891769,51.020737497595,1207.25358551857,21.497,12
2026-01-30 13:38:36,842.0,1559.0,21.2884977782669,65.87853121981,869.60217150528,21.554,12
2026-01-30 13:41:20,837.0,1549.0,21.5469691404141,55.2861775739144,1162.59538156524,21.536,12
2026-01-30 13:44:04,853.0,1579.0,20.5738975503481,68.3282800298723,774.185065479203,21.564,12
2026-01-30 13:46:48,853.0,1580.0,,61.8865144533765,1174.20570096451,21.633,12
2026-01-30 13:49:32,840.5,1556.0,23.8935348660743,67.3141699279344,968.89011617766,21.6095,12
2026-01-30 13:52:16,842.0,1559.0,23.8631254079809,68.7888304532171,923.488831925543,21.618,12
2026-01-30 13:55:00,848.0,1570.0,,63.0596276785647,1139.78929037153,21.568,12
2026-01-30 13:57:44,847.5,1568.5,,61.7932357842733,1189.62302122255,21.6635,12
2026-01-30 14:00:28,843.5,1561.5,,62.9871518749703,1162.59406291519,21.549,12
2026-01-30 14:03:12,846.0,1565.0,23.6502594946941,60.3732640584919,1190.10139231301,21.6255,12
2026-01-30 14:05:56,834.0,1544.0,21.8966693637485,57.9343828949153,1104.96242261568,21.644,12
2026-01-30 14:08:40,848.0,1569.0,22.5960739673173,68.7479552381635,856.597546872001,21.668,12
2026-01-30 14:11:24,847.5,1570.0,22.6746318998775,52.4449938909924,,21.681,12
2026-01-30 14:14:08,842.0,1558.0,21.0300235223257,65.8730097737476,846.95528543992,21.7475,12
2026-01-30 14:16:52,846.5,1567.5,22.8013350741966,61.9251115916259,1060.52638826858,21.773,12
2026-01-30 14:19:36,840.5,1556.0,21.9524188027717,56.2911472288758,1152.03639397203,21.8714999999999,12
2026-01-30 14:22:20,848.0,1570.0,20.7538154012436,74.1497876357946,634.622899659613,21.96,12
2026-01-30 14:25:04,847.0,1568.0,22.266643649229,55.4220051869839,1197.30231460248,21.978,12
2026-01-30 14:27:48,838.5,1552.5,20.4978770288289,59.8975738631396,967.489980432142,21.971,12
2026-01-30 14:30:32,846.5,1567.5,21.622990810225,74.4268821675371,660.611625334621,22.0405,12
2026-01-30 14:33:16,847.0,1567.0,21.2428831160068,47.4625772904773,,22.052,12
2026-01-30 14:36:00,842.5,1560.5,21.4354708623432,72.8581256379119,693.163719707001,22.165,12
2026-01-30 14:38:44,846.0,1566.0,21.8763968491985,58.3723346189225,1094.98568323178,22.189,12
2026-01-30 14:41:28,842.0,1558.0,20.4725365433841,56.8518437894788,1038.5973124593,22.23,12
2026-01-30 14:44:12,842.0,1559.0,21.8916012352565,63.730753155232,959.33031014931,22.149,12
2026-01-30 14:46:56,841.0,1556.5,21.6533994964847,53.5824177527806,1201.30204633987,22.343,12
2026-01-30 14:49:40,839.0,1554.0,20.7436779143317,82.1628351549029,437.199219501122,22.328,12
2026-01-30 14:52:24,843.0,1560.5,21.2732917238317,59.3837178072216,1026.12941698762,22.424,12
2026-01-30 14:55:08,837.0,1550.0,20.9844108190445,52.1190101324068,1189.40912424222,22.428,12
2026-01-30 14:57:52,847.0,1568.0,20.9337300798215,78.7770569647697,525.459785646277,22.437,12
2026-01-30 15:00:36,846.0,1566.0,20.2520768355607,78.6018239615167,502.450366641603,22.526,12
2026-01-30 15:03:20,849.0,1571.5,23.2346656198205,77.2621773736367,647.786801516112,22.534,12
2026-01-30 15:06:04,847.0,1568.5,24.3800876204913,68.2937973986238,967.673017382969,22.597,12
2026-01-30 15:08:48,838.0,1551.0,24.4915896711463,63.9011385966176,1109.11016282662,22.647,12
2026-01-30 15:11:32,844.5,1563.5,,62.3395268125548,1178.21466762169,22.6645,12
2026-01-30 15:14:16,840.0,1555.0,,61.3349110759748,1225.19035743452,22.655,12
2026-01-30 15:17:00,843.0,1560.0,23.3461662234331,83.9331877900032,460.824119438618,22.554,12
2026-01-30 15:19:44,850.0,1574.0,24.0962648544518,76.280378380358,711.71710130193,22.634,12
2026-01-30 15:22:28,843.0,1560.5,24.2381763447192,54.086952332211,,22.573,12
2026-01-30 15:25:12,842.0,1559.0,21.5773778709117,68.9428840762363,801.37985791163,22.659,12
2026-01-30 15:27:56,848.0,1570.0,22.6315511601278,76.1964654158062,653.84452268451,22.546,12
2026-01-30 15:30:40,839.0,1554.0,22.4921773000533,56.4076700635832,1188.3524679717,22.6265,12
2026-01-30 15:33:24,846.5,1567.0,21.2479514070437,78.1590755928944,546.638415119011,22.648,12
2026-01-30 15:36:08,850.0,1573.5,22.5960739673173,72.0420526324858,766.308550787506,22.585,12
2026-01-30 15:38:52,838.0,1552.0,22.2311665261222,49.8454320546403,,22.563,12
2026-01-30 15:41:36,842.5,1560.0,21.6128545838,84.058298418153,411.555214934302,22.5765,12
2026-01-30 15:44:20,852.5,1578.0,21.4380048673629,65.0366029586447,893.17881614215,22.577,12
2026-01-30 15:47:04,846.0,1566.5,21.3543812942516,72.6276206129678,695.551960958734,22.5985,12
2026-01-30 15:49:48,851.0,1575.0,22.3223932449764,68.7819653826149,852.250941564023,22.566,12
2026-01-30 15:52:32,844.0,1562.0,21.3695854988473,53.1050640503746,1192.76449312659,22.579,12
2026-01-30 15:55:16,850.0,1574.0,21.3290407165477,70.0093825779156,735.997546038833,22.585,12
2026-01-30 15:58:00,847.0,1567.0,22.3933474248333,59.4571303748811,1103.29873993956,22.612,12
2026-01-30 16:00:44,839.5,1554.0,20.794358229803,72.6869306445954,668.722026807427,22.676,12
2026-01-30 16:03:28,845.0,1564.0,21.7953068375645,66.0270155169862,890.734530362756,22.656,12
2026-01-30 16:06:12,838.5,1552.5,21.2327469332376,55.5698197639289,1120.63739366769,22.7614999999999,12
2026-01-30 16:08:56,843.5,1561.0,21.1871341251826,77.2766926721836,571.536294665387,22.684,12
2026-01-30 16:11:40,846.0,1566.0,22.2767799798457,56.0502196669299,1180.87462766151,22.7995,12
2026-01-30 16:14:24,836.0,1548.0,20.6803267329523,68.3746022819674,768.886235234749,22.777,12
2026-01-30 16:17:08,843.0,1561.0,22.2767799441935,64.5608933584577,953.310681487133,22.8355,12
2026-01-30 16:19:52,842.0,1559.0,22.0588496477867,49.5652247495093,,22.934,12
2026-01-30 16:22:36,842.0,1558.0,21.3695854988473,81.8626009563902,461.321572122942,22.8365,12
2026-01-30 16:25:20,844.5,1563.5,21.8409199599409,70.7198764367026,766.506722689583,22.917,12
2026-01-30 16:28:04,831.5,1539.0,21.6432632841751,47.9725551806795,,22.938,12
2026-01-30 16:30:48,835.0,1546.0,21.2960981557989,74.8289042111869,636.833367235431,22.831,12
2026-01-30 16:33:32,842.0,1559.5,21.3442450253351,59.7048736500325,1023.88932741321,23.0129999999999,12
2026-01-30 16:36:16,838.0,1551.0,21.6990125455195,51.2649420782086,1264.79921194027,23.141,12
2026-01-30 16:39:00,847.5,1568.5,22.0943266573885,65.5271214455757,917.215611807592,23.084,12
2026-01-30 16:41:44,839.0,1553.0,20.9489343001332,60.921102687387,964.154808885015,23.1415,12
2026-01-30 16:44:28,840.5,1556.5,22.879891909688,58.7780942901095,1149.51116779045,23.154,12
2026-01-30 16:47:12,839.0,1553.0,21.8434579130407,58.233732393277,1099.6660762373,23.125,12
2026-01-30 16:49:56,835.0,1545.0,,,,23.23,12
2026-01-30 16:52:40,835.0,1546.0,21.0984426217764,76.6527709610558,583.960216244453,23.055,12
2026-01-30 16:55:24,845.0,1565.0,21.2783597648667,52.7049180548777,1194.00966694603,23.044,12
2026-01-30 16:58:08,835.0,1546.0,,,,23.0845,12
2026-01-30 17:00:52,846.5,1566.5,21.4202665029151,64.9286815079803,893.418248887977,22.964,12
2026-01-30 17:03:36,839.0,1554.0,21.4456070486048,49.2965896642545,1295.52760679707,23.012,12
2026-01-30 17:06:20,840.5,1556.5,22.0183045488374,68.3854707297111,828.385929033484,23.066,12
2026-01-30 17:09:04,835.0,1546.0,21.8865331058914,49.7237610871239,,22.938,12
2026-01-30 17:11:48,834.0,1543.0,,,,23.019,12
2026-01-30 17:14:32,837.0,1549.5,20.1633861911541,76.1900020164754,562.281621998157,22.977,12
2026-01-30 17:17:16,845.0,1565.0,20.5460236783401,63.3911024007782,893.558590210968,22.956,12
2026-01-30 17:20:00,839.5,1554.0,22.8646873818943,59.7217491398669,1128.97154202948,22.974,12
2026-01-30 17:22:44,830.5,1537.5,21.5824459115101,60.2015927388596,1025.53787542055,23.1115,12
2026-01-30 17:25:28,833.5,1543.5,20.7158031556755,83.6944422899005,398.41003958241,23.189,12
2026-01-30 17:28:12,834.0,1544.0,21.3189045238832,84.4317452960619,394.748371395112,23.0535,12
2026-01-30 17:30:56,835.0,1545.5,20.8323686450312,57.4817032148852,1046.37016221567,23.18,12
2026-01-30 17:33:40,840.0,1556.0,21.6888763103634,70.1884178301516,773.207725753325,23.2045,12
2026-01-30 17:36:24,836.0,1548.0,21.6534017702215,56.872763765449,1120.037755114,23.247,12
2026-01-30 17:39:08,844.0,1563.0,20.2647468430513,66.1946723465996,825.927548245861,23.2984999999999,12
2026-01-30 17:41:52,838.5,1552.5,22.5656649562588,60.1140670083084,1094.59197934794,23.251,12
2026-01-30 17:44:36,837.0,1550.0,21.622990810225,55.0290348395298,1161.7020099838,23.3055,12
2026-01-30 17:47:20,833.0,1541.5,20.8222325094102,83.5527566450431,404.512418884301,23.32,12
2026-01-30 17:50:04,844.0,1563.0,20.9818769745324,65.4959416253388,860.071269306915,23.3025,12
2026-01-30 17:52:48,832.0,1541.0,21.1871341251826,52.6194742991745,1189.49348660187,23.209,12
2026-01-30 17:55:32,842.0,1559.0,21.7902387143112,67.0263664892108,860.530815010384,23.2584999999999,12
2026-01-30 17:58:16,833.0,1542.0,21.2884963463584,52.0521316858545,1214.50652939204,23.173,12
2026-01-30 18:01:00,835.0,1545.0,21.3594493015261,71.0088942509268,705.087814802549,23.211,12
2026-01-30 18:03:44,836.0,1548.0,22.1880872977344,59.7798394956016,1034.91519407801,23.2505,12
2026-01-30 18:06:28,835.0,1546.0,19.9986754412675,68.9350806511874,726.134575420405,23.135,12
2026-01-30 18:09:12,840.0,1554.0,22.1019292523415,63.1089294031728,985.092829638405,23.0895,12
2026-01-30 18:11:56,834.0,1544.0,21.3594493015261,55.3602246058377,1134.7001988078,23.094,12
2026-01-30 18:14:40,839.0,1553.0,20.4978767842112,75.1491967153035,599.106520033307,23.108,12
2026-01-30 18:17:24,843.0,1561.0,21.6888763103634,51.5842237492976,1255.73517138751,23.074,12
2026-01-30 18:20:08,834.0,1544.0,20.4117199950851,56.7615406544683,1036.87363032571,23.151,12
2026-01-30 18:22:52,835.5,1547.0,21.2378150244767,73.0780803687694,679.247432675479,23.255,12
2026-01-30 18:25:36,834.0,1543.0,21.6686038435436,53.9225235790941,1184.19549526143,23.28,12
2026-01-30 18:28:20,835.5,1546.0,20.1988624060759,67.908003103005,759.527742272687,23.179,12
2026-01-30 18:31:04,833.0,1542.0,21.673671959812,56.7661326966895,1132.84392203243,23.2875,12
2026-01-30 18:33:48,831.5,1540.0,20.0138794482481,65.9141724691139,791.31770044909,23.247,12
2026-01-30 18:36:32,847.0,1568.0,22.925505592022,64.1605442638119,1002.14117956368,23.358,12
2026-01-30 18:39:16,842.0,1559.0,24.3091318434162,61.255983208215,1177.4551025424,23.306,12
2026-01-30 18:42:00,835.0,1547.0,23.6857371112564,75.6318988724764,705.355498639126,23.316,12
2026-01-30 18:44:44,842.0,1559.0,24.4839872890879,68.2093886740008,976.395130167959,23.33,12
2026-01-30 18:47:28,837.5,1551.0,,64.0640184959944,1147.32105475343,23.374,12
2026-01-30 18:50:12,841.0,1557.0,,62.9197149575132,1200.01629503175,23.3185,12
2026-01-30 18:52:56,843.0,1560.5,,73.6765002545308,812.783200132944,23.239,12
2026-01-30 18:55:40,846.0,1565.5,,62.6731717739542,1186.09693300086,23.314,12
2026-01-30 18:58:24,840.0,1554.0,21.777570773047,67.0189640504935,865.136240034709,23.161,12
2026-01-30 19:01:08,844.0,1562.0,21.9372144068183,70.3595374344444,780.511194961089,23.239,12
2026-01-30 19:03:52,844.0,1562.5,22.5251196244789,47.6319259336474,,23.115,12
2026-01-30 19:06:36,832.0,1539.0,21.4126653650455,56.7955372953866,1105.11682177579,23.1839999999999,12
2026-01-30 19:09:20,844.0,1562.5,21.4532103109086,69.8561569825116,775.77207794015,23.066,12
2026-01-30 19:12:04,840.0,1555.5,21.5216285983624,46.6409793257398,,23.1809999999999,12
2026-01-30 19:14:48,838.0,1551.0,21.0655000856204,74.2234695796184,643.509959043683,23.23,12
2026-01-30 19:17:32,848.5,1571.0,21.663535732805,56.4398968652393,1129.48657446318,23.217,12
2026-01-30 19:20:16,839.0,1554.0,20.7386098514689,65.0325218770965,850.815134027826,23.251,12
2026-01-30 19:23:00,846.0,1566.0,22.403483740898,57.4394543109283,1163.68943524963,23.244,12
2026-01-30 19:25:44,836.0,1548.0,21.734490263072,52.2693795866209,1242.86719684969,23.235,12
2026-01-30 19:28:28,842.0,1559.0,20.6068399699433,82.6053619828159,421.983279470364,23.23,12
2026-01-30 19:31:12,838.0,1551.0,21.2834278680384,62.7164885198999,946.338082786178,23.245,12
2026-01-30 19:33:56,840.5,1556.5,20.8120966316491,57.7866484607677,1040.13280974529,23.215,12
2026-01-30 19:36:40,847.0,1567.0,21.8079771478805,60.4668749692479,1032.72794954871,23.204,12
2026-01-30 19:39:24,841.0,1557.5,20.989481097582,55.3396197984226,1113.67184123058,23.203,12
2026-01-30 19:42:08,848.0,1569.5,20.0164134526858,71.6815671292545,656.115716062786,23.143,12
2026-01-30 19:44:52,839.5,1553.5,21.7826365343789,55.5584979128023,1165.74218902134,23.145,12
2026-01-30 19:47:36,835.0,1546.0,20.5916361707641,55.590467871134,1077.57881213216,23.1285,12
2026-01-30 19:50:20,853.5,1580.5,21.5824459115101,76.3056340213503,575.077087380693,23.15,12
2026-01-30 19:53:04,845.0,1564.0,24.0861285222345,68.8750453291719,933.581803534021,23.1944999999999,12
2026-01-30 19:55:48,845.0,1564.0,,63.6713850743167,1125.67564544468,23.22,12
2026-01-30 19:58:32,841.5,1557.5,,62.9230773819069,1160.39429687799,23.1265,12
2026-01-30 20:01:16,838.0,1552.0,,62.1713298435958,1199.79529351228,23.244,12
2026-01-30 20:04:00,838.0,1551.0,24.364882806316,72.9831837275045,823.80298994932,23.262,12
2026-01-30 20:06:44,847.0,1568.0,24.4459751788526,71.1213385754239,884.857816010203,23.3025,12
2026-01-30 20:09:28,850.0,1573.5,,57.8447035211576,,23.237,12
2026-01-30 20:12:12,840.5,1556.0,22.2666435722494,56.9756656823746,1155.90318868898,23.2425,12
2026-01-30 20:14:56,841.5,1558.0,,,,23.16,12
2026-01-30 20:17:40,847.0,1568.0,21.3695854988473,61.5473792650982,978.035682350059,23.2255,12
2026-01-30 20:20:24,842.5,1560.0,21.2580873923434,50.6026642076221,1247.85822018435,23.255,12
2026-01-30 20:23:08,846.0,1566.0,21.473481628127,72.511262226277,704.079714519096,23.2995,12
2026-01-30 20:25:52,848.0,1569.0,21.3037002383789,49.6722578815413,1271.90799633604,23.301,12
2026-01-30 20:28:36,846.5,1567.0,20.7690178392367,67.6618906700717,803.46486771918,23.237,12
2026-01-30 20:31:20,843.0,1561.0,21.5444351254991,52.656147470284,1194.48192891679,23.244,12
2026-01-30 20:34:04,844.0,1562.0,19.8745089742587,66.4439782512297,778.340118934674,23.2865,12
2026-01-30 20:36:48,852.0,1577.0,23.0876882068405,64.0012615514631,1016.98515086571,23.416,12
2026-01-30 20:39:32,841.0,1557.5,24.3395414551778,57.2150642473487,,23.321,12
2026-01-30 20:42:16,846.5,1567.0,23.4779399038816,70.9666026730823,839.402809762007,23.386,12
2026-01-30 20:45:00,843.5,1562.0,24.2711198699689,66.477414845213,1016.5102161491,23.408,12
2026-01-30 20:47:44,854.0,1581.0,,63.3810422562039,1144.85399726977,23.2725,12
2026-01-30 20:50:28,844.0,1562.5,,62.2899329333648,1199.24991172131,23.3224999999999,12
2026-01-30 20:53:12,844.0,1562.0,24.0405140612274,64.9487203409714,1038.69170670419,23.3995,12
2026-01-30 20:55:56,845.5,1565.5,23.1839835738355,55.8335997569753,1279.99657052885,23.318,12
2026-01-30 20:58:40,843.0,1560.0,21.1592599852738,68.2008791025134,800.876250619803,23.357,12
2026-01-30 21:01:24,858.0,1588.0,21.8865331058914,60.7078972131205,1000.00836022845,23.277,12
2026-01-30 21:04:08,868.0,1608.0,21.7142169004364,63.9266711070513,937.064947705985,23.289,12
2026-01-30 21:06:52,868.0,1607.0,22.0360430273722,66.6506941993117,884.436376119537,23.31,12
2026-01-30 21:09:36,871.0,1613.0,21.9676232013443,69.8408298078306,795.643948658045,23.283,12
2026-01-30 21:12:20,867.0,1606.0,21.7953068375645,72.9022940091954,707.40237638005,23.351,12
2026-01-30 21:15:04,868.0,1607.0,21.6711379019689,74.9505626258752,648.992808148301,23.336,12
2026-01-30 21:17:48,866.0,1602.0,21.5342988693882,77.2003122775025,585.785673875412,23.149,12
2026-01-30 21:20:32,865.0,1601.5,21.3999940977955,79.1033553949264,532.49319326922,23.1815,12
2026-01-30 21:23:16,869.0,1608.0,21.2884959534567,80.7307344071021,487.683676809213,23.252,12
2026-01-30 21:26:00,867.0,1606.0,21.1972703027131,82.1349034726337,449.622073323096,23.235,12
2026-01-30 21:28:44,866.0,1603.0,21.1263170844467,83.2019904946836,420.929870893133,23.17,12
2026-01-30 21:31:28,868.5,1607.5,21.0401596818119,84.4302716234796,388.093313989756,23.129,12
2026-01-30 21:34:12,867.0,1605.0,20.9894788961682,85.3482465060861,364.077590838719,23.07,12
2026-01-30 21:36:56,867.5,1605.5,20.9185258448123,86.2145948797565,341.058999253196,23.209,12
2026-01-30 21:39:40,867.0,1605.0,20.8627770588791,86.9759815374091,321.119445017193,23.036,12
2026-01-30 21:42:24,862.5,1596.5,20.8171644420363,87.7386813674808,301.561517131482,23.084,12
2026-01-30 21:45:08,851.0,1575.0,20.6043058751383,84.7390450010593,370.334569470198,23.0655,12
2026-01-30 21:47:52,853.5,1580.0,20.4015839090861,80.9542695719118,456.432757952757,23.081,12
2026-01-30 21:50:36,856.0,1585.0,20.2900870242156,79.2635448776757,493.547735256259,23.061,12
2026-01-30 21:53:20,853.5,1580.5,20.2242025683226,78.1952578667309,516.865992416495,23.098,12
2026-01-30 21:56:04,850.0,1574.0,20.1329780182859,77.4843300683177,530.634547277846,23.084,12
2026-01-30 21:58:48,853.0,1578.0,20.0569576319539,77.2324901381297,534.135424743666,,12
2026-01-30 22:01:32,852.0,1577.0,19.9961413700366,77.2108178100889,532.635362396729,,12
2026-01-30 22:04:16,848.0,1570.0,19.975869292044,77.2199344467785,531.754519625772,,12
2026-01-30 22:07:00,849.5,1573.0,19.9302571335865,77.3144094741532,528.221386035578,,12
2026-01-30 22:09:44,851.0,1576.0,19.8871790059056,77.4628694096376,523.283950724895,,12
2026-01-30 22:12:28,849.0,1571.5,19.8593049340997,77.5908588288484,519.332970019793,,12
2026-01-30 22:15:12,848.0,1570.0,19.8060908217012,77.7959579548934,512.726865649431,,12
2026-01-30 22:17:56,850.0,1573.5,19.7807507795077,77.9320513857173,508.87348041642,,12
2026-01-30 22:20:40,847.0,1568.0,19.7478087354975,78.0490709071175,505.20956063028,,12
2026-01-30 22:23:24,849.0,1571.5,19.7174007058201,78.2214014680364,500.613428592629,,12
2026-01-30 22:26:08,845.0,1564.0,19.6819246845843,78.3370028604793,496.548882815585,,12
2026-01-30 22:28:52,849.0,1571.5,19.666720680223,78.468931446607,493.060047430649,,12
2026-01-30 22:31:36,844.0,1562.0,19.6261766796524,78.5713417266244,489.480973601412,,12
2026-01-30 22:34:20,847.5,1569.5,19.605904686643,78.6941526626299,485.910605554648,,12
2026-01-30 22:37:04,846.0,1567.0,19.5704287100816,78.8808204523072,480.442147646571,,12
2026-01-30 22:39:48,848.0,1571.0,19.5400207415223,79.0475554099151,476.049237369741,,12
2026-01-30 22:42:32,838.5,1552.5,19.519748768449,79.1272604206593,473.641262779266,,12
2026-01-30 22:45:16,845.0,1564.0,19.489340817352,79.1949101704844,471.140741708307,,12
2026-01-30 22:48:00,840.5,1556.0,19.4716028514812,79.2560330796328,469.313185857423,,12
2026-01-30 22:50:44,843.0,1561.0,19.4411949161003,79.4081641765833,464.991429185619,,12
2026-01-30 22:53:28,845.0,1564.5,19.4310589405504,79.4697406095627,463.309009651012,,12
2026-01-30 22:56:12,835.0,1545.0,19.3981170267798,79.560385108475,459.884321624656,,12
2026-01-30 22:58:56,841.0,1556.5,19.3651751256693,79.6674359939755,456.97123916868,,12
2026-01-30 23:01:40,839.0,1554.0,19.3575731503369,79.7183577803196,455.611373562428,,12
2026-01-30 23:04:24,836.0,1547.0,19.3170292922295,79.8150983363157,452.295627428901,,12
2026-01-30 23:07:08,834.0,1543.0,19.2967573702335,79.9381770169238,448.970933060178,,12
2026-01-30 23:09:52,835.0,1545.0,19.2764854530396,79.9824537029933,447.415241653705,,12
2026-01-30 23:12:36,837.0,1550.0,19.2663494959706,80.0684322821615,445.212396358316,23.243,12
2026-01-30 23:15:20,837.0,1549.5,19.2460775856161,80.1615942951995,442.572495010858,23.1495,12
2026-01-30 23:18:04,836.0,1547.5,19.2207377042213,80.1999389743454,441.020613506465,23.138,12
2026-01-30 23:20:48,838.0,1551.0,19.2055337790225,80.2985124054115,438.271685008747,23.179,12
2026-01-30 23:23:32,837.0,1549.5,19.1700579632597,80.3388359492288,436.477715348702,23.202,12
2026-01-30 23:26:16,832.0,1540.0,19.1523200608353,80.4075141383027,434.404352211951,23.2524999999999,12
2026-01-30 23:29:00,833.0,1542.5,19.1396501326526,80.4719640362561,432.63836607942,23.166,12
2026-01-30 23:31:44,835.0,1546.0,19.0991063748078,80.5712735786572,429.482436649241,23.271,12
2026-01-30 23:34:28,830.0,1537.0,19.088970438257,80.6191756710069,428.088454680845,23.264,12
2026-01-30 23:37:12,830.0,1537.0,19.0686985686479,80.693252452577,426.225528474734,,12
2026-01-30 23:39:56,832.5,1542.0,19.0636306019732,80.6873362112557,425.973625183951,,12
2026-01-30 23:42:40,833.0,1542.0,19.0256208612263,80.7917852104455,422.534819802431,,12
2026-01-30 23:45:24,826.0,1529.5,19.0078829877602,80.8231393641832,421.510188820677,,12
2026-01-30 23:48:08,830.0,1536.0,18.9825431747594,80.8586985684606,420.063999126906,,12
2026-01-30 23:50:52,828.0,1533.0,18.9622713295975,80.900170041338,418.502370646325,,12
2026-01-30 23:53:36,827.0,1532.0,18.9470674493641,80.9665526035747,416.773164439794,,12
2026-01-30 23:56:20,826.0,1530.0,18.9267956117691,80.9984008923807,415.399078192422,,12
2026-01-30 23:59:04,831.0,1538.0,18.9115917370654,81.0240657377984,414.683294452704,,12
2026-01-31 00:01:48,828.0,1533.0,18.8862519517133,81.1044892504824,412.185256382799,,12
2026-01-31 00:04:32,830.0,1537.0,18.8710480839945,81.1627078903048,410.525347171922,,12
2026-01-31 00:07:16,828.0,1533.0,18.8406403564149,81.2243750111001,408.275813500943,,12
2026-01-31 00:10:00,826.0,1530.0,18.8279704730521,81.271728464584,406.977808299986,,12
2026-01-31 00:12:44,831.0,1538.0,18.8102326393127,81.2929377182044,406.27000837474,,12
2026-01-31 00:15:28,825.0,1527.0,18.7772909576451,81.3930541667431,403.328738826757,,12
2026-01-31 00:18:12,826.0,1529.0,18.7646210833045,81.47244649819,401.099406565708,,12
2026-01-31 00:20:56,826.0,1528.5,18.7468832623708,81.4926563335645,400.223281080243,,12
2026-01-31 00:23:40,826.0,1529.0,18.7190095508703,81.5355344123448,398.532400035962,23.2865,12
2026-01-31 00:26:24,823.0,1523.0,18.7139416042773,81.5596942929857,397.947873435488,,12
2026-01-31 00:29:08,827.0,1531.0,18.6987377662444,81.5907453091384,396.900284544725,24.089,12
2026-01-31 00:31:52,824.5,1526.0,18.6708640703145,81.6639357339067,394.633661242634,24.1645,12
2026-01-31 00:34:36,825.0,1527.0,18.650592296457,81.680422694891,393.654466534021,24.223,12
2026-01-31 00:37:20,821.0,1519.5,18.6328544983698,81.7008667166353,392.903647394345,23.811,12
2026-01-31 00:40:04,824.0,1525.0,18.6176506743067,81.7129256096858,392.271402160212,23.997,12
2026-01-31 00:42:48,819.0,1516.0,18.6049808229581,81.7686126346073,390.766961117241,24.373,12
2026-01-31 00:45:32,824.0,1525.5,18.5796411256451,81.8018558325788,389.504986685237,24.488,12
2026-01-31 00:48:16,817.0,1513.0,18.5568354042479,81.8560308812044,387.723160685554,24.839,12
2026-01-31 00:51:00,821.0,1519.0,18.5314957207592,81.8996058555282,386.178826382947,25.029,12
2026-01-31 00:53:44,820.0,1518.0,18.5137579466827,81.9493491901112,384.690015827111,25.274,12
2026-01-31 00:56:28,821.0,1520.0,18.501088110177,82.0104319572961,383.190460995551,25.391,12
2026-01-31 00:59:12,822.0,1521.0,18.4808163756097,82.0301010981065,382.179759875136,25.529,12
2026-01-31 01:01:56,817.5,1513.0,18.4605446456989,82.0882130425514,380.581212212638,25.561,12
2026-01-31 01:04:40,819.0,1516.0,18.4402729204448,82.1127913833169,379.456089902358,25.738,12
2026-01-31 01:07:24,820.0,1518.5,18.4200011998473,82.1812268251961,377.524443802909,25.767,12
2026-01-31 01:10:08,817.0,1513.0,18.4123993058601,82.2048555712504,376.844334619557,25.961,12
2026-01-31 01:12:52,817.5,1513.0,18.3870596638444,82.1676091487943,377.153511079681,25.944,12
2026-01-31 01:15:36,820.0,1517.5,18.3743898455286,82.2318789436438,375.61517913224,25.2524999999999,12
2026-01-31 01:18:20,822.0,1521.5,18.3490502145723,82.2906484565426,373.47121969388,25.237,12
2026-01-31 01:21:04,815.0,1509.0,18.3262445529835,82.3019136522699,372.877329115278,25.389,12
2026-01-31 01:23:48,815.0,1509.0,18.3059728582884,82.3321384402242,371.601466619341,25.366,12
2026-01-31 01:26:32,820.5,1518.5,18.2882351294683,82.3414513217233,371.051546280398,25.381,12
2026-01-31 01:29:16,819.0,1516.0,18.2806332471227,82.3406899661006,370.890653808775,25.3875,12
2026-01-31 01:32:00,812.0,1503.5,18.2527596827421,82.4080661757335,368.771120634713,,12
2026-01-31 01:34:44,815.0,1509.0,18.2426238433981,82.436841716955,367.933945014066,25.514,12
2026-01-31 01:37:28,813.5,1505.5,18.2172842499858,82.5086936604218,366.137507770791,,12
2026-01-31 01:40:12,814.0,1506.0,18.2071484147163,82.5364442895531,365.091778079018,25.483,12
2026-01-31 01:42:56,814.0,1506.0,18.1818088316358,82.5799293740359,363.603806883008,,12
2026-01-31 01:45:40,811.0,1501.0,18.164071127845,82.6431292594188,361.881429222902,25.4324999999999,12
2026-01-31 01:48:24,810.5,1500.5,18.151401341689,82.6553890511243,361.338315998027,,12
2026-01-31 01:51:08,812.0,1503.0,18.1361976005719,82.6464990407611,361.202575759951,25.334,12
2026-01-31 01:53:52,810.5,1501.0,18.115925949678,82.7205189801118,359.219042480988,,12
2026-01-31 01:56:36,813.0,1505.0,18.1007222146727,82.7391028450603,358.337201779371,25.118,12
2026-01-31 01:59:20,811.5,1502.5,18.0855184824322,82.7592221046109,357.577780178993,,12
2026-01-31 02:02:04,814.0,1508.0,18.0753826621512,82.7857803831715,356.913279255154,25.0075,12
2026-01-31 02:04:48,810.0,1500.0,18.0525770711392,82.8294883147773,355.450836345828,,12
2026-01-31 02:07:32,811.5,1502.5,18.0297714860935,82.8758981577115,354.130655655354,24.89,12
2026-01-31 02:10:16,807.0,1494.0,18.0145677657856,82.9051577329762,353.238737140474,,12
2026-01-31 02:13:00,810.0,1500.0,17.9993640482425,82.9237209270225,352.253299869844,24.7665,12
2026-01-31 02:15:44,804.0,1488.0,20.8551750898041,72.608200758586,675.196000435736,,12
2026-01-31 02:18:28,821.0,1519.5,20.6296461538004,73.7406877061678,638.225071079823,24.613,12
2026-01-31 02:21:12,820.0,1518.0,19.4259909719839,80.2519183854457,445.55218436918,,12
2026-01-31 02:23:56,821.0,1520.0,18.9977470616868,83.5734107778761,360.830593087787,24.519,12
2026-01-31 02:26:40,817.0,1512.0,18.8000967372499,85.6182351353555,312.042801463286,,12
2026-01-31 02:29:24,811.0,1501.5,18.6429903825337,86.0780319713333,,24.435,12
2026-01-31 02:32:08,811.0,1501.0,18.4453408513218,84.0367915586807,338.748238460912,,12
2026-01-31 02:34:52,810.5,1500.5,18.2983709792897,83.2389771258284,352.412640627901,24.291,12
2026-01-31 02:37:36,811.0,1502.0,18.2020804975181,82.790854553057,359.619260465229,,12
2026-01-31 02:40:20,811.0,1501.0,18.1285957317595,82.6605483636375,360.7600145965,24.2125,12
2026-01-31 02:43:04,813.0,1504.0,18.0728487082087,82.6447514208185,359.780376877265,,12
2026-01-31 02:45:48,810.0,1500.0,18.0323054395994,82.6387188444699,359.160793959124,24.1075,12
2026-01-31 02:48:32,802.0,1485.0,18.126061872841,82.3494750230901,367.1841887059,,12
2026-01-31 02:51:16,799.0,1479.0,20.4269241282308,73.7682231720215,629.637713140958,23.993,12
2026-01-31 02:54:00,813.5,1505.5,22.096860805017,69.0955187345663,821.840969860385,,12
2026-01-31 02:56:44,820.0,1518.0,20.5080129966663,76.1099501600363,576.474494275581,23.8605,12
2026-01-31 02:59:28,817.5,1514.0,19.5501567298779,81.4948968422518,420.709323126053,,12
2026-01-31 03:02:12,822.0,1522.0,19.1573880355135,84.3086440178863,348.134864307674,23.76,12
2026-01-31 03:04:56,814.5,1507.5,18.9369315296935,86.1694614045523,302.654360315095,,12
2026-01-31 03:07:40,811.0,1502.0,18.6733980456483,84.3829151792829,336.160502531385,23.6865,12
2026-01-31 03:10:24,807.5,1495.0,18.4630786134657,83.0878258968346,359.282655717433,,12
2026-01-31 03:13:08,812.0,1502.0,18.285701169414,82.501011972632,367.647498563112,23.6105,12
2026-01-31 03:15:52,805.0,1490.5,18.1919446639949,82.2722251645222,370.31390012522,,12
2026-01-31 03:18:36,811.0,1502.0,18.1057901260501,82.1312488555542,370.839116871585,23.515,12
2026-01-31 03:21:20,811.0,1501.5,18.0044319537992,82.1874723403859,367.948185192148,,12
2026-01-31 03:24:04,802.0,1484.0,18.8862519517133,79.31855021116,451.143596835488,23.391,12
2026-01-31 03:26:48,803.0,1486.0,21.057898478888,71.1166190468482,721.240492484887,,12
2026-01-31 03:29:32,817.0,1512.0,21.0452277619915,72.330498487209,689.908678350102,23.3,12
2026-01-31 03:32:16,816.0,1511.0,19.534952747781,79.9823409219282,454.667306619405,,12
2026-01-31 03:35:00,815.5,1510.0,19.1092423125228,83.1399018033299,372.937081625026,23.252,12
2026-01-31 03:37:44,816.0,1510.0,18.8735820626752,85.2548609756263,321.39799609124,,12
2026-01-31 03:40:28,811.5,1502.5,18.7114076340367,86.027512303534,301.75758218916,23.203,12
2026-01-31 03:43:12,808.0,1495.0,18.430137059564,83.6235294492212,347.186984253058,,12
2026-01-31 03:45:56,809.5,1499.0,18.2426238445623,82.6673042621527,363.163527731082,23.213,12
2026-01-31 03:48:40,809.0,1498.0,18.1159259520063,82.3192818124063,367.637256345819,,12
2026-01-31 03:51:24,806.0,1492.0,17.9968300956097,82.1010970474639,369.2813859618,23.185,12
2026-01-31 03:54:08,795.0,1472.0,19.2308741797751,77.8929304536345,493.273941465393,,12
2026-01-31 03:56:52,813.5,1505.5,20.9590705526061,71.8810278406636,697.47755634968,23.147,12
2026-01-31 03:59:36,819.0,1516.0,19.5957686918845,78.8677530998347,481.799753580001,,12
2026-01-31 04:02:20,818.5,1514.5,18.9952130864985,82.9329998587138,374.850566056579,23.179,12
2026-01-31 04:05:04,821.0,1520.0,18.7595531340921,85.17501145724,320.841654399602,,12
2026-01-31 04:07:48,809.0,1497.0,18.5568354042479,85.5000980825781,309.852122177877,23.202,12
2026-01-31 04:10:32,804.5,1490.0,18.2679634437954,83.368551266013,349.025362270893,,12
2026-01-31 04:13:16,810.0,1499.0,18.1057901266322,82.5641471780869,362.199731264406,23.258,12
2026-01-31 04:16:00,807.5,1495.0,18.0145677657856,82.1299397819628,368.134478207803,,12
2026-01-31 04:18:44,795.5,1472.5,19.6211090594588,76.186480907603,544.221843408461,23.221,12
2026-01-31 04:21:28,813.0,1505.0,21.0426937262673,71.7533796831994,704.19919016401,,12
2026-01-31 04:24:12,819.0,1516.0,19.6565847420715,78.4243058592108,493.863020799569,23.2215,12
2026-01-31 04:26:56,816.0,1510.5,18.9724072515964,82.8439219394564,376.259392552953,,12
2026-01-31 04:29:40,820.0,1518.0,18.7190095531987,85.2167462209586,319.133871383089,27.6319999999999,12
2026-01-31 04:32:24,810.0,1500.0,18.5720392178336,86.3270487581836,,,12
2026-01-31 04:35:08,808.0,1496.0,18.2020804975181,83.4917532996409,345.010383851335,22.3145,12
2026-01-31 04:37:52,808.5,1497.0,18.0551110253727,82.6483752424133,359.304172665743,,12
2026-01-31 04:40:36,800.0,1482.0,18.0931204663502,81.9911763134582,373.820672680583,,12
2026-01-31 04:43:20,807.0,1493.5,21.156725599576,71.3926771229873,718.190094516629,22.563,12
2026-01-31 04:46:04,816.0,1510.0,20.2850189874006,75.1261219377954,591.837129621906,,12
2026-01-31 04:48:48,814.0,1507.0,19.1852619001001,81.2610166335557,416.499492209261,22.726,12
2026-01-31 04:51:32,821.0,1519.5,18.8000967359403,84.3012851905459,340.612694564685,,12
2026-01-31 04:54:16,812.0,1504.0,18.602446852863,86.07905620049,,22.9645,12
2026-01-31 04:57:00,809.5,1498.0,18.3338464765111,84.5965360151925,324.521892151951,,12
2026-01-31 04:59:44,811.0,1501.0,18.07031475252,82.9585155552179,353.219347975073,23.1935,12
2026-01-31 05:02:28,802.5,1485.5,19.0256212034873,78.9585574375917,463.444527750028,,12
2026-01-31 05:05:12,799.0,1480.0,21.3087683323828,69.9095625878913,762.498842906992,23.421,12
2026-01-31 05:07:56,809.0,1497.5,21.9676232484926,69.2924220276301,810.14190589858,,12
2026-01-31 05:10:40,814.0,1506.0,22.8798919184191,68.5482736673651,876.830410071634,23.611,12
2026-01-31 05:13:24,813.5,1506.0,23.5438268704165,68.2582686440008,921.377789552507,,12
2026-01-31 05:16:08,807.0,1494.0,23.832715960365,65.9985589759314,1004.21184918008,23.6955,12
2026-01-31 05:18:52,801.0,1484.0,23.4044507019716,65.8900047293245,981.77793422528,,12
2026-01-31 05:21:36,809.0,1498.0,23.2042563939758,65.7567590022004,973.786679678526,23.859,12
2026-01-31 05:24:20,808.0,1496.0,23.2346656198205,65.3566657413129,986.967620517402,,12
2026-01-31 05:27:04,811.0,1502.0,23.2802794862363,65.0785126436172,997.635055878274,23.9865,12
2026-01-31 05:29:48,810.0,1500.0,23.3715072906634,64.8082843600126,1010.75242499694,,12
2026-01-31 05:32:32,808.5,1496.5,23.5260879551788,64.2635242284612,1036.1683197891,24.0365,12
2026-01-31 05:35:16,816.0,1510.5,23.6401230377668,63.9664857465312,1051.65453415205,,12
2026-01-31 05:38:00,810.5,1500.0,23.7161465095414,63.5874673148799,1067.59020910153,24.165,12
2026-01-31 05:40:44,813.0,1506.0,23.8529889279161,63.0821880841284,1091.68146094,,12
2026-01-31 05:43:28,812.5,1504.0,23.9594220648577,62.572535635256,1113.86907697445,24.229,12
2026-01-31 05:46:12,818.0,1514.5,24.1064013662398,62.0053385907124,1140.7386364646,,12
2026-01-31 05:48:56,819.5,1516.5,24.1570839419146,61.6875861117463,1153.77963132798,24.338,12
2026-01-31 05:51:40,814.0,1507.0,24.2888587747293,61.1220967620466,1180.08288249555,,12
2026-01-31 05:54:24,813.5,1505.5,24.3826217564783,61.3922177304611,1178.48466503374,24.41,12
2026-01-31 05:57:08,819.0,1517.0,23.1409038658166,74.6090099009524,719.275699864399,,12
2026-01-31 05:59:52,823.0,1523.0,24.2077665465476,64.8127296560844,1062.88991262167,24.45,12
2026-01-31 06:02:36,820.0,1518.0,24.4155655327485,62.2809412988736,1153.64243886762,,12
2026-01-31 06:05:20,824.0,1525.0,,62.567733547995,1154.96660523834,24.545,12
2026-01-31 06:08:04,823.0,1523.0,23.690805441729,70.513616799801,863.74314025058,,12
2026-01-31 06:10:48,827.0,1532.0,24.4890555425809,63.776660364101,1112.79201663251,24.6195,12
2026-01-31 06:13:32,822.5,1522.0,,60.9786400829776,1216.82087959979,,12
2026-01-31 06:16:16,833.0,1541.0,23.6654642067151,72.7807456331592,793.991530727035,24.669,12
2026-01-31 06:19:00,829.0,1535.0,,63.4120997231451,1137.87647597569,,12
2026-01-31 06:21:44,832.0,1541.0,,61.1194623991885,1224.91009282388,24.74,12
2026-01-31 06:24:28,831.5,1539.5,24.3902265489159,67.2194219064918,1010.35815685048,,12
2026-01-31 06:27:12,832.5,1540.5,24.2989953923097,67.8524819391196,976.595631853028,24.8059999999999,12
2026-01-31 06:29:56,832.5,1541.5,,62.6621790186224,1174.57492992414,,12
2026-01-31 06:32:40,824.0,1525.5,,67.1102036917491,1022.20992698057,24.841,12
2026-01-31 06:35:24,836.0,1547.0,24.4333045460662,67.9411262643976,981.736087088505,,12
2026-01-31 06:38:08,834.0,1544.0,,62.643250323001,1183.19635463691,24.877,12
2026-01-31 06:40:52,835.0,1546.0,24.1064013660943,71.8417711484159,846.609541532087,,12
2026-01-31 06:43:36,842.0,1559.0,,65.8675964657315,1066.62207445544,24.91,12
2026-01-31 06:46:20,839.0,1552.0,,60.6956314168341,1267.02386009799,,12
2026-01-31 06:49:04,833.0,1542.0,23.9442173195129,77.2680577180177,675.886043767068,24.963,12
2026-01-31 06:51:48,846.0,1567.0,23.7262829762185,78.000973283676,645.190096393122,,12
2026-01-31 06:54:32,846.0,1566.0,,64.6613335419656,1127.32345824187,25.03,12
2026-01-31 06:57:16,835.0,1545.5,23.883398378879,75.4490893092807,727.307668432126,,12
2026-01-31 07:00:00,849.0,1571.0,22.7455851134873,64.6503716242199,977.469886463923,25.078,12
2026-01-31 07:02:44,841.5,1557.5,21.2378150244767,71.8793008115574,703.398179834459,,12
2026-01-31 07:05:28,848.0,1569.0,22.4845743113255,68.3120868430141,862.686284474549,26.228,12
2026-01-31 07:08:12,845.0,1565.0,23.2397338260198,66.6488492902749,958.911063858479,,12
2026-01-31 07:10:56,845.5,1565.5,21.5849800771829,47.4089692726698,,26.087,12
2026-01-31 07:13:40,847.0,1567.0,20.7310073412081,77.9791526742932,544.808664388412,,12
2026-01-31 07:16:24,848.5,1571.0,22.1298041751433,71.792091774385,752.394044695474,25.966,12
2026-01-31 07:19:08,850.0,1574.0,23.1358356731507,67.6813693568578,915.276855788373,,12
2026-01-31 07:21:52,846.5,1567.0,23.5235538376728,66.3697938721013,979.117306651642,,12
2026-01-31 07:24:36,839.0,1552.5,21.2935648016864,58.392047636703,1054.73127951843,25.713,12
2026-01-31 07:27:20,853.0,1578.0,20.1380463280947,68.7298708483448,754.690984213975,,12
2026-01-31 07:30:04,857.0,1587.0,23.5767703646706,64.9497056947603,1019.52777796951,25.62,12
2026-01-31 07:32:48,849.0,1571.0,23.9036713544337,62.2011006810444,1120.11326339787,,12
2026-01-31 07:35:32,848.0,1570.5,24.032911683098,62.8398031833705,1109.59302678319,25.417,12
2026-01-31 07:38:16,848.0,1569.0,24.1646863411442,62.9656679200239,1116.03113187897,,12
2026-01-31 07:41:00,848.5,1571.0,24.2685857106989,62.7729558194328,1128.26695139509,25.2644999999999,12
2026-01-31 07:43:44,847.0,1568.0,24.3446097248233,62.8095982362377,1131.6125044175,,12
2026-01-31 07:46:28,849.0,1571.5,,62.6667790980723,1147.73033995635,25.112,12
2026-01-31 07:49:12,849.0,1572.0,,62.6014296456923,1155.13650053324,,12
2026-01-31 07:51:56,852.0,1576.5,,62.2736914698082,1177.50468097137,24.965,12
2026-01-31 07:54:40,852.0,1578.0,,61.9863227427938,1190.60702242304,,12
2026-01-31 07:57:24,855.0,1582.0,23.7972385537868,73.7614518050502,773.867856462455,24.846,12
2026-01-31 08:00:08,852.0,1578.0,24.3040637859376,68.4145491324328,960.239474458469,,12
2026-01-31 08:02:52,853.5,1579.5,,62.6762126205543,1181.76725464402,24.697,12
2026-01-31 08:05:36,843.5,1561.0,23.6553277247585,77.8913408977949,646.037138369246,,12
2026-01-31 08:08:20,858.5,1589.0,24.3902241647301,69.6455521849938,926.979614030708,24.5775,12
2026-01-31 08:11:04,857.0,1587.0,,63.2629643783033,1167.24860649791,,12
2026-01-31 08:13:48,852.0,1577.0,,68.8945718909159,968.975237362452,24.4495,12
2026-01-31 08:16:32,857.0,1587.0,,65.9884131775137,1073.82355293186,,12
2026-01-31 08:19:16,855.0,1583.0,,62.5349758456358,1208.85298288477,24.3295,12
2026-01-31 08:22:00,853.0,1578.0,22.7886646139959,69.5191607858449,845.271193466071,,12
2026-01-31 08:24:44,854.0,1580.0,21.785170591349,53.4822274322706,1213.62400483909,24.2575,12
2026-01-31 08:27:28,858.0,1589.0,21.9042728574277,67.8420215553882,850.009371814126,,12
2026-01-31 08:30:12,853.0,1578.0,20.9742798091901,58.6471805254953,1034.60956359655,24.1605,12
2026-01-31 08:32:56,863.5,1598.5,21.5266967061907,64.1793700050811,919.895443675606,,12
2026-01-31 08:35:40,859.0,1590.0,22.7734601211268,64.2069150507607,991.684837792667,24.086,12
2026-01-31 08:38:24,858.5,1589.5,23.5894407566229,64.7439253536629,1026.14003313269,,12
2026-01-31 08:41:08,861.0,1594.0,22.8444146164692,52.3438502182408,1289.44873051288,24.016,12
2026-01-31 08:43:52,855.5,1584.0,20.1507161915214,68.2619187397458,748.39299521436,,12
2026-01-31 08:46:36,862.0,1596.0,21.602718615235,67.9022703040335,828.367159427241,23.958,12
2026-01-31 08:49:20,863.0,1598.0,22.7455851405538,65.6520483958211,950.058628005773,,12
2026-01-31 08:52:04,860.0,1592.0,23.4880762863031,59.0639483530729,1185.65284378472,23.893,12
2026-01-31 08:54:48,851.0,1576.0,21.5419010314217,55.2736148864217,1149.66935456422,,12
2026-01-31 08:57:32,856.0,1584.5,20.2900870242156,78.8590247623274,512.063499534341,23.8465,12
2026-01-31 09:00:16,862.0,1596.0,21.1136469034972,54.784629397432,1131.98209449157,,12
2026-01-31 09:03:00,851.0,1575.5,19.8973151074751,68.0326881098707,742.491413412163,23.824,12
2026-01-31 09:05:44,859.0,1590.0,20.994546973292,67.1506471573991,816.517262979957,,12
2026-01-31 09:08:28,862.0,1596.0,22.6467557002906,65.0137189104014,961.910550951969,23.785,12
2026-01-31 09:11:12,857.0,1587.0,23.260006653727,64.5541089769545,1011.37796834762,,12
2026-01-31 09:13:56,851.5,1576.0,23.2853478347533,58.4773493162297,1186.07038275699,23.722,12
2026-01-31 09:16:40,853.5,1580.5,20.1253764578286,73.8198004802057,602.185430644066,,12
2026-01-31 09:19:24,866.5,1605.0,22.8038695204304,70.535904594449,818.251346655826,23.684,12
2026-01-31 09:27:25,551.0,1592.0,23.8377842009067,64.6215876613782,955.010337991658,,12
2026-01-31 09:42:30,597.0,1593.5,24.481453115266,61.7288994757637,1175.13805364659,24.22,12
2026-01-31 09:57:35,588.0,1596.0,,67.6409112993819,996.017723593434,,12
2026-01-31 10:12:40,559.0,1596.0,22.0588497461576,60.5987734020531,1099.30226331845,25.9635,12
2026-01-31 10:27:45,533.5,1594.0,20.7056670334422,56.4902801367735,1096.16945655512,,12
2026-01-31 10:42:50,543.0,1590.5,23.7414876803813,62.1251296992935,1072.64982706518,26.264,12
2026-01-31 10:57:55,532.0,1599.0,24.3395414551778,67.3025840553471,989.180581254737,,12
2026-01-31 11:13:00,523.0,1602.0,,62.723686097726,1118.48939149422,26.28,12
2026-01-31 11:28:05,512.0,1602.5,21.6686038435436,59.0567935445542,1007.01402184788,,12
2026-01-31 11:43:10,515.0,1603.0,24.2280395967536,61.3610853312344,1148.64215268134,26.3235,12
2026-01-31 11:58:15,507.0,1596.0,22.6518238481367,66.6325518390297,1017.75660491284,,12
2026-01-31 12:13:20,495.5,1595.5,21.3341088133165,59.7674425485497,993.827852485224,26.461,12
2026-01-31 12:28:25,496.0,1593.5,20.75634765625,57.7954854581753,1115.13938500993,,12
2026-01-31 12:43:30,527.0,1594.5,24.4307703534723,62.8903106637771,1140.20368210132,27.763,12
2026-01-31 12:58:35,518.0,1585.5,22.902698750564,72.147571461161,747.485120811807,,12
2026-01-31 13:13:40,512.0,1592.5,21.2124745711917,58.7427159425711,1051.80812976713,,12
2026-01-31 13:28:45,557.0,1588.0,21.1769979488162,53.3712411802941,1182.37347322008,28.059,12
2026-01-31 13:43:50,561.5,1582.0,21.131385169574,66.0864125830668,898.013727012107,,12
2026-01-31 13:58:55,588.5,1584.0,21.1972703027131,65.5190648565169,921.001605687639,28.2715,12
2026-01-31 14:14:00,607.0,1583.0,21.7091487994475,56.315764375452,1139.33087732486,,12
2026-01-31 14:29:05,603.0,1583.0,21.8257155845058,58.2938887498688,1075.8311296482,,12
2026-01-31 14:44:10,602.0,1579.0,21.0046831991348,60.9996979951017,975.275285933576,,12
2026-01-31 14:59:15,600.5,1581.0,21.6483313813805,60.8515069630248,1108.53382478193,27.109,12
2026-01-31 15:14:20,611.0,1580.0,21.258087541355,64.1971361491155,939.097997426089,,12
2026-01-31 15:29:25,615.0,1584.5,22.5555286588205,63.8580720030973,990.497701864366,27.0555,12
2026-01-31 15:44:30,617.0,1583.5,22.1247354733059,62.995515780601,976.24419207263,,12
2026-01-31 15:59:35,611.0,1589.0,22.7278464696428,61.3482293839005,1074.99715010638,26.974,12
2026-01-31 16:14:40,605.0,1579.0,22.0436453039292,71.702985522172,755.233525319888,,12
2026-01-31 16:29:45,634.0,1574.5,22.5960739673173,61.9978807167393,985.203672854337,26.869,12
2026-01-31 16:44:50,673.0,1498.0,22.42375637652,62.3011425008094,976.380810171886,,12
2026-01-31 16:59:55,706.0,1506.0,22.3046547962731,61.0732551083955,1077.71939620307,26.77,12
2026-01-31 17:15:00,705.5,1502.0,22.0892587659473,61.8553416265412,1013.26680561026,,12
2026-01-31 17:30:05,744.5,1488.0,21.2758258717512,62.5700113472459,950.844872206012,26.6725,12
2026-01-31 17:45:10,806.0,1489.0,23.0952900651755,64.4549396838867,1035.73228912455,,12
2026-01-31 18:00:15,806.0,1486.0,23.0116648351831,61.8985421387929,994.046819683806,26.569,12
2026-01-31 18:15:20,824.5,1486.0,22.2970524802804,62.7079880148208,974.93897785544,,12
2026-01-31 18:30:25,810.0,1514.5,22.7785282536933,61.9863349507012,1046.74456603962,26.471,12
2026-01-31 18:45:30,788.0,1511.0,23.0775513733096,65.5513090449264,991.373519134491,,12
2026-01-31 19:00:35,783.0,1498.0,22.9787216588883,64.525419354483,963.821670210192,26.359,12
2026-01-31 19:15:40,865.0,1516.5,22.4136200581269,66.8597671329268,892.602832815731,,12
2026-01-31 19:30:45,814.5,1534.0,22.7886648706917,63.7138406136722,970.712946932699,26.346,12
2026-01-31 19:45:50,686.0,1548.5,22.0512474406423,63.7659243787741,992.707941688343,,12
2026-01-31 20:00:55,636.0,1545.5,22.1145991892553,64.5745247925617,977.039944570114,26.2755,12
2026-01-31 20:16:00,604.0,1544.5,21.6229908311797,65.2970958461093,874.104837219886,,12
2026-01-31 20:31:05,593.0,1516.0,22.1880879982636,65.9528767380368,942.7230816056,26.2385,12
2026-01-31 20:46:10,584.0,1523.0,22.1551443330245,62.0906040064029,1001.30209520768,,12
2026-01-31 21:01:15,578.0,1527.0,21.5824459115101,60.491540765768,1050.22236257104,26.161,12
2026-01-31 21:16:20,588.0,1522.5,21.7648981024103,65.5717643293707,902.949879123568,,12
2026-01-31 21:31:25,580.0,1529.0,21.3999940977955,78.5080361866981,547.663256798321,21.5965,12
2026-01-31 21:46:30,579.5,1518.0,21.1491234701388,84.6267754376685,385.767703992636,,12
2026-01-31 22:01:35,577.0,1514.0,20.994546973292,87.1308322286406,320.678936016983,21.5325,12
2026-01-31 22:16:40,567.5,1521.0,20.4015839083585,78.6089561335585,513.126152886867,,12
2026-01-31 22:31:45,564.5,1518.0,20.2546107726229,79.1649585163227,494.808692807824,,12
2026-01-31 22:46:50,566.0,1517.5,20.1380460465152,79.9925165189556,471.670540738345,,12
2026-01-31 23:01:55,567.0,1510.0,20.0366855399915,80.6689854829225,452.945257886124,,12
2026-01-31 23:17:00,568.5,1503.5,19.9251891174353,81.1946831729,437.733949957945,,12
2026-01-31 23:32:05,566.5,1516.5,19.8593049339542,81.5294674370763,428.278599938366,,12
2026-01-31 23:47:10,567.5,1510.5,19.7427407298237,82.0780441609434,412.203383259272,,12
2026-02-01 00:02:15,566.0,1512.0,19.6312446786323,82.4025541926646,402.783478521948,,16
2026-02-01 00:17:20,565.0,1512.5,19.5450887355546,82.7139501290282,392.808876120444,,16
2026-02-01 00:32:25,566.0,1505.0,19.4538648875022,82.9521758307328,385.26620062598,21.104,16
2026-02-01 00:47:30,566.0,1504.0,19.3829130708763,83.1143756468348,380.160338575251,,16
2026-02-01 01:02:35,565.0,1498.0,19.2714174742868,83.3409050543896,372.232434451708,21.1295,16
2026-02-01 01:17:40,564.0,1509.0,19.1877958693221,83.5256860790137,365.841861319415,,16
2026-02-01 01:32:45,566.0,1496.5,19.1092423125228,83.6645442504531,361.415253224031,21.117,16
2026-02-01 01:47:50,564.0,1494.5,19.0281548433995,83.8099824323775,356.093223599967,,16
2026-02-01 02:02:55,564.5,1498.0,18.9343975504307,83.9620251629143,350.738046367706,21.112,16
2026-02-01 02:18:00,565.5,1499.5,18.8457083102839,84.1031804436269,345.807292858074,,16
2026-02-01 02:33:05,563.5,1490.0,18.7696890329534,84.22599562235,341.356899744585,21.117,16
2026-02-01 02:48:10,564.5,1480.0,18.6886018756777,84.3910388175068,336.213953866699,,16
2026-02-01 03:03:15,563.5,1490.5,18.6075147930532,84.4762603792554,332.806637628318,21.098,16
2026-02-01 03:18:20,563.0,1488.0,18.5314957209047,84.6078072888986,328.416353617876,,16
2026-02-01 03:33:25,562.0,1476.0,18.4580106798239,84.6861623603121,325.530626524276,21.091,16
2026-02-01 03:48:30,563.0,1484.0,18.3870596638444,84.7888953737224,321.587658499542,,16
2026-02-01 04:03:35,558.0,1487.5,18.298370974051,84.8910464107632,317.840610420844,,16
2026-02-01 04:18:40,562.0,1494.0,18.2299540457461,85.0561995924879,312.811724638295,21.101,16
2026-02-01 04:33:45,558.0,1479.5,18.16660508528,85.1649985364128,309.35396429888,,16
2026-02-01 04:48:50,555.0,1491.0,18.090586392791,85.2991960757991,305.163101146198,21.105,16
2026-02-01 05:03:55,556.5,1475.0,18.0399073008447,85.3651895061255,302.758710362084,,16
2026-02-01 05:19:00,561.0,1478.0,23.3360297996841,68.7564086537821,895.642034746692,21.11,16
2026-02-01 05:34:05,557.0,1487.0,24.0709235804388,66.6328397538397,1000.23614805078,,16
2026-02-01 05:49:10,557.0,1483.0,,64.2595764415673,1116.87196829072,21.143,16
2026-02-01 06:04:15,551.0,1480.0,23.9594220612198,63.0745921460658,1160.11280186503,,16
2026-02-01 06:19:20,543.0,1482.5,20.9540023632871,55.8249195406752,1070.98415459606,21.118,16
2026-02-01 06:34:25,550.5,1473.5,22.6391534205322,60.2637677355981,1009.94428476797,,16
2026-02-01 06:49:30,552.0,1484.0,23.7465559156844,66.059482839509,997.233766483924,21.1135,16
2026-02-01 07:04:35,548.0,1480.0,,63.7713174432096,1114.94337365117,,16
2026-02-01 07:19:40,545.5,1484.5,,63.2345675534991,1161.60298226749,21.101,16
2026-02-01 07:34:45,537.5,1480.0,,64.3936877325683,1147.46686371576,,16
2026-02-01 07:49:50,521.5,1478.0,21.3493131053692,60.6870272585345,1058.86968330949,21.348,16
2026-02-01 08:04:55,525.0,1485.5,20.7411434664973,57.777576416047,1051.47420230003,,16
2026-02-01 08:20:00,533.0,1470.0,22.8900283281982,63.9013703555826,1021.2284281442,21.6115,16
2026-02-01 08:35:05,532.5,1474.0,24.1114696224976,65.6065868325979,1032.3060606341,,16
2026-02-01 08:50:10,530.0,1469.0,,63.1666538183529,1149.39656387945,21.867,16
2026-02-01 09:05:15,525.0,1464.0,,63.8970460582173,1165.22530712676,,16
2026-02-01 09:20:20,512.5,1482.0,21.9828276025364,62.5938394168513,1110.47059550808,22.144,16
2026-02-01 09:35:25,503.0,1473.0,20.5080128825793,57.0025029814097,1040.37733503339,,16
2026-02-01 09:50:30,524.0,1475.5,23.5362243955169,65.8781566780819,1014.24154535891,22.3875,16
2026-02-01 10:05:35,523.0,1474.5,,63.3831147284692,1147.81116896756,,16
2026-02-01 10:20:40,509.0,1463.0,23.6502594946941,62.9120345696072,1179.38549839571,22.633,16
2026-02-01 10:35:45,501.0,1470.0,21.2834278587251,63.4370186195718,955.505069402766,,16
2026-02-01 10:50:50,515.0,1466.0,24.1469474243058,66.5955939728257,1009.64861486198,22.872,16
2026-02-01 11:05:55,515.0,1468.0,,62.5632702011179,1156.50455129491,,16
2026-02-01 11:21:00,497.0,1471.0,21.7446256181283,63.9120561992227,1002.30046864254,23.0925,16
2026-02-01 11:36:05,492.0,1462.0,21.166861773614,65.0357165983157,945.472335565107,,16
2026-02-01 11:51:10,505.0,1464.0,24.1469474243058,63.3271778544998,1107.09076298413,23.341,16
2026-02-01 12:06:15,497.0,1457.0,21.9878957368491,62.31219365037,981.997236615147,,16
2026-02-01 12:21:20,499.0,1469.0,22.1196673311351,61.5256608255437,1024.45715371612,23.485,16
2026-02-01 12:36:25,502.0,1468.0,24.1925617620581,64.2862508852778,1092.17973335243,,16
2026-02-01 12:51:30,485.0,1458.0,22.7835964350088,64.3006701180194,997.401244022762,23.703,16
2026-02-01 13:06:35,502.0,1447.0,,63.0838589928577,1145.26873703997,,16
2026-02-01 13:21:40,487.0,1465.0,22.8444146164692,60.5335017848161,1042.63894761824,23.833,16
2026-02-01 13:36:45,483.0,1471.0,21.7775684470689,63.2112339748496,950.06008048341,,16
2026-02-01 13:51:50,491.0,1463.0,21.3214389002678,58.2528466763281,1085.44053037633,24.005,16
2026-02-01 14:06:55,580.0,1452.5,21.156725599576,61.6093317073862,937.379421663816,,16
2026-02-01 14:22:00,594.5,1449.0,21.6812741540052,66.6087711540238,875.31859937306,24.156,16
2026-02-01 14:37:05,629.5,1452.5,22.3984158773964,66.1362372385972,917.439770612218,,16
2026-02-01 14:52:10,,1451.0,,,,24.295,16
2026-02-01 15:07:15,,1455.0,,,,,16
2026-02-01 15:22:20,,1450.0,,,,24.439,16
2026-02-01 15:37:25,,1454.0,,,,,16
2026-02-01 15:52:30,671.0,1453.0,23.8580571661295,62.3933859574776,1071.67302769234,24.573,16
2026-02-01 16:07:35,691.0,1453.5,22.715176172569,63.3172789544915,993.609744755914,,16
2026-02-01 16:22:40,652.0,1454.0,22.7988009754626,63.5660309646297,968.974517744462,24.7215,16
2026-02-01 16:37:45,592.0,1441.0,22.9939261667459,63.2923497264511,1025.78171195714,,16
2026-02-01 16:52:50,565.0,1458.5,22.9255056038091,61.4200367984124,1022.11663391586,24.6175,16
2026-02-01 17:07:55,550.0,1446.0,22.7582555389089,63.9583091922154,951.676208065087,,16
2026-02-01 17:23:00,545.0,1443.0,22.9635170285037,61.2256956432312,1051.86833472694,24.2865,16
2026-02-01 17:38:05,541.5,1453.0,22.6568920301797,63.9060343479085,991.025783560038,,16
2026-02-01 17:53:10,539.0,1438.0,22.7075737641716,61.9500722284436,1028.34187792431,24.129,16
2026-02-01 18:08:15,542.5,1450.0,23.3563026489282,65.5523882270665,1012.13312314188,,16
2026-02-02 17:47:14,,1443.0,22.8190737018885,57.3347246755824,1185.34197021364,24.1705,16
2026-02-02 17:47:35,800.0,1445.0,,,,,16
2026-02-02 17:47:36,,1441.0,,,,,16
2026-02-02 17:47:41,,1454.0,,,,24.295,16
2026-02-02 17:47:42,,1432.5,,,,,16
2026-02-02 17:47:43,,1439.0,,,,24.4225,16
2026-02-02 17:47:44,,1435.0,22.3021206326375,60.7207861574371,1057.56510024539,,16
2026-02-02 17:48:05,786.0,1444.0,,,,24.289,16
2026-02-02 17:48:06,,1441.0,,,,,16
2026-02-02 17:48:11,,1436.0,,,,23.981,16
2026-02-02 17:48:12,,1441.5,,,,,16
2026-02-02 17:48:13,,1431.0,,,,23.8965,16
2026-02-02 17:48:14,,1437.0,21.7902387143112,64.1945479576054,934.434320614841,,16
2026-02-02 17:48:35,789.0,1449.0,,,,23.9979999999999,16
2026-02-02 17:48:36,,1441.0,,,,,16
2026-02-02 17:48:41,,1441.0,,,,23.971,16
2026-02-02 17:48:42,,1434.5,,,,,16
2026-02-02 17:48:43,,1435.5,,,,23.7155,16
2026-02-02 17:48:44,,1423.0,21.4405389126914,66.2584504090062,861.947003632812,,16
2026-02-02 17:49:05,783.0,1438.5,,,,23.565,16
2026-02-02 17:49:11,,1439.5,,,,,16
2026-02-02 17:49:12,,1431.0,,,,23.643,16
2026-02-02 17:49:13,,1433.0,,,,,16
2026-02-02 17:49:14,,1446.0,21.1871341251826,68.9320141863239,781.421526299078,23.566,16
2026-02-02 17:49:35,776.0,1434.0,,,,,16
2026-02-02 17:49:36,,1432.5,,,,23.347,16
2026-02-02 17:49:41,,1437.0,,,,,16
2026-02-02 17:49:42,,1439.0,,,,23.28,16
2026-02-02 17:49:43,,1435.5,,,,,16
2026-02-02 17:49:44,,1423.0,21.4506751193257,67.0156185159322,843.127668464542,23.332,16
2026-02-02 17:50:06,,1430.0,,,,,16
2026-02-02 17:50:11,,1420.0,,,,23.1865,16
2026-02-02 17:50:12,,1413.0,,,,,16
2026-02-02 17:50:13,,1430.5,,,,23.03,16
2026-02-02 17:50:14,,1441.0,22.0740540646947,67.0499680026189,874.927342907324,,16
2026-02-02 17:50:35,761.0,1426.0,,,,23.149,16
2026-02-02 17:50:36,,1431.0,,,,,16
2026-02-02 17:50:41,,1410.0,,,,23.083,16
2026-02-02 17:50:42,,1433.0,,,,,16
2026-02-02 17:50:43,,1430.0,,,,22.9,16
2026-02-02 17:50:44,,1426.0,22.7633237154223,66.8904152989305,916.76094823981,,16
2026-02-02 17:51:05,769.0,1426.5,,,,22.929,16
2026-02-02 17:51:06,,1422.0,,,,,16
2026-02-02 17:51:11,,1408.0,,,,23.0445,16
2026-02-02 17:51:12,,1423.5,,,,,16
2026-02-02 17:51:13,,1425.5,,,,22.932,16
2026-02-02 17:51:14,,1416.5,23.3258933759352,66.8487571756072,949.673159723913,,16
2026-02-02 17:51:35,760.0,1425.0,,,,22.846,16
2026-02-02 17:51:36,,1415.0,,,,,16
2026-02-02 17:51:41,,1410.0,,,,22.9625,16
2026-02-02 17:51:42,,1417.0,,,,,16
2026-02-02 17:51:43,,1417.0,,,,22.91,16
2026-02-02 17:51:44,,1412.5,23.8124430011084,66.9287987153335,975.54841665321,,16
2026-02-02 17:52:05,769.0,1422.0,,,,22.734,16
2026-02-02 17:52:06,,1411.0,,,,,16
2026-02-02 17:52:11,,1425.5,,,,22.56,16
2026-02-02 17:52:12,,1418.0,,,,,16
2026-02-02 17:52:13,,1418.0,,,,22.339,16
2026-02-02 17:52:14,,1422.5,24.177356980188,66.9019728943581,997.960416616986,,16
2026-02-02 17:52:35,759.0,1409.0,,,,22.111,16
2026-02-02 17:52:36,,1410.0,,,,,16
2026-02-02 17:52:41,,1413.0,,,,21.883,16
2026-02-02 17:52:42,,1393.0,,,,,16
2026-02-02 17:52:43,,1415.5,,,,21.6815,16
2026-02-02 17:52:44,,1405.0,24.278722242132,60.9560574268871,1184.41115819399,,16
2026-02-02 17:53:05,751.0,1411.0,,,,21.472,16
2026-02-02 17:53:06,,1408.0,,,,,16
2026-02-02 17:53:11,,1408.0,,,,21.3125,16
2026-02-02 17:53:12,,1413.0,,,,,16
2026-02-02 17:53:13,,1408.0,,,,21.235,16
2026-02-02 17:53:14,,1399.5,24.1976300232636,56.7777968430113,,,16
2026-02-02 17:53:35,755.0,1404.5,,,,21.199,16
2026-02-02 17:53:36,,1408.0,,,,,16
2026-02-02 17:53:41,,1413.0,,,,21.218,16
2026-02-02 17:53:42,,1402.5,,,,,16
2026-02-02 17:53:43,,1410.0,,,,21.259,16
2026-02-02 17:53:44,,1401.0,23.9948998020554,53.2509643136542,,,16
2026-02-02 17:54:05,749.0,1411.0,,,,21.318,16
2026-02-02 17:54:06,,1394.0,,,,,16
2026-02-02 17:54:11,,1401.0,,,,21.3935,16
2026-02-02 17:54:12,,1406.0,,,,,16
2026-02-02 17:54:13,,1386.0,,,,21.4715,16
2026-02-02 17:54:14,,1406.0,23.7769653336145,50.7311475036162,,,16
2026-02-02 17:54:36,,1391.0,,,,21.556,16
2026-02-02 17:54:41,,1375.0,,,,,16
2026-02-02 17:54:42,,1370.0,,,,21.763,16
2026-02-02 17:54:43,,1391.0,,,,,16
2026-02-02 17:54:44,,1375.0,23.4525987491942,53.1285008128463,,21.703,16
2026-02-02 17:55:06,,1372.0,,,,,16
2026-02-02 17:55:11,,1391.0,,,,21.542,16
2026-02-02 17:55:12,,,,,,,16
2026-02-02 17:55:13,,,,,,21.321,16
2026-02-02 17:55:14,,1414.0,22.8494828002585,56.0342872923928,1223.72265807886,,16
2026-02-02 17:55:35,734.0,1415.0,,,,21.228,16
2026-02-02 17:55:36,,1397.0,,,,,16
2026-02-02 17:55:41,,1378.0,,,,21.117,16
2026-02-02 17:55:42,,,,,,,16
2026-02-02 17:55:43,,,,,,21.0375,16
2026-02-02 17:55:44,,,22.2260983778396,60.4034268268169,1061.19137024346,,16
2026-02-02 17:56:06,,,,,,20.9395,16
2026-02-02 17:56:11,,1410.0,,,,,16
2026-02-02 17:56:12,,1410.0,,,,20.9,16
2026-02-02 17:56:13,,1422.0,,,,,16
2026-02-02 17:56:14,,1402.0,21.7699662242084,63.2160050758079,958.784467942647,20.845,16
2026-02-02 17:56:35,726.0,1411.0,,,,,16
2026-02-02 17:56:36,,1390.0,,,,20.805,16
2026-02-02 17:56:41,,,,,,,16
2026-02-02 17:56:42,,,,,,20.783,16
2026-02-02 17:56:43,,,,,,,16
2026-02-02 17:56:44,,1414.0,21.3898578969819,66.0853436096802,863.684973102858,20.7655,16
2026-02-02 17:57:05,729.0,1437.0,,,,,16
2026-02-02 17:57:06,,1407.0,,,,20.7395,16
2026-02-02 17:57:11,,1417.5,,,,,16
2026-02-02 17:57:12,,,,,,20.7155,16
2026-02-02 17:57:13,,1415.0,,,,,16
2026-02-02 17:57:14,,1426.0,21.1516575129935,69.0992971763435,775.524493743458,20.68,16
2026-02-02 17:57:35,717.0,1421.0,,,,,16
2026-02-02 17:57:36,,1417.5,,,,20.6605,16
2026-02-02 17:57:41,,1422.5,,,,,16
2026-02-02 17:57:42,,1433.0,,,,20.6435,16
2026-02-02 17:57:43,,1432.5,,,,,16
2026-02-02 17:57:44,,1433.5,21.4253346049226,68.2689606960384,809.833267467806,,16
2026-02-02 17:58:05,711.0,1417.5,,,,20.63,16
2026-02-02 17:58:06,,1433.0,,,,,16
2026-02-02 17:58:11,,1426.5,,,,20.6225,16
2026-02-02 17:58:12,,1434.0,,,,,16
2026-02-02 17:58:13,,1423.0,,,,20.5895,16
2026-02-02 17:58:14,,1434.0,22.0943266246467,67.9623825689135,851.750948676409,,16
2026-02-02 17:58:35,703.0,1431.0,,,,20.569,16
2026-02-02 17:58:36,,1425.0,,,,,16
2026-02-02 17:58:41,,1452.0,,,,20.558,16
2026-02-02 17:58:42,,1439.0,,,,,16
2026-02-02 17:58:43,,1429.0,,,,20.514,16
2026-02-02 17:58:44,,1438.0,22.7582555365806,67.6212371104109,896.250172564821,,16
2026-02-02 17:59:06,,,,,,20.5175,16
2026-02-02 17:59:11,,1431.5,,,,,16
2026-02-02 17:59:12,,,,,,20.5129999999999,16
2026-02-02 17:59:13,,1439.0,,,,,16
2026-02-02 17:59:14,,1443.0,23.3309615873731,67.2123884182338,939.543564968092,20.486,16
2026-02-02 17:59:35,704.0,1458.0,,,,,16
2026-02-02 17:59:36,,1433.0,,,,20.479,16
2026-02-02 17:59:41,,1424.5,,,,,16
2026-02-02 17:59:42,,,,,,20.464,16
2026-02-02 17:59:43,,1434.5,,,,,16
2026-02-02 17:59:44,,1444.0,23.8073747620219,67.4684975206072,959.335855497041,20.4695,16
2026-02-02 18:00:05,705.0,1452.0,,,,,16
2026-02-02 18:00:06,,1447.0,,,,20.453,16
2026-02-02 18:00:11,,1467.0,,,,,16
2026-02-02 18:00:12,,1469.0,,,,20.42,16
2026-02-02 18:00:13,,,,,,,16
2026-02-02 18:00:14,,1428.0,24.1672204603964,65.0918345947403,1051.89976845806,20.64,16
2026-02-02 18:00:35,711.0,1446.0,,,,,16
2026-02-02 18:00:36,,1444.0,,,,20.959,16
2026-02-02 18:00:41,,1440.5,,,,,16
2026-02-02 18:00:42,,1456.5,,,,21.0469999999999,16
2026-02-02 18:00:43,,1440.0,,,,,16
2026-02-02 18:00:44,,1467.0,24.1672204603964,59.5966744996376,1217.48731981095,21.096,16
2026-02-02 18:01:05,709.0,1475.0,,,,,16
2026-02-02 18:01:06,,,,,,21.14,16
2026-02-02 18:01:11,,1458.0,,,,,16
2026-02-02 18:01:12,,1459.0,,,,21.189,16
2026-02-02 18:01:13,,1459.0,,,,,16
2026-02-02 18:01:14,,1442.0,23.9948998020554,55.3150828256452,,21.2295,16
2026-02-02 18:01:35,702.0,1450.5,,,,,16
2026-02-02 18:01:36,,1457.0,,,,21.276,16
2026-02-02 18:01:41,,1468.0,,,,,16
2026-02-02 18:01:42,,1451.5,,,,21.305,16
2026-02-02 18:01:43,,1441.5,,,,,16
2026-02-02 18:01:44,,1443.0,23.6046454372117,57.01380114195,1252.27373929779,21.3775,16
2026-02-02 18:02:05,704.0,1447.0,,,,,16
2026-02-02 18:02:06,,1447.5,,,,21.4125,16
2026-02-02 18:02:11,,1463.0,,,,,16
2026-02-02 18:02:12,,1451.0,,,,21.49,16
2026-02-02 18:02:13,,1463.0,,,,,16
2026-02-02 18:02:14,,1483.0,22.89002828105,60.4247473982433,1104.2277433645,21.5715,16
2026-02-02 18:02:35,704.0,1456.0,,,,,16
2026-02-02 18:02:36,,1452.5,,,,21.614,16
2026-02-02 18:02:41,,1453.5,,,,,16
2026-02-02 18:02:42,,1451.5,,,,21.723,16
2026-02-02 18:02:43,,1465.0,,,,,16
2026-02-02 18:02:44,,1462.0,22.3680066397646,63.0565733920666,998.667698393079,,16
2026-02-02 18:03:06,,1467.0,,,,21.819,16
2026-02-02 18:03:11,,1470.0,,,,,16
2026-02-02 18:03:12,,1476.0,,,,21.981,16
2026-02-02 18:03:13,,1452.0,,,,,16
2026-02-02 18:03:14,,1466.0,21.8206474581966,65.5083199815412,901.820487450655,22.0855,16
2026-02-02 18:03:35,707.0,1441.0,,,,,16
2026-02-02 18:03:36,,1457.0,,,,22.262,16
2026-02-02 18:03:41,,1453.0,,,,,16
2026-02-02 18:03:42,,1442.5,,,,22.398,16
2026-02-02 18:03:43,,1452.0,,,,,16
2026-02-02 18:03:44,,,21.4101302997733,68.5802320098822,801.142956088397,22.576,16
2026-02-02 18:04:05,717.0,1478.0,,,,,16
2026-02-02 18:04:06,,1443.0,,,,22.754,16
2026-02-02 18:04:11,,1439.0,,,,,16
2026-02-02 18:04:12,,1461.0,,,,22.934,16
2026-02-02 18:04:13,,1458.5,,,,,16
2026-02-02 18:04:14,,1448.0,21.1161809150653,68.6643804265723,784.729677319865,23.11,16
2026-02-02 18:04:35,713.0,1458.0,,,,,16
2026-02-02 18:04:36,,1453.0,,,,23.281,16
2026-02-02 18:04:41,,1476.0,,,,,16
2026-02-02 18:04:42,,1467.0,,,,23.4504999999999,16
2026-02-02 18:04:43,,1459.0,,,,,16
2026-02-02 18:04:44,,1459.0,21.1769979488162,64.0221157506616,904.352799975959,23.619,16
2026-02-02 18:05:05,701.0,1466.0,,,,,16
2026-02-02 18:05:06,,1466.0,,,,23.7509999999999,16
2026-02-02 18:05:11,,1445.0,,,,,16
2026-02-02 18:05:12,,1470.0,,,,23.454,16
2026-02-02 18:05:13,,1469.0,,,,,16
2026-02-02 18:05:14,,1464.0,21.53176481431,62.7581887492704,956.688787458083,22.968,16
2026-02-02 18:05:35,709.0,1462.0,,,,,16
2026-02-02 18:05:36,,1464.0,,,,22.434,16
2026-02-02 18:05:41,,1445.5,,,,,16
2026-02-02 18:05:42,,1446.0,,,,21.985,16
2026-02-02 18:05:43,,1465.0,,,,,16
2026-02-02 18:05:44,,1470.0,22.1247354733059,63.6093311435702,969.274295128691,21.5769999999999,16
2026-02-02 18:06:05,714.0,1462.0,,,,,16
2026-02-02 18:06:06,,1489.0,,,,21.245,16
2026-02-02 18:06:11,,1470.0,,,,,16
2026-02-02 18:06:12,,1465.0,,,,21.0175,16
2026-02-02 18:06:13,,1465.0,,,,,16
2026-02-02 18:06:14,,,22.7126419401029,64.1484278142276,989.638618230518,20.835,16
2026-02-02 18:06:35,705.0,1457.5,,,,,16
2026-02-02 18:06:36,,1456.5,,,,20.475,16
2026-02-02 18:06:41,,1468.0,,,,,16
2026-02-02 18:06:42,,1468.0,,,,20.7075,16
2026-02-02 18:06:43,,1486.0,,,,,16
2026-02-02 18:06:44,,1482.5,23.2143927979341,64.7882904198688,1001.93314338318,21.097,16
2026-02-02 18:07:05,705.0,1475.0,,,,,16
2026-02-02 18:07:06,,,,,,21.27,16
2026-02-02 18:07:11,,1461.5,,,,,16
2026-02-02 18:07:12,,1464.0,,,,21.6915,16
2026-02-02 18:07:13,,1476.0,,,,,16
2026-02-02 18:07:14,,1477.0,23.6806688794458,65.2728768133269,1016.30982066861,21.879,16
2026-02-02 18:07:35,696.0,1457.0,,,,,16
2026-02-02 18:07:36,,1491.0,,,,22.027,16
2026-02-02 18:07:41,,,,,,,16
2026-02-02 18:07:42,,,,,,22.321,16
2026-02-02 18:07:43,,1505.0,,,,,16
2026-02-02 18:07:44,,1495.0,24.0759918346593,65.7098935154352,1027.63853865513,,16
2026-02-02 18:08:05,711.0,1512.0,,,,22.332,16
2026-02-02 18:08:06,,1521.5,,,,,16
2026-02-02 18:08:11,,1514.0,,,,22.5405,16
2026-02-02 18:08:12,,,,,,,16
2026-02-02 18:08:13,,1514.5,,,,22.577,16
2026-02-02 18:08:14,,1498.0,24.2229713336564,60.522286434901,1193.5768313581,,16
2026-02-02 18:08:35,719.0,1496.0,,,,22.494,16
2026-02-02 18:08:36,,1491.5,,,,,16
2026-02-02 18:08:41,,1424.0,,,,22.738,16
2026-02-02 18:08:42,,1431.5,,,,,16
2026-02-02 18:08:43,,1431.0,,,,22.704,16
2026-02-02 18:08:44,,1427.0,24.116537878901,57.0234673484123,1291.09747495835,,16
2026-02-02 18:09:05,741.0,1428.0,,,,22.611,16
2026-02-02 18:09:06,,1416.5,,,,,16
2026-02-02 18:09:11,,1435.0,,,,22.7715,16
2026-02-02 18:09:12,,1432.0,,,,,16
2026-02-02 18:09:13,,1433.5,,,,22.756,16
2026-02-02 18:09:14,,1432.0,23.90873959905,53.2703428878844,,,16
2026-02-02 18:09:36,,1422.0,,,,22.6495,16
2026-02-02 18:09:41,,1421.0,,,,,16
2026-02-02 18:09:42,,1429.5,,,,22.819,16
2026-02-02 18:09:43,,1409.0,,,,,16
2026-02-02 18:09:44,,1435.0,23.6705324166978,50.722791881035,,22.7605,16
2026-02-02 18:10:05,733.0,1420.0,,,,,16
2026-02-02 18:10:06,,1428.0,,,,22.724,16
2026-02-02 18:10:11,,1430.0,,,,,16
2026-02-02 18:10:12,,1423.5,,,,22.881,16
2026-02-02 18:10:13,,1420.0,,,,,16
2026-02-02 18:10:14,,1409.0,23.4525987491942,48.4920452338493,,22.774,16
2026-02-02 18:10:35,725.0,1436.0,,,,,16
2026-02-02 18:10:42,,1419.5,,,,22.902,16
2026-02-02 18:10:43,,1420.0,,,,,16
2026-02-02 18:10:44,,1419.0,23.305620533094,46.4514774520854,,22.851,16
2026-02-02 18:11:12,,1433.5,,,,,16
2026-02-02 18:11:13,,1427.0,,,,22.7785,16
2026-02-02 18:11:14,,1422.0,23.1434379580023,44.5493123603593,,,16
2026-02-02 18:11:35,734.0,1416.0,,,,22.9495,16
2026-02-02 18:11:36,,1439.0,,,,,16
2026-02-02 18:11:41,,1448.0,,,,22.895,16
2026-02-02 18:11:42,,1454.0,,,,,16
2026-02-02 18:11:43,,1441.5,,,,22.6795,16
2026-02-02 18:11:44,,1423.0,23.0420739999099,42.7975904797721,,,16
2026-02-02 18:12:05,733.0,1443.0,,,,22.4245,16
2026-02-02 18:12:06,,1438.5,,,,,16
2026-02-02 18:12:11,,1442.0,,,,22.185,16
2026-02-02 18:12:12,,1446.0,,,,,16
2026-02-02 18:12:13,,1437.5,,,,21.9414999999999,16
2026-02-02 18:12:14,,1435.0,22.925505592022,41.5610602381878,,,16
2026-02-02 18:12:36,,1433.0,,,,21.732,16
2026-02-02 18:12:41,,1433.0,,,,,16
2026-02-02 18:12:42,,1436.0,,,,21.5395,16
2026-02-02 18:12:43,,1438.0,,,,,16
2026-02-02 18:12:44,,1440.0,22.8089373380935,41.3054841676623,,21.367,16
2026-02-02 18:13:05,737.0,1436.0,,,,,16
2026-02-02 18:13:06,,1445.0,,,,21.182,16
2026-02-02 18:13:11,,1437.0,,,,,16
2026-02-02 18:13:12,,1438.0,,,,21.073,16
2026-02-02 18:13:13,,1433.5,,,,,16
2026-02-02 18:13:14,,1452.5,22.9153692160034,44.6294022887206,,,16
2026-02-02 18:13:36,,1452.0,,,,21.07,16
2026-02-02 18:13:41,,1435.0,,,,,16
2026-02-02 18:13:42,,1442.5,,,,21.093,16
2026-02-02 18:13:43,,1420.0,,,,,16
2026-02-02 18:13:44,,1445.0,23.2042563887371,48.7854608636129,,20.93,16
2026-02-02 18:14:05,722.0,1440.0,,,,,16
2026-02-02 18:14:06,,1444.0,,,,21.0325,16
2026-02-02 18:14:11,,1434.0,,,,,16
2026-02-02 18:14:12,,1445.5,,,,20.9685,16
2026-02-02 18:14:13,,1451.0,,,,,16
2026-02-02 18:14:14,,1446.5,23.6198501204198,52.1381090166534,,21.056,16
2026-02-02 18:14:36,,1446.0,,,,,16
2026-02-02 18:14:41,,1453.0,,,,21.045,16
2026-02-02 18:14:42,,1432.0,,,,,16
2026-02-02 18:14:43,,1442.0,,,,20.946,16
2026-02-02 18:14:44,,1439.0,23.9898315524915,54.3632455931066,,,16
2026-02-02 18:15:06,,1425.5,,,,21.0185,16
2026-02-02 18:15:11,,1449.0,,,,,16
2026-02-02 18:15:12,,1428.5,,,,20.937,16
2026-02-02 18:15:13,,1437.0,,,,,16
2026-02-02 18:15:14,,1447.0,24.3040635758079,56.8594980246183,,21.021,16
2026-02-02 18:15:35,727.0,1438.0,,,,,16
2026-02-02 18:15:36,,1442.0,,,,20.964,16
2026-02-02 18:15:41,,1439.0,,,,,16
2026-02-02 18:15:42,,1432.0,,,,21.0505,16
2026-02-02 18:15:43,,1439.0,,,,,16
2026-02-02 18:15:44,,1437.0,,57.8172848888635,,21.0325,16
2026-02-02 18:16:05,735.0,1436.0,,,,,16
2026-02-02 18:16:06,,1432.0,,,,21.214,16
2026-02-02 18:16:11,,1440.5,,,,,16
2026-02-02 18:16:12,,1444.0,,,,21.071,16
2026-02-02 18:16:13,,1447.0,,,,,16
2026-02-02 18:16:14,,1453.0,,53.2703588199886,,21.327,16
2026-02-02 18:16:35,719.0,1442.0,,,,,16
2026-02-02 18:16:36,,1435.5,,,,21.222,16
2026-02-02 18:16:41,,1445.5,,,,,16
2026-02-02 18:16:42,,1438.5,,,,21.295,16
2026-02-02 18:16:43,,1443.0,,,,,16
2026-02-02 18:16:44,,1435.0,24.4054289832711,49.8160712828369,,21.3695,16
2026-02-02 18:17:05,734.0,1453.0,,,,,16
2026-02-02 18:17:06,,1452.0,,,,21.202,16
2026-02-02 18:17:11,,1451.0,,,,,16
2026-02-02 18:17:12,,1439.0,,,,21.451,16
2026-02-02 18:17:13,,1446.0,,,,,16
2026-02-02 18:17:14,,1447.0,24.1418791660107,46.6598314628189,,21.388,16
2026-02-02 18:17:35,715.0,1460.0,,,,,16
2026-02-02 18:17:36,,1457.5,,,,21.562,16
2026-02-02 18:17:41,,1444.0,,,,,16
2026-02-02 18:17:42,,1458.0,,,,21.9365,16
2026-02-02 18:17:43,,1451.0,,,,,16
2026-02-02 18:17:44,,1457.0,23.6299865773471,51.1202216482783,,22.086,16
2026-02-02 18:18:05,726.0,1452.0,,,,,16
2026-02-02 18:18:06,,1451.5,,,,22.355,16
2026-02-02 18:18:11,,1450.0,,,,,16
2026-02-02 18:18:12,,1450.0,,,,22.4489999999999,16
2026-02-02 18:18:13,,1445.0,,,,,16
2026-02-02 18:18:14,,1456.0,22.960982917255,54.9016799745598,1263.74705492456,22.682,16
2026-02-02 18:18:36,,1460.0,,,,,16
2026-02-02 18:18:41,,1466.0,,,,,16
2026-02-02 18:18:42,,1457.0,,,,22.7525,16
2026-02-02 18:18:43,,1456.0,,,,,16
2026-02-02 18:18:44,,1463.5,22.362938483624,59.5459317654173,1093.23179470359,22.984,16
2026-02-02 18:19:06,,1459.5,,,,,16
2026-02-02 18:19:11,,1456.0,,,,22.993,16
2026-02-02 18:19:12,,1452.0,,,,,16
2026-02-02 18:19:13,,1460.0,,,,23.079,16
2026-02-02 18:19:14,,1446.0,21.9270781443046,62.0378706449643,999.024817539368,,16
2026-02-02 18:19:35,730.0,1458.0,,,,23.1205,16
2026-02-02 18:19:36,,1454.0,,,,,16
2026-02-02 18:19:41,,1443.0,,,,23.2185,16
2026-02-02 18:19:42,,1450.0,,,,,16
2026-02-02 18:19:43,,1449.0,,,,23.277,16
2026-02-02 18:19:44,,1451.5,21.5723096897418,64.5990347615198,911.657971226194,,16
2026-02-02 18:20:05,721.0,1445.0,,,,23.3395,16
2026-02-02 18:20:06,,1443.0,,,,,16
2026-02-02 18:20:11,,1444.5,,,,23.325,16
2026-02-02 18:20:12,,1444.0,,,,,16
2026-02-02 18:20:13,,1439.0,,,,23.345,16
2026-02-02 18:20:14,,1444.0,21.247951207828,66.569758069182,843.978494001913,,16
2026-02-02 18:20:36,,1432.5,,,,23.384,16
2026-02-02 18:20:41,,1438.0,,,,,16
2026-02-02 18:20:42,,1438.5,,,,23.38,16
2026-02-02 18:20:43,,1429.0,,,,,16
2026-02-02 18:20:44,,1431.0,21.3797216973325,63.2931330627902,934.212506113588,23.4685,16
2026-02-02 18:21:05,709.0,1441.0,,,,,16
2026-02-02 18:21:06,,1432.5,,,,23.4925,16
2026-02-02 18:21:11,,1434.0,,,,,16
2026-02-02 18:21:12,,1438.0,,,,23.559,16
2026-02-02 18:21:13,,1424.0,,,,,16
2026-02-02 18:21:14,,1433.0,21.9574869353382,63.8416493093957,953.321975049242,23.548,16
2026-02-02 18:21:36,,1425.0,,,,,16
2026-02-02 18:21:41,,1441.5,,,,23.5355,16
2026-02-02 18:21:42,,1422.0,,,,,16
2026-02-02 18:21:43,,1427.0,,,,23.651,16
2026-02-02 18:21:44,,1422.0,22.6315511601278,63.9787786577963,989.44457982495,,16
2026-02-02 18:22:05,698.0,1428.0,,,,23.8795,16
2026-02-02 18:22:06,,1420.0,,,,,16
2026-02-02 18:22:11,,1426.0,,,,24.0595,16
2026-02-02 18:22:12,,1423.5,,,,,16
2026-02-02 18:22:13,,1427.0,,,,24.247,16
2026-02-02 18:22:14,,1411.0,23.1941199807042,64.3465444261341,1013.26161043266,,16
2026-02-02 18:22:35,717.0,1415.5,,,,23.917,16
2026-02-02 18:22:36,,1402.0,,,,,16
2026-02-02 18:22:41,,1413.5,,,,23.87,16
2026-02-02 18:22:42,,1424.0,,,,,16
2026-02-02 18:22:43,,1418.0,,,,24.076,16
2026-02-02 18:22:44,,1412.0,23.7161465082317,64.5472542517655,1039.76238320266,,16
2026-02-02 18:23:06,,1419.0,,,,23.844,16
2026-02-02 18:23:11,,1416.0,,,,,16
2026-02-02 18:23:12,,1409.0,,,,23.7305,16
2026-02-02 18:23:13,,1417.5,,,,,16
2026-02-02 18:23:14,,1414.0,24.1266743928717,64.8632335239638,1056.21766452727,23.673,16
2026-02-02 18:23:35,708.0,1414.5,,,,,16
2026-02-02 18:23:36,,1592.5,,,,23.576,16
2026-02-02 18:23:41,,1413.0,,,,,16
2026-02-02 18:23:42,,1421.0,,,,23.655,16
2026-02-02 18:23:43,,1416.5,,,,,16
2026-02-02 18:23:44,,1412.0,24.3902241647301,60.2262465924892,1214.63117388746,23.4085,16
2026-02-02 18:24:05,712.0,1401.0,,,,,16
2026-02-02 18:24:06,,1412.0,,,,23.5035,16
2026-02-02 18:24:11,,1409.0,,,,,16
2026-02-02 18:24:12,,1407.0,,,,23.398,16
2026-02-02 18:24:13,,1402.5,,,,,16
2026-02-02 18:24:14,,1436.0,24.3294049167598,55.1279973122295,,23.2495,16
2026-02-02 18:24:35,719.0,1452.5,,,,,16
2026-02-02 18:24:36,,1467.0,,,,23.464,16
2026-02-02 18:24:41,,1454.0,,,,,16
2026-02-02 18:24:42,,1459.0,,,,23.228,16
2026-02-02 18:24:43,,1462.0,,,,,16
2026-02-02 18:24:44,,1453.0,24.0709235804388,51.2652258934354,,23.111,16
2026-02-02 18:25:05,715.0,1453.0,,,,,16
2026-02-02 18:25:06,,1455.0,,,,23.3059999999999,16
2026-02-02 18:25:11,,1439.0,,,,,16
2026-02-02 18:25:12,,1442.0,,,,23.182,16
2026-02-02 18:25:13,,,,,,,16
2026-02-02 18:25:14,,,23.7972382847219,48.9648659000847,,22.997,16
2026-02-02 18:25:36,,,,,,,16
2026-02-02 18:25:41,,,,,,23.19,16
2026-02-02 18:25:42,,,,,,,16
2026-02-02 18:25:43,,,,,,23.049,16
2026-02-02 18:25:44,,,23.5387585069111,47.0870613486792,,,16
2026-02-02 18:26:06,,,,,,22.845,16
2026-02-02 18:26:11,,,,,,,16
2026-02-02 18:26:12,,,,,,22.95,16
2026-02-02 18:26:13,,,,,,,16
2026-02-02 18:26:14,,,23.3613708621123,44.8513607549643,,23.0529999999999,16
2026-02-02 18:26:35,712.0,,,,,,16
2026-02-02 18:26:36,,,,,,22.842,16
2026-02-02 18:26:41,,,,,,,16
2026-02-02 18:26:42,,,,,,22.8965,16
2026-02-02 18:26:43,,,,,,,16
2026-02-02 18:26:44,,,23.1839835738355,43.3918582249413,,23.0595,16
2026-02-02 18:27:06,,,,,,,16
2026-02-02 18:27:11,,,,,,22.821,16
2026-02-02 18:27:12,,,,,,,16
2026-02-02 18:27:13,,,,,,22.868,16
2026-02-02 18:27:14,,,23.0623467822151,41.9277326400418,,,16
2026-02-02 18:27:35,714.0,,,,,22.963,16
2026-02-02 18:27:36,,,,,,,16
2026-02-02 18:27:41,,,,,,22.834,16
2026-02-02 18:27:42,,1415.0,,,,,16
2026-02-02 18:27:43,,1402.0,,,,23.069,16
2026-02-02 18:27:44,,1408.0,22.9761874895775,41.0681146543753,,,16
2026-02-02 18:28:05,720.0,1416.5,,,,22.9785,16
2026-02-02 18:28:06,,1422.0,,,,,16
2026-02-02 18:28:11,,1424.5,,,,22.8725,16
2026-02-02 18:28:12,,1421.0,,,,,16
2026-02-02 18:28:13,,1401.0,,,,23.065,16
2026-02-02 18:28:14,,1425.5,22.9305737804679,40.6078518613114,,,16
2026-02-02 18:28:35,721.0,1435.0,,,,22.8879999999999,16
2026-02-02 18:28:36,,1418.0,,,,,16
2026-02-02 18:28:41,,1415.5,,,,23.09,16
2026-02-02 18:28:42,,1422.0,,,,,16
2026-02-02 18:28:43,,1396.0,,,,23.084,16
2026-02-02 18:28:44,,1401.0,22.9863238725811,43.5559837354667,,,16
2026-02-02 18:29:05,727.0,1457.0,,,,22.937,16
2026-02-02 18:29:06,,1460.0,,,,,16
2026-02-02 18:29:11,,1437.0,,,,,16
2026-02-02 18:29:12,,1438.0,,,,22.6655,16
2026-02-02 18:29:13,,1439.0,,,,,16
2026-02-02 18:29:14,,1423.0,23.2853476949094,47.4810030349439,,22.472,16
2026-02-02 18:29:36,,1401.0,,,,,16
2026-02-02 18:29:41,,1424.0,,,,22.333,16
2026-02-02 18:29:42,,1436.0,,,,,16
2026-02-02 18:29:43,,1440.0,,,,22.1085,16
2026-02-02 18:29:44,,1434.0,23.6806688794458,50.1196112049626,,,16
2026-02-02 18:30:06,,1443.0,,,,22.151,16
2026-02-02 18:30:11,,1417.0,,,,,16
2026-02-02 18:30:12,,1427.5,,,,22.818,16
2026-02-02 18:30:13,,1458.0,,,,,16
2026-02-02 18:30:14,,1439.0,24.0202410542406,52.7978068652591,,23.9015,16
2026-02-02 18:30:35,715.0,1440.0,,,,,16
2026-02-02 18:30:36,,1445.0,,,,24.084,16
2026-02-02 18:30:41,,1424.0,,,,,16
2026-02-02 18:30:42,,1417.0,,,,24.057,16
2026-02-02 18:30:43,,1450.0,,,,,16
2026-02-02 18:30:44,,1453.0,24.3496779947599,55.1287278881836,,23.846,16
2026-02-02 18:31:05,698.0,1442.0,,,,,16
2026-02-02 18:31:06,,1435.0,,,,23.6645,16
2026-02-02 18:31:11,,1425.5,,,,,16
2026-02-02 18:31:12,,1406.0,,,,23.9685,16
2026-02-02 18:31:13,,1426.5,,,,,16
2026-02-02 18:31:14,,1455.0,,56.2187474109778,,23.892,16
2026-02-02 18:31:35,704.0,1440.5,,,,,16
2026-02-02 18:31:36,,1426.5,,,,23.7785,16
2026-02-02 18:31:41,,1433.5,,,,,16
2026-02-02 18:31:42,,1428.0,,,,23.9365,16
2026-02-02 18:31:43,,1409.0,,,,,16
2026-02-02 18:31:44,,1452.0,,51.2032769394105,,23.76,16
2026-02-02 18:32:05,705.0,1468.5,,,,,16
2026-02-02 18:32:06,,1463.0,,,,23.8849999999999,16
2026-02-02 18:32:11,,1456.0,,,,,16
2026-02-02 18:32:12,,1455.0,,,,23.909,16
2026-02-02 18:32:13,,1444.5,,,,,16
2026-02-02 18:32:14,,1481.0,24.4206338044314,48.8123890841627,,23.692,16
2026-02-02 18:32:36,,1485.0,,,,,16
2026-02-02 18:32:41,,1470.0,,,,23.9395,16
2026-02-02 18:32:42,,1462.0,,,,,16
2026-02-02 18:32:43,,1466.5,,,,23.858,16
2026-02-02 18:32:44,,1469.0,24.2179030709958,46.0673392137116,,,16
2026-02-02 18:33:05,714.0,1434.5,,,,23.85,16
2026-02-02 18:33:06,,1457.0,,,,,16
2026-02-02 18:33:11,,1449.0,,,,23.8849999999999,16
2026-02-02 18:33:12,,1455.0,,,,,16
2026-02-02 18:33:13,,1467.0,,,,23.7225,16
2026-02-02 18:33:14,,1452.5,23.9594220612198,44.1490433678457,,,16
2026-02-02 18:33:42,,1437.0,,,,23.894,16
2026-02-02 18:33:43,,1444.0,,,,,16
2026-02-02 18:33:44,,1461.0,23.7110782746749,42.3096363198159,,23.839,16
2026-02-02 18:34:05,715.0,1461.5,,,,,16
2026-02-02 18:34:06,,1462.5,,,,23.9444999999999,16
2026-02-02 18:34:11,,1431.5,,,,,16
2026-02-02 18:34:12,,1444.0,,,,23.96,16
2026-02-02 18:34:13,,1423.0,,,,,16
2026-02-02 18:34:14,,1453.5,23.4019165780628,41.8247188778346,,23.776,16
2026-02-02 18:34:35,713.0,1465.0,,,,,16
2026-02-02 18:34:36,,1456.0,,,,,16
2026-02-02 18:34:41,,1429.0,,,,24.015,16
2026-02-02 18:34:42,,,,,,,16
2026-02-02 18:34:43,,1450.0,,,,25.416,16
2026-02-02 18:34:44,,,23.2397338260198,39.9267995961579,,,16
2026-02-02 18:35:05,720.0,1453.0,,,,25.0285,16
2026-02-02 18:35:06,,1434.0,,,,,16
2026-02-02 18:35:11,,1453.0,,,,23.953,16
2026-02-02 18:35:12,,1440.5,,,,,16
2026-02-02 18:35:13,,1440.0,,,,24.173,16
2026-02-02 18:35:14,,1452.5,23.0927559644042,39.1887322343283,,,16
2026-02-02 18:35:35,707.0,1439.0,,,,24.311,16
2026-02-02 18:35:36,,1455.5,,,,,16
2026-02-02 18:35:41,,1458.0,,,,24.459,16
2026-02-02 18:35:42,,1464.0,,,,,16
2026-02-02 18:35:43,,1465.0,,,,23.85,16
2026-02-02 18:35:44,,1452.5,23.0420739999099,38.8947061799805,,,16
2026-02-02 18:36:05,699.0,1462.0,,,,23.9315,16
2026-02-02 18:36:06,,1462.0,,,,,16
2026-02-02 18:36:11,,1468.0,,,,23.976,16
2026-02-02 18:36:12,,,,,,,16
2026-02-02 18:36:13,,1482.0,,,,23.99,16
2026-02-02 18:36:14,,1459.0,22.7582555365806,47.3545916374126,,,16
2026-02-02 18:36:36,,1472.0,,,,23.4395,16
2026-02-02 18:36:41,,1489.0,,,,,16
2026-02-02 18:36:42,,1485.0,,,,23.472,16
2026-02-02 18:36:43,,1489.0,,,,,16
2026-02-02 18:36:44,,1482.0,22.5960739673173,56.3221750140455,1197.17983321724,23.487,16
2026-02-02 18:37:05,677.0,1473.0,,,,,16
2026-02-02 18:37:06,,1489.0,,,,23.504,16
2026-02-02 18:37:11,,1476.0,,,,,16
2026-02-02 18:37:12,,1500.0,,,,23.533,16
2026-02-02 18:37:13,,1500.0,,,,,16
2026-02-02 18:37:14,,1487.0,22.5808694604784,64.8118760492401,963.59349385578,23.496,16
2026-02-02 18:37:35,677.0,1484.5,,,,,16
2026-02-02 18:37:36,,1503.0,,,,23.553,16
2026-02-02 18:37:41,,1503.5,,,,,16
2026-02-02 18:37:42,,1499.5,,,,23.5495,16
2026-02-02 18:37:43,,1491.5,,,,,16
2026-02-02 18:37:44,,1486.0,22.6163466471771,72.1642929662213,763.896927395434,23.559,16
2026-02-02 18:38:06,,1500.5,,,,,16
2026-02-02 18:38:11,,1487.0,,,,23.565,16
2026-02-02 18:38:12,,1499.0,,,,,16
2026-02-02 18:38:13,,1513.0,,,,23.5,16
2026-02-02 18:38:14,,1506.5,22.6873010633571,77.1164710170964,630.702079115775,,16
2026-02-02 18:38:35,687.0,1498.5,,,,23.568,16
2026-02-02 18:38:36,,1496.0,,,,,16
2026-02-02 18:38:41,,1509.0,,,,23.767,16
2026-02-02 18:38:42,,1500.0,,,,,16
2026-02-02 18:38:43,,1521.0,,,,,16
2026-02-02 18:38:44,,1517.5,23.0522103904804,75.0519582257502,702.962902693358,,16
2026-02-02 18:39:05,686.0,1523.0,,,,,16
2026-02-02 18:39:06,,1520.0,,,,,16
2026-02-02 18:39:11,,1503.0,,,,,16
2026-02-02 18:39:12,,1515.0,,,,,16
2026-02-02 18:39:13,,1526.0,,,,,16
2026-02-02 18:39:14,,1528.0,23.4373940947989,67.8082062754347,928.409866089263,,16
2026-02-02 18:39:35,680.0,1525.0,,,,,16
2026-02-02 18:39:36,,1528.0,,,,,16
2026-02-02 18:39:41,,1526.0,,,,,16
2026-02-02 18:39:42,,1524.5,,,,,16
2026-02-02 18:39:43,,1537.5,,,,,16
2026-02-02 18:39:44,,1534.0,23.5488949545251,61.030501135441,1131.45456851146,,16
2026-02-02 18:40:05,675.0,1526.0,,,,,16
2026-02-02 18:40:06,,1517.0,,,,,16
2026-02-02 18:40:11,,1543.0,,,,,16
2026-02-02 18:40:12,,1518.0,,,,,16
2026-02-02 18:40:13,,1539.0,,,,,16
2026-02-02 18:40:14,,1542.0,23.4880762863031,55.8545440740022,1277.04772103347,,16
2026-02-02 18:40:35,672.0,1540.0,,,,,16
2026-02-02 18:40:36,,1532.0,,,,,16
2026-02-02 18:40:41,,1545.0,,,,,16
2026-02-02 18:40:42,,1523.0,,,,,16
2026-02-02 18:40:43,,1525.0,,,,,16
2026-02-02 18:40:44,,1545.0,23.3563026489282,51.6547072298265,,,16
2026-02-02 18:41:05,673.0,1534.0,,,,,16
2026-02-02 18:41:06,,1547.0,,,,,16
2026-02-02 18:41:11,,1549.0,,,,,16
2026-02-02 18:41:12,,1553.5,,,,,16
2026-02-02 18:41:13,,1537.0,,,,,16
2026-02-02 18:41:14,,1539.0,23.1637107635906,48.906265632557,,,16
2026-02-02 18:41:36,,1536.0,,,,,16
2026-02-02 18:41:41,,1542.0,,,,,16
2026-02-02 18:41:42,,1530.0,,,,,16
2026-02-02 18:41:43,,1538.0,,,,,16
2026-02-02 18:41:44,,1542.0,23.0167330285767,47.1105904341268,,,16
2026-02-02 18:42:05,655.0,1557.0,,,,,16
2026-02-02 18:42:06,,1554.0,,,,,16
2026-02-02 18:42:11,,1558.0,,,,,16
2026-02-02 18:42:12,,,,,,,16
2026-02-02 18:42:13,,1559.0,,,,,16
2026-02-02 18:42:14,,1564.0,22.9001646541582,44.75652648476,,,16
2026-02-02 18:42:35,659.0,1561.0,,,,,16
2026-02-02 18:42:36,,1560.0,,,,,16
2026-02-02 18:42:41,,1565.5,,,,,16
2026-02-02 18:42:42,,1552.0,,,,,16
2026-02-02 18:42:43,,1546.5,,,,,16
2026-02-02 18:42:44,,1562.5,22.8089373380935,43.0612820653369,,,16
2026-02-02 18:43:06,,1558.0,,,,,16
2026-02-02 18:43:11,,1551.5,,,,,16
2026-02-02 18:43:12,,1558.5,,,,,16
2026-02-02 18:43:13,,1540.0,,,,,16
2026-02-02 18:43:14,,1565.0,22.743051001802,42.1469887946045,,,16
2026-02-02 18:43:35,651.0,1539.0,,,,,16
2026-02-02 18:43:36,,1560.0,,,,,16
2026-02-02 18:43:41,,1556.0,,,,,16
2026-02-02 18:43:42,,1558.0,,,,,16
2026-02-02 18:43:43,,1538.0,,,,,16
2026-02-02 18:43:44,,,22.743051001802,43.9131639257911,,,16
2026-02-02 18:44:05,644.0,1545.0,,,,,16
2026-02-02 18:44:06,,1566.0,,,,25.556,16
2026-02-02 18:44:11,,1557.0,,,,,16
2026-02-02 18:44:12,,,,,,25.623,16
2026-02-02 18:44:13,,1518.0,,,,,16
2026-02-02 18:44:14,,1533.0,22.9913920645194,47.3369641778417,,25.504,16
2026-02-02 18:44:35,648.0,,,,,,16
2026-02-02 18:44:36,,1523.5,,,,25.488,16
2026-02-02 18:44:41,,1541.0,,,,,16
2026-02-02 18:44:42,,1533.5,,,,,16
2026-02-02 18:44:43,,1523.0,,,,,16
2026-02-02 18:44:44,,1541.0,23.3867119323986,50.2173282656332,,,16
2026-02-02 18:45:05,655.0,1547.0,,,,,16
2026-02-02 18:45:06,,1530.5,,,,,16
2026-02-02 18:45:11,,1517.0,,,,,16
2026-02-02 18:45:12,,1526.5,,,,,16
2026-02-02 18:45:13,,1542.0,,,,,16
2026-02-02 18:45:14,,1531.5,23.7212147420796,52.8825822591415,,,16
2026-02-02 18:45:35,640.0,1536.0,,,,,16
2026-02-02 18:45:36,,1551.0,,,,,16
2026-02-02 18:45:41,,1542.0,,,,,16
2026-02-02 18:45:42,,1540.5,,,,,16
2026-02-02 18:45:43,,1540.0,,,,25.261,16
2026-02-02 18:45:44,,1553.0,24.0354458090441,54.7411232118008,,,16
2026-02-02 18:46:05,644.0,1542.5,,,,25.0589999999999,16
2026-02-02 18:46:06,,1533.0,,,,,16
2026-02-02 18:46:11,,1547.0,,,,24.838,16
2026-02-02 18:46:12,,1547.0,,,,,16
2026-02-02 18:46:13,,1525.5,,,,24.6304999999999,16
2026-02-02 18:46:14,,1541.0,24.3344731858233,56.683624483042,,,16
2026-02-02 18:46:36,,1540.5,,,,24.4474999999999,16
2026-02-02 18:46:41,,1546.0,,,,,16
2026-02-02 18:46:42,,1525.0,,,,24.2614999999999,16
2026-02-02 18:46:43,,1549.5,,,,,16
2026-02-02 18:46:44,,1542.0,24.435838628211,52.4282503168262,,24.1244999999999,16
2026-02-02 18:47:05,646.0,1508.0,,,,,16
2026-02-02 18:47:06,,1515.5,,,,24.227,16
2026-02-02 18:47:11,,1531.0,,,,,16
2026-02-02 18:47:12,,1519.5,,,,24.0735,16
2026-02-02 18:47:13,,1522.5,,,,,16
2026-02-02 18:47:14,,1519.0,24.2381761233846,48.9137549028079,,23.9555,16
2026-02-02 18:47:35,642.0,1529.0,,,,,16
2026-02-02 18:47:36,,1533.0,,,,24.071,16
2026-02-02 18:47:41,,1516.0,,,,,16
2026-02-02 18:47:42,,1529.0,,,,23.957,16
2026-02-02 18:47:43,,1527.0,,,,,16
2026-02-02 18:47:44,,1547.0,24.0202410542406,46.5468015313953,,23.898,16
2026-02-02 18:48:06,,1536.0,,,,,16
2026-02-02 18:48:11,,1535.0,,,,24.0035,16
2026-02-02 18:48:12,,1513.0,,,,,16
2026-02-02 18:48:13,,1516.0,,,,23.855,16
2026-02-02 18:48:14,,1540.0,23.7718970965652,44.1967765062212,,,16
2026-02-02 18:48:35,648.0,1514.5,,,,23.9155,16
2026-02-02 18:48:36,,1522.5,,,,,16
2026-02-02 18:48:41,,1518.5,,,,23.877,16
2026-02-02 18:48:42,,1521.0,,,,,16
2026-02-02 18:48:43,,1522.0,,,,23.903,16
2026-02-02 18:48:44,,1539.5,23.5032809494296,42.840532077977,,,16
2026-02-02 18:49:05,627.0,1500.5,,,,24.152,16
2026-02-02 18:49:06,,1494.5,,,,,16
2026-02-02 18:49:11,,1492.0,,,,24.002,16
2026-02-02 18:49:12,,1507.0,,,,,16
2026-02-02 18:49:13,,1507.5,,,,24.135,16
2026-02-02 18:49:14,,1509.0,23.2549384463636,41.4133821641424,,,16
2026-02-02 18:49:36,,1499.0,,,,24.021,16
2026-02-02 18:49:41,,1522.0,,,,,16
2026-02-02 18:49:42,,1506.0,,,,24.1929999999999,16
2026-02-02 18:49:43,,,,,,,16
2026-02-02 18:49:44,,,23.0420739999099,40.5306909220379,,,16
2026-02-02 18:50:06,,1517.5,,,,24.093,16
2026-02-02 18:50:11,,1518.5,,,,,16
2026-02-02 18:50:12,,1520.0,,,,24.2045,16
2026-02-02 18:50:13,,1508.5,,,,,16
2026-02-02 18:50:14,,1497.0,22.9305737804679,39.7929529892785,,24.164,16
2026-02-02 18:50:35,621.0,1514.0,,,,,16
2026-02-02 18:50:36,,1502.0,,,,24.2155,16
2026-02-02 18:50:41,,1509.0,,,,,16
2026-02-02 18:50:42,,1508.0,,,,24.225,16
2026-02-02 18:50:43,,1518.0,,,,,16
2026-02-02 18:50:44,,1501.0,22.8798919091059,39.1885338580974,,24.169,16
2026-02-02 18:51:05,630.0,1502.0,,,,,16
2026-02-02 18:51:06,,1491.0,,,,24.305,16
2026-02-02 18:51:11,,1504.0,,,,,16
2026-02-02 18:51:12,,1481.0,,,,,16
2026-02-02 18:51:13,,1487.0,,,,,16
2026-02-02 18:51:14,,1511.0,22.89002828105,41.5774593703344,,,16
2026-02-02 18:51:36,,1491.0,,,,,16
2026-02-02 18:51:41,,,,,,,16
2026-02-02 18:51:42,,1508.0,,,,,16
2026-02-02 18:51:43,,1499.0,,,,,16
2026-02-02 18:51:44,,1498.0,23.1028923607955,45.0638406859534,,,16
2026-02-02 18:52:06,,1505.5,,,,23.603,16
2026-02-02 18:52:11,,1501.0,,,,,16
2026-02-02 18:52:12,,1507.0,,,,23.333,16
2026-02-02 18:52:13,,1497.0,,,,,16
2026-02-02 18:52:14,,1493.0,23.4221894430229,48.1425916132616,,23.066,16
2026-02-02 18:52:35,617.0,1502.0,,,,,16
2026-02-02 18:52:36,,1504.5,,,,23.279,16
2026-02-02 18:52:41,,1488.0,,,,,16
2026-02-02 18:52:42,,1497.0,,,,23.511,16
2026-02-02 18:52:43,,1483.0,,,,,16
2026-02-02 18:52:44,,1491.0,23.5793043043522,56.3553269647498,1269.51797872609,23.8155,16
2026-02-02 18:53:05,628.0,1497.0,,,,,16
2026-02-02 18:53:11,,1507.0,,,,24.44,16
2026-02-02 18:53:12,,1498.5,,,,,16
2026-02-02 18:53:13,,1491.0,,,,25.203,16
2026-02-02 18:53:14,,1494.0,23.5032809494296,63.45471741297,1058.15748584867,,16
2026-02-02 18:53:35,623.0,1504.0,,,,26.583,16
2026-02-02 18:53:36,,1490.0,,,,,16
2026-02-02 18:53:41,,1487.0,,,,27.902,16
2026-02-02 18:53:42,,1480.0,,,,,16
2026-02-02 18:53:43,,1482.5,,,,,16
2026-02-02 18:53:44,,1479.0,23.3664390755875,70.6204392784754,843.687927347374,,16
2026-02-02 18:54:06,,1493.0,,,,,16
2026-02-02 18:54:11,,1490.0,,,,,16
2026-02-02 18:54:12,,1479.0,,,,,16
2026-02-02 18:54:13,,1496.5,,,,,16
2026-02-02 18:54:14,,1486.5,23.0471421950496,69.8447826888228,849.425571571696,,16
2026-02-02 18:54:35,612.0,1471.0,,,,,16
2026-02-02 18:54:36,,1481.0,,,,,16
2026-02-02 18:54:41,,1495.0,,,,,16
2026-02-02 18:54:42,,1489.0,,,,,16
2026-02-02 18:54:43,,1492.0,,,,,16
2026-02-02 18:54:44,,1471.0,22.9153692160034,62.7175298145604,1041.85136881747,,16
2026-02-02 18:55:05,623.0,1493.0,,,,,16
2026-02-02 18:55:06,,1498.0,,,,,16
2026-02-02 18:55:11,,1473.0,,,,,16
2026-02-02 18:55:12,,1489.0,,,,,16
2026-02-02 18:55:13,,1503.0,,,,,16
2026-02-02 18:55:14,,1490.0,22.9001646541582,57.2939813814896,1192.31363621753,,16
2026-02-02 18:55:35,622.0,1486.0,,,,,16
2026-02-02 18:55:36,,1491.0,,,,,16
2026-02-02 18:55:41,,1500.0,,,,,16
2026-02-02 18:55:42,,1482.0,,,,,16
2026-02-02 18:55:43,,1497.0,,,,,16
2026-02-02 18:55:44,,1504.0,22.8849600949324,53.8446256985718,1287.43109669154,,16
2026-02-02 18:56:05,622.0,1499.5,,,,,16
2026-02-02 18:56:06,,1470.0,,,,,16
2026-02-02 18:56:11,,1500.5,,,,,16
2026-02-02 18:56:12,,1488.0,,,,,16
2026-02-02 18:56:13,,1494.0,,,,,16
2026-02-02 18:56:14,,1484.0,22.8748237235704,49.8670865815683,,,16
2026-02-02 18:56:36,622.0,1472.0,,,,,16
2026-02-02 18:56:36,,1501.0,,,,,16
2026-02-02 18:56:41,,1470.0,,,,,16
2026-02-02 18:56:42,,1478.0,,,,,16
2026-02-02 18:56:43,,1476.0,,,,,16
2026-02-02 18:56:44,,1493.0,22.7683918945549,47.2884285822069,,,16
2026-02-02 18:57:05,612.0,1471.5,,,,,16
2026-02-02 18:57:11,,1481.0,,,,,16
2026-02-02 18:57:12,,1481.0,,,,,16
2026-02-02 18:57:13,,1493.0,,,,,16
2026-02-02 18:57:14,,1487.0,22.7075737641716,44.8645901465337,,,16
2026-02-02 18:57:35,612.0,1486.0,,,,,16
2026-02-02 18:57:36,,1464.0,,,,,16
2026-02-02 18:57:41,,1486.0,,,,,16
2026-02-02 18:57:42,,1473.5,,,,,16
2026-02-02 18:57:43,,1467.5,,,,,16
2026-02-02 18:57:44,,1479.0,22.6974374131823,43.6524963703667,,,16
2026-02-02 18:58:05,616.0,1470.5,,,,,16
2026-02-02 18:58:06,,1479.0,,,,,16
2026-02-02 18:58:11,,1471.5,,,,,16
2026-02-02 18:58:12,,1479.0,,,,,16
2026-02-02 18:58:13,,1474.0,,,,,16
2026-02-02 18:58:14,,1451.0,22.6366193316935,42.6776522026969,,,16
2026-02-02 18:58:35,610.0,1464.0,,,,,16
2026-02-02 18:58:42,,1468.5,,,,,16
2026-02-02 18:58:43,,1464.0,,,,,16
2026-02-02 18:58:44,,1464.0,22.7177101163251,45.1247852976915,,,16
2026-02-02 18:59:06,,1443.5,,,,,16
2026-02-02 18:59:11,,1455.0,,,,,16
2026-02-02 18:59:12,,1452.0,,,,,16
2026-02-02 18:59:13,,1451.0,,,,,16
2026-02-02 18:59:14,,1435.0,23.0218012222612,48.2614449700633,,,16
2026-02-02 18:59:35,617.0,1457.5,,,,,16
2026-02-02 18:59:36,,1443.5,,,,,16
2026-02-02 18:59:41,,1456.0,,,,,16
2026-02-02 18:59:42,,1454.0,,,,,16
2026-02-02 18:59:43,,1443.5,,,,,16
2026-02-02 18:59:44,,1447.0,23.376575503411,50.9251926271822,,,16
2026-02-02 19:00:05,607.0,1446.0,,,,,16
2026-02-02 19:00:06,,1445.5,,,,,16
2026-02-02 19:00:11,,1441.0,,,,,16
2026-02-02 19:00:12,,1424.0,,,,,16
2026-02-02 19:00:13,,1440.0,,,,,16
2026-02-02 19:00:14,,1445.0,23.7364194453693,53.3035331851528,,,16
2026-02-02 19:00:36,,1438.0,,,,,16
2026-02-02 19:00:41,,1432.5,,,,,16
2026-02-02 19:00:42,,1441.0,,,,,16
2026-02-02 19:00:43,,1441.0,,,,,16
2026-02-02 19:00:44,,1427.0,24.0557188195234,54.8248455806726,,,16
2026-02-02 19:01:05,623.0,1413.0,,,,,16
2026-02-02 19:01:06,,1437.0,,,,,16
2026-02-02 19:01:11,,1423.0,,,,,16
2026-02-02 19:01:12,,1422.0,,,,,16
2026-02-02 19:01:13,,1430.0,,,,,16
2026-02-02 19:01:14,,1419.0,24.3395414551778,55.3664334088288,,,16
2026-02-02 19:01:36,,1412.0,,,,,16
2026-02-02 19:01:41,,1416.0,,,,,16
2026-02-02 19:01:42,,1427.0,,,,,16
2026-02-02 19:01:43,,1422.0,,,,,16
2026-02-02 19:01:44,,1422.0,24.3598145355063,51.4616310536135,,,16
2026-02-02 19:02:05,605.0,1408.0,,,,,16
2026-02-02 19:02:06,,1414.5,,,,,16
2026-02-02 19:02:11,,1428.5,,,,,16
2026-02-02 19:02:12,,1437.0,,,,,16
2026-02-02 19:02:13,,1417.0,,,,,16
2026-02-02 19:02:14,,1439.0,24.1216061357408,48.1071628830462,,,16
2026-02-02 19:02:35,598.0,1433.0,,,,,16
2026-02-02 19:02:36,,,,,,,16
2026-02-02 19:02:41,,1432.0,,,,,16
2026-02-02 19:02:42,,1434.5,,,,,16
2026-02-02 19:02:43,,1437.0,,,,,16
2026-02-02 19:02:44,,1433.0,23.7921700465085,45.3230263814538,,,16
2026-02-02 19:03:06,,1431.0,,,,,16
2026-02-02 19:03:11,,1428.0,,,,,16
2026-02-02 19:03:12,,1432.0,,,,,16
2026-02-02 19:03:13,,1444.5,,,,,16
2026-02-02 19:03:14,,1423.0,23.5894407566229,43.3183463974568,,,16
2026-02-02 19:03:35,605.0,1422.0,,,,,16
2026-02-02 19:03:36,,1422.5,,,,,16
2026-02-02 19:03:41,,1426.5,,,,,16
2026-02-02 19:03:42,,1437.5,,,,,16
2026-02-02 19:03:43,,1462.0,,,,,16
2026-02-02 19:03:44,,,23.3360297991021,42.2568336692504,,,16
2026-02-02 19:04:05,611.0,1414.0,,,,,16
2026-02-02 19:04:06,,1453.0,,,,,16
2026-02-02 19:04:11,,1440.0,,,,,16
2026-02-02 19:04:12,,1439.0,,,,,16
2026-02-02 19:04:13,,1436.0,,,,,16
2026-02-02 19:04:14,,1435.0,23.1333015569543,40.7972219444982,,,16
2026-02-02 19:04:36,,1436.0,,,,,16
2026-02-02 19:04:41,,1437.0,,,,,16
2026-02-02 19:04:42,,1423.0,,,,,16
2026-02-02 19:04:43,,1424.5,,,,,16
2026-02-02 19:04:44,,1437.5,22.9812556809338,39.9649548429314,,,16
2026-02-02 19:05:05,598.0,1439.0,,,,,16
2026-02-02 19:05:06,,1471.5,,,,,16
2026-02-02 19:05:11,,1468.5,,,,,16
2026-02-02 19:05:12,,1479.5,,,,,16
2026-02-02 19:05:13,,1447.0,,,,,16
2026-02-02 19:05:14,,1449.0,22.7886646139959,43.509562238548,,,16
2026-02-02 19:05:35,599.0,1455.5,,,,,16
2026-02-02 19:05:36,,1454.0,,,,,16
2026-02-02 19:05:41,,1464.0,,,,,16
2026-02-02 19:05:42,,1446.0,,,,,16
2026-02-02 19:05:43,,1453.5,,,,,16
2026-02-02 19:05:44,,1449.0,22.3021206326375,48.9528538932613,,,16
2026-02-02 19:06:06,,1454.0,,,,,16
2026-02-02 19:06:11,,1455.0,,,,,16
2026-02-02 19:06:12,,1447.5,,,,,16
2026-02-02 19:06:13,,1443.0,,,,,16
2026-02-02 19:06:14,,1439.0,21.9676232013443,57.200021209577,1129.12735696337,,16
2026-02-02 19:06:35,602.0,1432.0,,,,,16
2026-02-02 19:06:36,,1445.0,,,,,16
2026-02-02 19:06:41,,1435.0,,,,,16
2026-02-02 19:06:42,,1445.0,,,,,16
2026-02-02 19:06:43,,1444.5,,,,,16
2026-02-02 19:06:44,,1441.0,21.9878957368491,65.1340618439129,920.952937784479,,16
2026-02-02 19:07:05,601.0,1431.0,,,,,16
2026-02-02 19:07:06,,1426.0,,,,,16
2026-02-02 19:07:11,,1419.5,,,,,16
2026-02-02 19:07:12,,,,,,,16
2026-02-02 19:07:13,,1445.5,,,,,16
2026-02-02 19:07:14,,1417.0,22.0740540646947,72.3538146905526,734.093473907426,,16
2026-02-02 19:07:35,610.0,1430.5,,,,,16
2026-02-02 19:07:36,,1426.0,,,,,16
2026-02-02 19:07:41,,1423.0,,,,,16
2026-02-02 19:07:42,,1427.0,,,,,16
2026-02-02 19:07:43,,1424.0,,,,,16
2026-02-02 19:07:44,,1373.0,22.180485056393,77.2042780438273,609.233764982654,,16
2026-02-02 19:08:05,599.0,1424.5,,,,,16
2026-02-02 19:08:06,,1452.5,,,,,16
2026-02-02 19:08:11,,1435.0,,,,,16
2026-02-02 19:08:12,,1430.0,,,,,16
2026-02-02 19:08:13,,1426.0,,,,,16
2026-02-02 19:08:14,,1428.0,22.4896424744511,77.4336241763825,614.546461747769,,16
2026-02-02 19:08:35,612.0,1416.5,,,,,16
2026-02-02 19:08:36,,1416.0,,,,,16
2026-02-02 19:08:41,,1427.0,,,,,16
2026-02-02 19:08:42,,1423.5,,,,,16
2026-02-02 19:08:43,,1417.5,,,,25.198,16
2026-02-02 19:08:44,,1451.5,22.9913920645194,72.3845697937895,775.265591628573,,16
2026-02-02 19:09:05,617.0,1452.5,,,,25.371,16
2026-02-02 19:09:06,,,,,,,16
2026-02-02 19:09:11,,1469.0,,,,25.562,16
2026-02-02 19:09:12,,1479.5,,,,,16
2026-02-02 19:09:13,,1480.0,,,,25.744,16
2026-02-02 19:09:14,,1474.0,23.2245292082952,64.3537901538448,1014.91762868084,,16
2026-02-02 19:09:35,607.0,1472.5,,,,25.9264999999999,16
2026-02-02 19:09:36,,1465.0,,,,,16
2026-02-02 19:09:41,,1424.0,,,,26.168,16
2026-02-02 19:09:42,,1477.0,,,,,16
2026-02-02 19:09:43,,1481.0,,,,26.2825,16
2026-02-02 19:09:44,,1458.0,23.2346656198205,59.6969411070936,1148.20974904082,,16
2026-02-02 19:10:05,599.0,1457.0,,,,26.447,16
2026-02-02 19:10:06,,1463.5,,,,,16
2026-02-02 19:10:11,,1443.0,,,,26.5925,16
2026-02-02 19:10:12,,,,,,,16
2026-02-02 19:10:13,,1478.0,,,,26.722,16
2026-02-02 19:10:14,,1461.0,23.1130287583509,54.145072493178,1296.81629357952,,16
2026-02-02 19:10:35,598.0,1436.0,,,,26.87,16
2026-02-02 19:10:36,,1443.0,,,,,16
2026-02-02 19:10:41,,,,,,,16
2026-02-02 19:10:42,,1424.5,,,,23.051,16
2026-02-02 19:10:43,,1467.0,,,,23.029,16
2026-02-02 19:10:44,,1471.0,22.9863238725811,51.4174934028372,,23.0155,16
2026-02-02 19:11:05,593.0,1460.0,,,,23.019,16
2026-02-02 19:11:06,,1449.5,,,,23.0345,16
2026-02-02 19:11:11,,1424.5,,,,23.065,16
2026-02-02 19:11:12,,1425.5,,,,23.11,16
2026-02-02 19:11:13,,1475.0,,,,23.152,16
2026-02-02 19:11:14,,1472.0,22.8292100668477,48.6001309585137,,23.163,16
2026-02-02 19:11:35,606.0,1438.0,,,,23.153,16
2026-02-02 19:11:36,,1444.0,,,,23.144,16
2026-02-02 19:11:41,,1454.0,,,,23.128,16
2026-02-02 19:11:42,,1436.0,,,,23.093,16
2026-02-02 19:11:43,,1471.0,,,,23.0695,16
2026-02-02 19:11:44,,1465.5,22.743051001802,46.6132538063607,,23.055,16
2026-02-02 19:12:05,602.0,1444.0,,,,23.022,16
2026-02-02 19:12:06,,1441.0,,,,22.99,16
2026-02-02 19:12:11,,1420.0,,,,22.9535,16
2026-02-02 19:12:12,,1432.0,,,,22.905,16
2026-02-02 19:12:13,,1472.0,,,,22.897,16
2026-02-02 19:12:14,,1448.0,22.6873010633571,44.5544524625466,,22.885,16
2026-02-02 19:12:35,588.0,1445.0,,,,22.88,16
2026-02-02 19:12:36,,1427.0,,,,22.8925,16
2026-02-02 19:12:41,,1415.0,,,,22.905,16
2026-02-02 19:12:42,,1459.5,,,,22.946,16
2026-02-02 19:12:43,,1456.0,,,,22.9895,16
2026-02-02 19:12:44,,1440.0,22.5960739673173,43.2805894208813,,23.0245,16
2026-02-02 19:13:05,606.0,1455.0,,,,23.052,16
2026-02-02 19:13:06,,1421.0,,,,23.0499999999999,16
2026-02-02 19:13:11,,1421.5,,,,23.051,16
2026-02-02 19:13:12,,1464.0,,,,23.0395,16
2026-02-02 19:13:13,,1442.0,,,,23.0075,16
2026-02-02 19:13:14,,1437.0,22.5301877899328,43.5565769578175,,23.0024999999999,16
2026-02-02 19:13:36,,1427.0,,,,22.966,16
2026-02-02 19:13:41,,1434.5,,,,22.944,16
2026-02-02 19:13:42,,1454.0,,,,22.923,16
2026-02-02 19:13:43,,1447.0,,,,22.8995,16
2026-02-02 19:13:44,,1439.0,22.7075737641716,46.8172417650418,,22.871,16
2026-02-02 19:14:06,,1419.0,,,,22.8695,16
2026-02-02 19:14:11,,1424.0,,,,22.846,16
2026-02-02 19:14:12,,1463.0,,,,22.824,16
2026-02-02 19:14:13,,1455.0,,,,22.821,16
2026-02-02 19:14:14,,1440.5,23.0370058050612,49.843481050036,,22.846,16
2026-02-02 19:14:35,594.0,1417.0,,,,22.8715,16
2026-02-02 19:14:42,,1409.5,,,,22.903,16
2026-02-02 19:14:43,,1445.0,,,,22.95,16
2026-02-02 19:14:44,,1438.0,23.4171212263463,52.4804643974899,,22.986,16
2026-02-02 19:15:06,,1438.5,,,,22.968,16
2026-02-02 19:15:11,,1411.0,,,,22.962,16
2026-02-02 19:15:12,,1437.0,,,,22.9615,16
2026-02-02 19:15:13,,1451.0,,,,22.942,16
2026-02-02 19:15:14,,1449.0,23.7617606233397,54.4549219755632,,22.9155,16
2026-02-02 19:15:36,,1429.5,,,,22.904,16
2026-02-02 19:15:41,,1410.0,,,,22.87,16
2026-02-02 19:15:42,,1438.0,,,,22.834,16
2026-02-02 19:15:43,,1449.0,,,,22.793,16
2026-02-02 19:15:44,,1428.0,24.050650566467,56.2796993478465,,22.762,16
2026-02-02 19:16:05,599.0,1431.0,,,,22.726,16
2026-02-02 19:16:06,,1396.0,,,,22.6884999999999,16
2026-02-02 19:16:11,,1448.5,,,,22.658,16
2026-02-02 19:16:12,,1465.0,,,,22.6195,16
2026-02-02 19:16:13,,1445.5,,,,22.571,16
2026-02-02 19:16:14,,1437.0,24.2685857106989,54.0572172553818,,22.55,16
2026-02-02 19:16:36,,1428.5,,,,22.5095,16
2026-02-02 19:16:41,,1455.5,,,,22.47,16
2026-02-02 19:16:42,,1463.5,,,,22.4395,16
2026-02-02 19:16:43,,1434.0,,,,22.4015,16
2026-02-02 19:16:44,,1453.5,24.1824252405203,50.2707522821913,,22.366,16
2026-02-02 19:17:05,590.0,1417.0,,,,22.3265,16
2026-02-02 19:17:06,,1447.0,,,,22.2855,16
2026-02-02 19:17:11,,1454.0,,,,22.238,16
2026-02-02 19:17:12,,1447.0,,,,22.205,16
2026-02-02 19:17:13,,1435.0,,,,22.164,16
2026-02-02 19:17:14,,1402.0,23.923944334645,47.5044112754355,,22.125,16
2026-02-02 19:17:35,589.0,1426.0,,,,22.082,16
2026-02-02 19:17:36,,1457.0,,,,22.044,16
2026-02-02 19:17:41,,1446.5,,,,21.999,16
2026-02-02 19:17:42,,1427.5,,,,21.966,16
2026-02-02 19:17:43,,1418.0,,,,21.915,16
2026-02-02 19:17:44,,1438.0,23.6350548062473,44.960386758385,,21.883,16
2026-02-02 19:18:05,590.0,1442.5,,,,21.851,16
2026-02-02 19:18:06,,1435.0,,,,21.8085,16
2026-02-02 19:18:11,,1422.0,,,,21.764,16
2026-02-02 19:18:12,,1419.0,,,,21.716,16
2026-02-02 19:18:13,,1424.0,,,,21.682,16
2026-02-02 19:18:14,,1441.0,23.3664390755875,43.5212337607989,,21.661,16
2026-02-02 19:18:35,595.0,1450.0,,,,21.615,16
2026-02-02 19:18:36,,1415.0,,,,21.587,16
2026-02-02 19:18:41,,1411.0,,,,21.552,16
2026-02-02 19:18:42,,1432.5,,,,21.511,16
2026-02-02 19:18:43,,1459.0,,,,21.472,16
2026-02-02 19:18:44,,1448.0,23.1637107635906,42.2056158550151,,21.443,16
2026-02-02 19:19:05,587.0,1421.5,,,,21.4185,16
2026-02-02 19:19:06,,1408.0,,,,21.385,16
2026-02-02 19:19:11,,1424.0,,,,21.313,16
2026-02-02 19:19:12,,1439.0,,,,21.3224999999999,16
2026-02-02 19:19:13,,1435.0,,,,21.3075,16
2026-02-02 19:19:14,,1439.0,22.9660511077381,40.996008261247,,21.28,16
2026-02-02 19:19:35,587.0,1410.5,,,,21.272,16
2026-02-02 19:19:36,,1410.0,,,,21.27,16
2026-02-02 19:19:41,,1448.0,,,,21.2445,16
2026-02-02 19:19:42,,1433.0,,,,21.228,16
2026-02-02 19:19:43,,1409.5,,,,21.232,16
2026-02-02 19:19:44,,1405.0,22.8140055198455,40.0531796256975,,21.227,16
2026-02-02 19:20:06,,1421.0,,,,21.21,16
2026-02-02 19:20:11,,1446.5,,,,21.213,16
2026-02-02 19:20:12,,1422.0,,,,21.192,16
2026-02-02 19:20:13,,1415.0,,,,21.194,16
2026-02-02 19:20:14,,1395.0,22.6974374131823,39.4987025884117,,21.194,16
2026-02-02 19:20:36,,1414.0,,,,21.1995,16
2026-02-02 19:20:41,,1425.0,,,,21.22,16
2026-02-02 19:20:42,,1427.0,,,,21.2205,16
2026-02-02 19:20:43,,1425.0,,,,21.2065,16
2026-02-02 19:20:44,,1427.5,22.6670283671992,41.1883534374663,,21.201,16
2026-02-02 19:21:05,588.0,1431.0,,,,21.238,16
2026-02-02 19:21:06,,1431.5,,,,21.258,16
2026-02-02 19:21:11,,1431.5,,,,21.2565,16
2026-02-02 19:21:12,,1420.0,,,,21.246,16
2026-02-02 19:21:13,,1398.5,,,,21.263,16
2026-02-02 19:21:14,,1422.5,22.8494828002585,44.7835187176198,,21.295,16
2026-02-02 19:21:35,591.0,,,,,21.316,16
2026-02-02 19:21:36,,1408.5,,,,21.313,16
2026-02-02 19:21:41,,1418.5,,,,21.305,16
2026-02-02 19:21:42,,1416.0,,,,21.3205,16
2026-02-02 19:21:43,,1421.5,,,,21.357,16
2026-02-02 19:21:44,,1405.0,23.1839835738355,47.8498477792597,,21.376,16
2026-02-02 19:22:06,585.0,1426.0,,,,21.3745,16
2026-02-02 19:22:06,,1404.0,,,,21.37,16
2026-02-02 19:22:11,,1425.0,,,,21.3855,16
2026-02-02 19:22:12,,1416.5,,,,21.42,16
2026-02-02 19:22:13,,1423.0,,,,21.4384999999999,16
2026-02-02 19:22:14,,1431.0,23.5539631787687,50.2105177274691,,21.434,16
2026-02-02 19:22:35,592.0,,,,,21.438,16
2026-02-02 19:22:36,,1422.5,,,,21.449,16
2026-02-02 19:22:41,,1418.5,,,,21.4715,16
2026-02-02 19:22:42,,1412.0,,,,21.508,16
2026-02-02 19:22:43,,1433.5,,,,21.547,16
2026-02-02 19:22:44,,1419.0,23.9138078439573,52.6450518477158,,21.5395,16
2026-02-02 19:23:06,,,,,,21.526,16
2026-02-02 19:23:11,,1429.0,,,,21.546,16
2026-02-02 19:23:12,,1423.0,,,,21.65,16
2026-02-02 19:23:13,,1424.0,,,,21.6905,16
2026-02-02 19:23:14,,1429.0,24.1064013660943,57.7198587626551,1269.40466769909,21.739,16
2026-02-02 19:23:35,585.0,1420.0,,,,21.753,16
2026-02-02 19:23:36,,1405.0,,,,21.763,16
2026-02-02 19:23:41,,1417.5,,,,21.7635,16
2026-02-02 19:23:42,,1427.0,,,,21.774,16
2026-02-02 19:23:43,,1420.0,,,,21.771,16
2026-02-02 19:23:44,,1421.0,23.817511240486,60.0278669897666,1179.47429221105,21.741,16
2026-02-02 19:24:05,596.0,1425.0,,,,21.7265,16
2026-02-02 19:24:06,,1423.0,,,,21.7105,16
2026-02-02 19:24:11,,,,,,21.7,16
2026-02-02 19:24:12,,1430.0,,,,21.6625,16
2026-02-02 19:24:13,,1419.0,,,,21.621,16
2026-02-02 19:24:14,,1415.0,23.1637107635906,61.9483740701439,1079.43256655327,21.5825,16
2026-02-02 19:24:36,,1426.5,,,,21.563,16
2026-02-02 19:24:41,,1433.0,,,,21.533,16
2026-02-02 19:24:42,,1426.0,,,,21.474,16
2026-02-02 19:24:43,,1422.0,,,,21.443,16
2026-02-02 19:24:44,,1417.0,22.5656649562588,64.2280505418622,978.677637147578,21.416,16
2026-02-02 19:25:05,585.0,1426.5,,,,21.383,16
2026-02-02 19:25:06,,1403.0,,,,21.3555,16
2026-02-02 19:25:11,,,,,,21.31,16
2026-02-02 19:25:12,,1418.5,,,,21.275,16
2026-02-02 19:25:13,,1406.0,,,,21.207,16
2026-02-02 19:25:14,,1426.0,21.9929638714529,66.067756013714,896.567158789979,21.142,16
2026-02-02 19:25:35,591.0,1427.0,,,,21.252,16
2026-02-02 19:25:36,,1411.0,,,,21.252,16
2026-02-02 19:25:41,,1422.0,,,,21.2235,16
2026-02-02 19:25:42,,1405.0,,,,21.19,16
2026-02-02 19:25:43,,,,,,21.159,16
2026-02-02 19:25:44,,1428.0,21.5824459115101,67.4023679543444,839.986034930705,21.135,16
2026-02-03 16:24:47,611.0,1404.5,,,,21.1005,16
2026-02-03 16:24:47,,1408.0,,,,21.0065,16
2026-02-03 16:24:47,,1426.0,,,,20.997,16
2026-02-03 16:24:47,,1407.0,,,,21.1315,16
2026-02-03 16:24:47,,1427.5,24.4104972567001,47.8022940762507,,21.0935,16
2026-02-03 16:24:48,,1422.0,,,,21.066,16
2026-02-03 16:25:08,603.0,1422.0,,,,21.0454999999999,16
2026-02-03 16:25:09,,1408.0,,,,21.0144999999999,16
2026-02-03 16:25:14,,1410.0,,,,20.8545,16
2026-02-03 16:25:15,,1433.0,,,,20.861,16
2026-02-03 16:25:16,,1426.0,,,,20.987,16
2026-02-03 16:25:17,,1430.0,,47.2080679335085,,20.9625,16
2026-02-03 16:25:38,599.0,1419.0,,,,20.9395,16
2026-02-03 16:25:39,,,,,,20.9235,16
2026-02-03 16:25:44,,1432.0,,,,20.8955,16
2026-02-03 16:25:46,,,,,,20.86,16
2026-02-03 16:25:46,,1414.0,,,,20.886,16
2026-02-03 16:25:47,,1421.0,,45.8045407001817,,20.9065,16
2026-02-03 16:26:08,606.0,1419.0,,,,20.908,16
2026-02-03 16:26:09,,1416.0,,,,20.9005,16
2026-02-03 16:26:14,,1435.0,,,,20.8845,16
2026-02-03 16:26:15,,1408.0,,,,20.8624999999999,16
2026-02-03 16:26:16,,1422.5,,,,20.823,16
2026-02-03 16:26:17,,1421.5,,50.4541801254551,,20.8025,16
2026-02-03 16:26:39,,1423.0,,,,20.849,16
2026-02-03 16:26:44,,1435.0,,,,20.837,16
2026-02-03 16:26:45,,,,,,20.825,16
2026-02-03 16:26:47,,1435.5,,,,20.8044999999999,16
2026-02-03 16:26:47,,1434.0,,56.2569443741019,,20.767,16
2026-02-03 16:27:09,,1432.0,,,,20.743,16
2026-02-03 16:27:14,,1437.0,,,,20.819,16
2026-02-03 16:27:15,,1410.0,,,,20.8239999999999,16
2026-02-03 16:27:17,,1439.0,,,,20.806,16
2026-02-03 16:27:17,,1434.0,,61.6829174918772,1221.13017771152,20.7935,16
2026-02-03 16:27:38,603.0,1439.0,,,,20.7475,16
2026-02-03 16:27:45,,1413.0,,,,20.7185,16
2026-02-03 16:27:46,,1444.5,,,,20.759,16
2026-02-03 16:27:47,,1441.0,,66.9096344239804,1043.16195023263,20.79,16
2026-02-03 16:30:45,,1445.0,,,,20.783,16
2026-02-03 16:30:48,,1435.0,22.7278464696428,71.4590101501716,788.565363336454,20.77,16
2026-02-03 16:31:08,612.0,1420.0,,,,20.7449999999999,16
2026-02-03 16:31:15,,1422.0,,,,20.696,16
2026-02-03 16:31:16,,1423.5,,,,20.7065,16
2026-02-03 16:31:17,,1430.0,22.2970524802804,71.33965887043,771.421669846811,20.7984999999999,16
2026-02-03 16:31:38,610.0,1443.0,,,,20.7615,16
2026-02-03 16:31:45,,,,,,20.7395,16
2026-02-03 16:31:46,,1456.0,,,,20.7035,16
2026-02-03 16:31:47,,1449.0,21.8814649773994,71.6489266394999,744.02400112992,20.667,16
2026-02-03 16:32:08,602.0,1449.5,,,,20.711,16
2026-02-03 16:32:09,,1430.0,,,,20.7404999999999,16
2026-02-03 16:32:14,,1439.0,,,,20.7335,16
2026-02-03 16:32:15,,1450.0,,,,20.721,16
2026-02-03 16:32:17,,1448.5,,,,20.681,16
2026-02-03 16:32:17,,1444.5,21.8713287212885,64.3474752291493,935.05932863568,20.645,16
2026-02-03 16:32:39,,1449.5,,,,20.685,16
2026-02-03 16:32:44,,1449.0,,,,20.7275,16
2026-02-03 16:32:45,,1457.0,,,,20.6929999999999,16
2026-02-03 16:32:46,,1459.0,,,,20.682,16
2026-02-03 16:32:47,,1461.0,22.0537815093994,58.898731362863,1090.02140268223,20.645,16
2026-02-03 16:33:09,,1444.0,,,,20.656,16
2026-02-03 16:33:14,,1454.0,,,,20.79,16
2026-02-03 16:33:15,,1450.0,,,,20.6555,16
2026-02-03 16:33:16,,1448.0,,,,20.669,16
2026-02-03 16:33:17,,1463.5,22.2514391221629,54.093228539628,1232.20337512893,20.642,16
2026-02-03 16:49:02,611.0,1462.0,,,,20.607,16
2026-02-03 16:49:04,,1461.5,,,,20.66,16
2026-02-03 16:49:04,,1461.5,,,,20.68,16
2026-02-03 16:49:14,,1462.5,,,,20.664,16
2026-02-03 16:49:32,617.0,1466.0,,,,20.627,16
2026-02-03 16:49:34,,1467.0,,,,20.596,16
2026-02-03 16:49:34,,1466.0,,,,20.6229999999999,16
2026-02-03 16:49:44,,1459.5,,,,20.651,16
2026-02-03 16:50:02,622.0,1465.5,,,,20.6405,16
2026-02-03 16:50:04,,1460.5,,,,20.612,16
2026-02-03 16:50:04,,1471.0,,,,20.5485,16
2026-02-03 16:50:14,,1482.0,,,,20.682,16
2026-02-03 16:50:32,601.0,1466.5,,,,20.654,16
2026-02-03 16:50:34,,1455.0,,,,20.631,16
2026-02-03 16:50:34,,1471.5,,,,20.6145,16
2026-02-03 16:50:44,,1467.0,,,,20.495,16
2026-02-03 16:51:02,611.0,1469.0,,,,20.5619999999999,16
2026-02-03 16:51:04,,1474.0,,,,20.644,16
2026-02-03 16:51:04,,1469.0,,,,20.616,16
2026-02-03 16:51:14,,1473.0,,,,20.558,16
2026-02-03 16:54:14,,1475.0,,,,20.527,16
2026-02-03 16:55:05,,1464.5,,,,20.57,16
2026-02-03 17:00:57,,1485.0,,61.6340340542501,,20.595,16
2026-02-03 17:00:57,,1475.0,,,,20.578,16
2026-02-03 17:01:07,,1469.0,,,,20.569,16
2026-02-03 17:01:10,,1469.0,,61.5535434786745,,20.548,16
2026-02-03 17:01:37,,1482.0,,,,20.559,16
2026-02-03 17:01:40,,1467.0,,60.5613545121304,,20.583,16
2026-02-03 17:02:07,,1478.0,,,,20.562,16
2026-02-03 17:02:10,,1495.0,,62.6884844193843,,20.444,16
2026-02-03 17:02:37,,1466.0,,,,20.482,16
2026-02-03 17:02:40,,1473.0,,66.3806500062417,1183.16559502921,20.6105,16
2026-02-03 17:03:07,,1468.0,,,,20.561,16
2026-02-03 17:03:10,,1463.0,,70.7489124917199,1009.37052541114,20.544,16
2026-02-03 17:03:37,,1449.0,,,,20.447,16
2026-02-03 17:03:40,,1455.0,,73.5786657407329,893.375497104883,20.489,16
2026-02-03 17:04:07,,1459.0,,,,20.535,16
2026-02-03 17:04:10,,1440.0,,72.5988091463963,921.526217614752,20.542,16
2026-02-03 17:32:07,620.0,1441.0,,,,20.54,16
2026-02-03 17:32:07,,1448.5,,,,20.49,16
2026-02-03 17:32:10,,1432.0,23.6857371112564,39.2558461486654,,20.4825,16
2026-02-03 17:32:11,,1435.0,,,,20.537,16
2026-02-03 17:32:12,,1437.0,,,,20.558,16
2026-02-03 17:32:12,,1438.0,,,,20.5475,16
2026-02-03 17:32:37,619.0,1422.0,,,,20.465,16
2026-02-03 17:32:37,,1431.0,,,,20.463,16
2026-02-03 17:32:40,,1432.0,23.9138078439573,42.8330595962086,,20.5295,16
2026-02-03 17:32:41,,1410.0,,,,20.541,16
2026-02-03 17:32:41,,1425.5,,,,20.525,16
2026-02-03 17:32:42,,1395.0,,,,20.42,16
2026-02-03 17:33:07,623.0,1410.0,,,,20.442,16
2026-02-03 17:33:07,,1410.0,,,,20.505,16
2026-02-03 17:33:10,,1408.0,24.1266743928717,48.9999829032478,,20.542,16
2026-02-03 17:33:11,,1398.0,,,,20.517,16
2026-02-03 17:33:12,,1390.0,,,,20.47,16
2026-02-03 17:33:12,,1396.0,,,,20.439,16
2026-02-03 17:33:37,625.0,1387.5,,,,20.485,16
2026-02-03 17:33:37,,1384.0,,,,20.5225,16
2026-02-03 17:33:40,,1373.0,24.0455823137017,57.6730770764784,1266.18145963552,20.508,16
2026-02-03 17:33:41,,1391.5,,,,20.449,16
2026-02-03 17:33:41,,1391.0,,,,20.472,16
2026-02-03 17:33:42,,1389.0,,,,20.506,16
2026-02-03 17:34:07,648.0,1377.0,,,,20.517,16
2026-02-03 17:34:07,,1373.0,,,,20.511,16
2026-02-03 17:34:10,,1372.5,23.9340808264969,63.8756545415011,1073.42715230019,20.3825,16
2026-02-03 17:34:11,,1369.0,,,,20.404,16
2026-02-03 17:34:11,,1369.5,,,,20.4705,16
2026-02-03 17:34:12,,1365.0,,,,20.506,16
2026-02-03 17:35:08,,1352.0,,,,20.476,16
2026-02-03 17:35:10,,1371.0,23.4931445070542,66.0991751834624,980.988714813791,20.434,16
2026-02-03 17:35:11,,1373.0,,,,20.4285,16
2026-02-03 17:35:11,,1367.5,,,,20.473,16
2026-02-03 17:35:12,,1359.0,,,,20.48,16
2026-02-03 17:35:37,646.0,1362.5,,,,20.451,16
2026-02-03 17:35:37,,1371.0,,,,20.4145,16
2026-02-03 17:35:40,,1389.0,23.0015284492692,66.7513957226733,933.981716884563,20.425,16
2026-02-03 17:35:41,,1397.0,,,,20.4645,16
2026-02-03 17:35:41,,1508.5,,,,20.46,16
2026-02-03 17:35:42,,1535.0,,,,20.429,16
2026-02-03 17:36:07,,1543.0,,,,20.3684999999999,16
2026-02-03 17:36:10,,1546.0,22.6062103066651,67.133312132674,901.407979407552,20.381,16
2026-02-03 17:36:37,656.0,1540.5,,,,20.412,16
2026-02-03 17:36:37,,1568.5,,,,20.448,16
2026-02-03 17:36:40,,1558.0,22.2311665261222,67.9713831706614,858.634251707105,20.4885,16
2026-02-03 17:36:41,,1471.5,,,,20.544,16
2026-02-03 17:36:41,,1485.0,,,,20.6139999999999,16
2026-02-03 17:36:42,,1483.0,,,,20.682,16
2026-02-03 17:37:07,662.0,1474.0,,,,20.7584999999999,16
2026-02-03 17:37:07,,1490.0,,,,20.8684999999999,16
2026-02-03 17:37:10,,1481.0,22.0487133713031,61.7529159421355,1014.01417964571,20.8855,16
2026-02-03 17:37:11,,1486.0,,,,20.929,16
2026-02-03 17:37:12,,1484.5,,,,20.967,16
2026-02-03 17:37:12,,1488.0,,,,20.977,16
2026-02-03 17:37:37,645.0,1479.5,,,,20.967,16
2026-02-03 17:37:37,,1497.0,,,,21.0045,16
2026-02-03 17:37:40,,1480.0,22.1956894942559,56.3338585684,1168.09269784615,21.03,16
2026-02-03 17:37:41,,1491.0,,,,21.042,16
2026-02-03 17:37:41,,1495.0,,,,21.048,16
2026-02-03 17:37:42,,1493.0,,,,21.0615,16
2026-02-03 17:38:07,649.0,1491.0,,,,21.087,16
2026-02-03 17:38:07,,1486.0,,,,21.089,16
2026-02-03 17:38:10,,1495.0,22.3730747961963,52.0456153665297,1296.71914180478,21.063,16
2026-02-03 17:38:11,,1493.0,,,,21.0925,16
2026-02-03 17:38:12,,1482.0,,,,21.106,16
2026-02-03 17:38:12,,1477.0,,,,21.1095,16
2026-02-03 17:38:38,,1477.0,,,,21.118,16
2026-02-03 17:38:40,,1486.0,22.5453922880406,49.3451666665836,,21.132,16
2026-02-03 17:38:41,,1484.0,,,,21.137,16
2026-02-03 17:38:41,,1482.5,,,,21.145,16
2026-02-03 17:38:42,,1487.0,,,,21.154,16
2026-02-03 17:39:07,,1482.0,,,,21.167,16
2026-02-03 17:39:10,,1474.0,22.6366193316935,52.0866454190476,,21.1835,16
2026-02-03 17:39:11,,1479.0,,,,21.189,16
2026-02-03 17:39:11,,1474.0,,,,21.186,16
2026-02-03 17:39:12,,1476.5,,,,21.196,16
2026-02-03 17:41:35,696.0,1466.0,,,,21.195,16
2026-02-03 17:41:35,,1461.0,,,,21.212,16
2026-02-03 17:41:35,,1469.0,,,,21.223,16
2026-02-03 17:41:35,,1472.0,,,,21.224,16
2026-02-03 17:41:36,,1480.0,23.6147818923927,70.4069626254315,862.630449433814,21.234,16
2026-02-03 17:41:37,,1470.5,,,,21.2445,16
2026-02-03 17:44:41,,1476.0,23.6603959551139,70.1294955165486,873.112278796396,21.2705,16
2026-02-03 17:44:42,,1481.5,,,,21.265,16
2026-02-03 17:44:43,682.0,1481.5,,,,21.279,16
2026-02-03 17:44:43,,1480.5,,,,21.2479999999999,16
2026-02-03 17:44:43,,1472.0,,,,21.29,16
2026-02-03 17:44:43,,1473.0,,,,21.2825,16
2026-02-03 17:44:57,704.0,1466.0,,,,21.2905,16
2026-02-03 17:44:57,,1474.5,,,,21.2995,16
2026-02-03 17:45:02,,1473.0,,,,21.307,16
2026-02-03 17:45:04,,1466.0,,,,21.3215,16
2026-02-03 17:45:05,,1475.0,,,,21.307,16
2026-02-03 17:45:06,,1459.0,23.6756006479263,70.3452029674328,867.600580997242,21.263,16
2026-02-03 17:45:27,693.0,1457.0,,,,21.3305,16
2026-02-03 17:45:27,,1470.0,,,,21.3155,16
2026-02-03 17:45:32,,1465.0,,,,21.332,16
2026-02-03 17:45:34,,1460.0,,,,21.3855,16
2026-02-03 17:45:35,,1464.5,,,,21.3775,16
2026-02-03 17:45:36,,1467.0,23.6401230354385,70.5683314689318,859.236195834424,21.412,16
2026-02-03 17:45:57,685.0,1457.5,,,,21.3879999999999,16
2026-02-03 17:45:58,,1458.5,,,,21.391,16
2026-02-03 17:46:02,,1471.0,,,,21.4105,16
2026-02-03 17:46:04,,1451.0,,,,21.434,16
2026-02-03 17:46:05,,1457.5,,,,21.432,16
2026-02-03 17:46:06,,1464.0,23.7161465082317,70.5902218342681,862.533504519493,21.461,16
2026-02-03 17:46:27,679.0,1459.0,,,,21.4795,16
2026-02-03 17:46:28,,1462.5,,,,21.501,16
2026-02-03 17:46:32,,1464.0,,,,21.4915,16
2026-02-03 17:46:34,,1449.0,,,,21.49,16
2026-02-03 17:46:35,,1463.5,,,,21.5545,16
2026-02-03 17:46:36,,1466.0,24.1013331101275,69.421923201529,917.78683262418,21.549,16
2026-02-03 17:46:57,662.0,1461.0,,,,21.579,16
2026-02-03 17:46:58,,1453.0,,,,21.5695,16
2026-02-03 17:47:02,,1472.0,,,,21.618,16
2026-02-03 17:47:04,,1464.0,,,,21.5815,16
2026-02-03 17:47:05,,1468.0,,,,21.553,16
2026-02-03 17:47:06,,1448.0,24.3699510774167,68.3703517287746,964.751133614218,21.592,16
2026-02-04 12:33:28,535.0,1455.0,,74.3833670069151,1230.48821703523,21.623,16
2026-02-04 12:48:32,501.5,1458.0,,51.9883098769497,,21.6035,16
2026-02-04 13:03:36,473.5,1474.0,,47.9602026049813,,21.614,16
2026-02-04 13:18:40,481.0,1480.0,,45.9248718217806,,21.665,16
2026-02-04 13:33:44,483.0,1471.0,,43.2770070218611,,21.6895,16
2026-02-04 13:48:48,481.0,1481.5,24.2077665583346,41.6439320837044,,21.703,16
2026-02-04 14:03:52,483.0,1476.0,23.9670244412409,40.7737003282249,,21.74,16
2026-02-04 14:18:56,490.0,1477.0,24.177356980188,40.9504447872167,,21.725,16
2026-02-04 14:34:00,,1494.0,,,,21.745,16
2026-02-04 14:49:04,,1485.0,,,,21.776,16
2026-02-04 15:04:08,,1483.0,,,,21.788,16
2026-02-04 15:19:12,,1478.0,,,,21.804,16
2026-02-04 15:34:16,,1478.0,,,,21.832,16
2026-02-04 15:49:20,,1465.0,,,,21.851,16
2026-02-04 16:04:24,,1480.0,,,,21.8849999999999,16
2026-02-04 16:19:28,,1490.0,,,,21.916,16
2026-02-04 16:34:32,,1484.0,,,,21.935,16
2026-02-04 16:49:36,,1482.5,,,,21.965,16
2026-02-04 17:04:40,,1490.5,,,,22.003,16
2026-02-04 17:19:44,,1486.0,,,,22.008,16
2026-02-04 17:34:48,506.5,1479.0,,37.4835682194305,,22.022,16
2026-02-04 17:49:52,,1488.0,,,,22.027,16
2026-02-04 18:04:56,608.5,1494.0,21.1263170844467,77.5485492884727,562.070931513824,22.075,16
2026-02-04 18:20:00,624.0,1490.0,22.2945192558254,77.3879879185283,609.449597074667,22.089,16
2026-02-04 18:35:04,,1502.0,,,,22.134,16
2026-02-04 18:50:08,715.0,1488.0,,41.2149896398913,,22.163,16
2026-02-04 18:58:00,,1497.0,,,,22.172,16
2026-02-04 19:05:12,725.0,1501.5,23.6908053579099,64.0468058599805,1025.91509371555,22.2155,16
2026-02-04 19:12:32,,1502.5,,,,22.305,16
2026-02-04 19:20:16,788.0,1505.0,22.6873011215648,65.0896602945008,929.5301961262,22.2815,16
2026-02-04 19:27:04,,1513.0,,,,22.316,16
2026-02-04 19:35:20,687.5,1485.0,23.0015284492692,68.2416538776644,933.402074876803,22.3295,16
2026-02-04 19:41:36,,1486.5,,,,22.369,16
2026-02-04 19:50:24,659.0,1501.5,22.9179033404943,63.2990406192605,1038.45033723514,22.391,16
2026-02-04 19:56:08,,1484.0,,,,22.413,16
2026-02-04 20:05:28,623.0,1498.0,22.6416875035502,62.6794394129316,1024.76850377641,22.4294999999999,16
2026-02-04 20:10:40,,1499.0,,,,22.47,16
2026-02-04 20:20:32,576.5,1499.0,22.0816563047264,61.5224891717501,992.492836172479,22.497,16
2026-02-04 20:25:12,,1492.0,,,,22.548,16
2026-02-04 20:35:36,556.0,1488.0,21.4988221272506,63.3736866299109,941.492540727835,22.564,16
2026-02-04 20:39:44,,1491.0,,,,22.601,16
2026-02-04 20:50:40,546.0,1485.5,21.7801024686777,60.5431421926622,1043.87533332577,22.623,16
2026-02-04 20:54:16,,1494.0,,,,22.6655,16
2026-02-04 21:05:44,,1485.0,,,,22.687,16
2026-02-04 21:08:48,,1470.0,,,,22.738,16
2026-02-04 21:20:48,,1465.0,,,,22.76,16
2026-02-04 21:23:20,,1463.0,,,,22.799,16
2026-02-04 21:35:52,,1473.5,,,,22.9,16
2026-02-04 21:37:52,,1472.0,,,,22.882,16
2026-02-04 21:50:56,,1479.0,,,,22.903,16
2026-02-04 21:52:24,,1454.0,,,,22.93,16
2026-02-04 22:06:00,,1484.0,,,,22.966,16
2026-02-04 22:06:56,,1520.0,,,,22.9885,16
2026-02-04 22:21:04,,1513.0,,,,23.029,16
2026-02-04 22:21:28,,1517.0,,,,23.062,16
2026-02-04 22:36:00,,1487.0,,,,23.098,16
2026-02-04 22:36:08,,1481.0,,,,23.115,16
2026-02-04 22:50:32,,1479.5,,,,23.146,16
2026-02-04 22:51:12,,1486.0,,,,23.1835,16
2026-02-04 23:05:04,,1486.5,,,,23.228,16
2026-02-04 23:06:16,,1471.0,,,,23.2435,16
2026-02-04 23:19:36,,1478.0,,,,23.2865,16
2026-02-04 23:21:20,,1481.0,,,,23.309,16
2026-02-04 23:34:08,,1464.0,,,,23.345,16
2026-02-04 23:36:24,,1467.5,,,,23.375,16
2026-02-04 23:48:40,,1482.5,,,,23.3885,16
2026-02-04 23:51:28,,1482.0,,,,23.425,16
2026-02-05 00:03:12,,1473.5,,,,23.4625,20
2026-02-05 00:06:32,,1461.0,,,,23.474,20
2026-02-05 00:17:44,,1477.5,,,,23.5235,20
2026-02-05 00:21:36,,1466.0,,,,23.561,20
2026-02-05 00:32:16,,1466.0,,,,23.583,20
2026-02-05 00:36:40,,1459.0,,,,23.616,20
2026-02-05 00:46:48,,1456.5,,,,23.657,20
2026-02-05 00:51:44,,1443.0,,,,23.68,20
2026-02-05 01:01:20,,1460.5,,,,23.6995,20
2026-02-05 01:06:48,,1452.0,,,,23.734,20
2026-02-05 01:15:52,,1451.0,,,,23.765,20
2026-02-05 01:21:52,,1459.0,,,,23.787,20
2026-02-05 01:30:24,,1445.0,,,,23.761,20
2026-02-05 01:36:56,,1447.0,,,,23.713,20
2026-02-05 01:44:56,,1408.0,,,,23.541,20
2026-02-05 01:52:00,,1421.5,,,,23.52,20
2026-02-05 01:59:28,,1410.0,,,,23.462,20
2026-02-05 02:07:04,,1436.0,,,,23.38,20
2026-02-05 02:14:00,,1444.0,,,,23.197,20
2026-02-05 02:22:08,,1457.5,,,,23.176,20
2026-02-05 02:28:32,,1450.0,,,,23.0835,20
2026-02-05 02:37:12,,1439.0,,,,23.005,20
2026-02-05 02:43:04,,1450.0,,,,22.8235,20
2026-02-05 02:52:16,,1447.0,,,,22.792,20
2026-02-05 02:57:36,,1443.0,,,,22.655,20
2026-02-05 03:07:20,,1442.0,,,,22.608,20
2026-02-05 03:12:08,,1446.0,,,,22.4565,20
2026-02-05 03:22:24,,1436.0,,,,22.3819999999999,20
2026-02-05 03:26:40,,1442.0,,,,22.321,20
2026-02-05 03:37:28,,1439.5,,,,22.2705,20
2026-02-05 03:41:12,,1417.0,,,,22.1869999999999,20
2026-02-05 03:52:32,,1412.0,,,,22.113,20
2026-02-05 03:55:44,,1409.5,,,,22.025,20
2026-02-05 04:07:36,,1427.5,,,,21.86,20
2026-02-05 04:10:16,,1447.0,,,,21.847,20
2026-02-05 04:22:40,,1443.5,,,,21.792,20
2026-02-05 04:24:48,,1434.5,,,,21.728,20
2026-02-05 04:37:44,,1446.5,,,,21.652,20
2026-02-05 04:39:20,,1439.0,,,,21.584,20
2026-02-05 04:52:48,,1445.0,,,,21.532,20
2026-02-05 04:53:52,,1446.5,,,,21.446,20
2026-02-05 05:07:52,,1431.0,,,,21.4065,20
2026-02-05 05:08:24,,1436.0,,,,21.264,20
2026-02-05 05:22:56,,1399.5,,,,21.275,20
2026-02-05 05:37:28,,1402.5,,,,21.2525,20
2026-02-05 05:38:00,,1417.0,,,,21.1755,20
2026-02-05 05:52:00,,1412.0,,,,21.139,20
2026-02-05 05:53:04,,1438.5,,,,21.118,20
2026-02-05 06:06:32,,1424.0,,,,21.066,20
2026-02-05 06:08:08,,1432.0,,,,21.037,20
2026-02-05 06:21:04,,1498.0,,,,20.9825,20
2026-02-05 06:23:12,,1506.0,,,,20.945,20
2026-02-05 06:35:36,,1502.0,,,,20.9085,20
2026-02-05 06:38:16,,1488.0,,,,20.87,20
2026-02-05 06:50:08,,1489.0,,,,20.845,20
2026-02-05 06:53:20,,1486.0,,,,20.821,20
2026-02-05 07:04:40,,1486.0,,,,20.7915,20
2026-02-05 07:08:24,,1514.5,,,,20.764,20
2026-02-05 07:19:12,,1511.0,,,,20.7745,20
2026-02-05 07:23:28,,1498.0,,,,20.792,20
2026-02-05 07:33:44,,1516.5,,,,20.457,20
2026-02-05 07:38:32,,1534.0,,,,20.432,20
2026-02-05 07:48:16,,1548.5,,,,20.469,20
2026-02-05 07:53:36,,1545.5,,,,20.5,20
2026-02-05 08:02:48,,1544.5,,,,20.5475,20
2026-02-05 08:08:40,,1516.0,,,,20.694,20
2026-02-05 08:17:20,,1523.0,,,,20.721,20
2026-02-05 08:23:44,,1527.0,,,,,20
2026-02-05 08:31:52,,1522.5,,,,,20
2026-02-05 08:38:48,,1529.0,,,,,20
2026-02-05 08:46:24,,1518.0,,,,,20
2026-02-05 08:53:52,,1514.0,,,,,20
2026-02-05 09:00:56,,1521.0,,,,,20
2026-02-05 09:08:56,,1518.0,,,,,20
2026-02-05 09:15:28,,1517.5,,,,,20
2026-02-05 09:24:00,,1510.0,,,,,20
2026-02-05 09:30:00,,1503.5,,,,,20
2026-02-05 09:39:04,,1516.5,,,,,20
2026-02-05 09:44:32,,1510.5,,,,,20
2026-02-05 09:54:08,,1512.0,,,,,20
2026-02-05 09:59:04,,1512.5,,,,20.7629999999999,20
2026-02-05 10:09:12,,1505.0,,,,,20
2026-02-05 10:13:36,,1504.0,,,,23.051,20
2026-02-05 10:24:16,,1498.0,,,,23.029,20
2026-02-05 10:28:08,,1509.0,,,,23.0155,20
2026-02-05 10:39:20,,1496.5,,,,23.019,20
2026-02-05 10:42:40,,1494.5,,,,23.0345,20
2026-02-05 10:54:24,,1498.0,,,,23.065,20
2026-02-05 10:57:12,,1499.5,,,,23.11,20
2026-02-05 11:09:28,,1490.0,,,,23.152,20
2026-02-05 11:11:44,,1480.0,,,,23.163,20
2026-02-05 11:24:32,,1490.5,,,,23.153,20
2026-02-05 11:26:16,,1488.0,,,,23.144,20
2026-02-05 11:39:36,,1476.0,,,,23.128,20
2026-02-05 11:40:48,,1484.0,,,,23.093,20
2026-02-05 11:54:40,,1487.5,,,,23.0695,20
2026-02-05 11:55:20,,1494.0,,,,23.055,20
2026-02-05 12:09:44,,1479.5,,,,23.022,20
2026-02-05 12:09:52,,1491.0,,,,22.99,20
2026-02-05 12:24:24,,1475.0,,,,22.9535,20
2026-02-05 12:24:48,,1478.0,,,,22.905,20
2026-02-05 12:38:56,,1487.0,,,,22.897,20
2026-02-05 12:39:52,,1483.0,,,,22.885,20
2026-02-05 12:53:28,,1480.0,,,,22.88,20
2026-02-05 12:54:56,,1482.5,,,,22.8925,20
2026-02-05 13:08:00,,1473.5,,,,22.905,20
2026-02-05 13:10:00,,1484.0,,,,22.946,20
2026-02-05 13:22:32,,1480.0,,,,22.9895,20
2026-02-05 13:25:04,,1484.5,,,,23.0245,20
2026-02-05 13:37:04,,1480.0,,,,23.052,20
2026-02-05 13:40:08,,1478.0,,,,23.0499999999999,20
2026-02-05 13:51:36,,1485.5,,,,23.051,20
2026-02-05 13:55:12,,1470.0,,,,23.0395,20
2026-02-05 14:06:08,,1474.0,,,,23.0075,20
2026-02-05 14:10:16,,1469.0,,,,23.0024999999999,20
2026-02-05 14:20:40,,1464.0,,,,22.966,20
2026-02-05 14:25:20,,1482.0,,,,22.944,20
2026-02-05 14:35:12,,1473.0,,,,22.923,20
2026-02-05 14:40:24,,1475.5,,,,22.8995,20
2026-02-05 14:49:44,,1474.5,,,,22.871,20
2026-02-05 14:55:28,,1463.0,,,,22.8695,20
2026-02-05 15:04:16,,1470.0,,,,22.846,20
2026-02-05 15:10:32,,1466.0,,,,22.824,20
2026-02-05 15:18:48,,1468.0,,,,22.821,20
2026-02-05 15:25:36,,1471.0,,,,22.846,20
2026-02-05 15:33:20,,1462.0,,,,22.8715,20
2026-02-05 15:40:40,,1464.0,,,,22.903,20
2026-02-05 15:47:52,,1457.0,,,,22.95,20
2026-02-05 15:55:44,,1469.0,,,,22.986,20
2026-02-05 16:02:24,,1468.0,,,,22.968,20
2026-02-05 16:10:48,,1458.0,,,,22.962,20
2026-02-05 16:16:56,,1447.0,,,,22.9615,20
2026-02-05 16:25:52,506.0,1465.0,21.3949259972432,55.517920975487,1157.64433256768,22.942,20
2026-02-05 16:31:28,,1471.0,,,,22.9155,20
2026-02-05 16:40:56,527.0,1463.0,23.8225794801546,69.4846075446865,932.979728224056,22.904,20
2026-02-05 16:46:00,,1452.5,,,,22.87,20
2026-02-05 16:56:00,582.0,1449.0,,69.0763882399382,971.701529473525,22.834,20
2026-02-05 17:00:32,,1452.5,,,,22.793,20
2026-02-05 17:11:04,628.5,1451.0,21.156725600158,60.7749387161646,991.363087875302,22.762,20
2026-02-05 17:15:04,,1455.0,,,,22.726,20
2026-02-05 17:26:08,537.0,1450.0,20.8906514556292,55.1298020545422,1105.85177566865,22.6884999999999,20
2026-02-05 17:29:36,,1454.0,,,,22.658,20
2026-02-05 17:41:12,507.5,1453.0,20.5485572878387,53.3555688497821,1130.90131447554,22.6195,20
2026-02-05 17:44:08,,1453.5,,,,22.571,20
2026-02-05 17:56:16,525.0,1454.0,23.1561084627319,71.0060145156115,866.421431609772,22.55,20
2026-02-05 17:58:40,,1441.0,,,,22.5095,20
2026-02-05 18:11:20,528.5,1458.5,24.2736539762699,69.973808836705,910.578176943205,22.47,20
2026-02-05 18:13:12,,1446.0,,,,22.4395,20
2026-02-05 18:26:24,,1443.0,,,,22.4015,20
2026-02-05 18:27:44,,1453.0,,,,22.366,20
2026-02-05 18:41:28,,1438.0,,,,22.3265,20
2026-02-05 18:42:16,,1450.0,,,,22.2855,20
2026-02-05 18:56:32,,1443.0,,,,22.238,20
2026-02-05 18:56:48,,1445.0,,,,22.205,20
2026-02-05 19:11:20,,1441.0,,,,22.164,20
2026-02-05 19:11:36,,1454.0,,,,22.125,20
2026-02-05 19:25:52,,1432.5,,,,22.082,20
2026-02-05 19:26:40,,1439.0,,,,22.044,20
2026-02-05 19:40:24,,1435.0,,,,21.999,20
2026-02-05 19:41:44,,1444.0,,,,21.966,20
2026-02-05 19:54:56,,1441.0,,,,21.915,20
2026-02-05 19:56:48,,1436.0,,,,21.883,20
2026-02-05 20:09:28,,1441.5,,,,21.851,20
2026-02-05 20:11:52,,1431.0,,,,21.8085,20
2026-02-05 20:24:00,,1437.0,,,,21.764,20
2026-02-05 20:26:56,,1449.0,,,,21.716,20
2026-02-05 20:38:32,,1441.0,,,,21.682,20
2026-02-05 20:42:00,,1441.0,,,,21.661,20
2026-02-05 20:53:04,,1434.5,,,,21.615,20
2026-02-05 20:57:04,,1435.5,,,,21.587,20
2026-02-05 21:07:36,,1423.0,,,,21.552,20
2026-02-05 21:12:08,,1438.5,,,,21.511,20
2026-02-05 21:22:08,,1439.5,,,,21.472,20
2026-02-05 21:27:12,,1431.0,,,,21.443,20
2026-02-05 21:36:40,,1433.0,,,,21.4185,20
2026-02-05 21:42:16,,1446.0,,,,21.385,20
2026-02-05 21:51:12,,1434.0,,,,21.313,20
2026-02-05 21:57:20,,1432.5,,,,21.3224999999999,20
2026-02-05 22:05:44,,1437.0,,,,21.3075,20
2026-02-05 22:12:24,,1439.0,,,,21.28,20
2026-02-05 22:20:16,,1435.5,,,,21.272,20
2026-02-05 22:27:28,,1423.0,,,,21.27,20
2026-02-05 22:34:48,,1430.0,,,,21.2445,20
2026-02-05 22:42:32,,1420.0,,,,21.228,20
2026-02-05 22:49:20,,1413.0,,,,21.232,20
2026-02-05 22:57:36,,1430.5,,,,21.227,20
2026-02-05 23:03:52,,1441.0,,,,21.21,20
2026-02-05 23:12:40,,1426.0,,,,21.213,20
2026-02-05 23:18:24,,1431.0,,,,21.192,20
2026-02-05 23:27:44,,1410.0,,,,21.194,20
2026-02-05 23:32:56,,1433.0,,,,21.194,20
2026-02-05 23:42:48,,1430.0,,,,21.1995,20
2026-02-05 23:47:28,,1426.0,,,,21.22,20
2026-02-05 23:57:52,,1426.5,,,,21.2205,20
2026-02-06 00:02:00,,1422.0,,,,21.2065,20
2026-02-06 00:12:56,,1408.0,,,,21.201,20
2026-02-06 00:16:32,,1423.5,,,,21.238,20
2026-02-06 00:28:00,,1425.5,,,,21.258,20
2026-02-06 00:31:04,,1416.5,,,,21.2565,20
2026-02-06 00:43:04,,1425.0,,,,21.246,20
2026-02-06 00:45:36,,1415.0,,,,21.263,20
2026-02-06 00:58:08,,1410.0,,,,21.295,20
2026-02-06 01:00:08,,1417.0,,,,21.316,20
2026-02-06 01:13:12,,1417.0,,,,21.313,20
2026-02-06 01:14:40,,1412.5,,,,21.305,20
2026-02-06 01:28:16,,1422.0,,,,21.3205,20
2026-02-06 01:29:12,,1411.0,,,,21.357,20
2026-02-06 01:43:20,,1425.5,,,,21.376,20
2026-02-06 01:43:44,,1418.0,,,,21.3745,20
2026-02-06 01:58:16,,1418.0,,,,21.37,20
2026-02-06 01:58:24,,1422.5,,,,21.3855,20
2026-02-06 02:12:48,,1409.0,,,,21.42,20
2026-02-06 02:13:28,,1410.0,,,,21.4384999999999,20
2026-02-06 02:27:20,,1413.0,,,,21.434,20
2026-02-06 02:28:32,,1393.0,,,,21.438,20
2026-02-06 02:41:52,,1415.5,,,,21.449,20
2026-02-06 02:43:36,,1405.0,,,,21.4715,20
2026-02-06 02:56:24,,1411.0,,,,21.508,20
2026-02-06 02:58:40,,1408.0,,,,21.547,20
2026-02-06 03:10:56,,1408.0,,,,21.5395,20
2026-02-06 03:13:44,,1413.0,,,,21.526,20
2026-02-06 03:25:28,,1408.0,,,,21.546,20
2026-02-06 03:28:48,,1399.5,,,,21.65,20
2026-02-06 03:40:00,,1404.5,,,,21.6905,20
2026-02-06 03:43:52,,1408.0,,,,21.739,20
2026-02-06 03:54:32,,1413.0,,,,21.753,20
2026-02-06 03:58:56,,1402.5,,,,21.763,20
2026-02-06 04:09:04,,1410.0,,,,21.7635,20
2026-02-06 04:14:00,,1401.0,,,,21.774,20
2026-02-06 04:23:36,,1411.0,,,,21.771,20
2026-02-06 04:29:04,,1394.0,,,,21.741,20
2026-02-06 04:38:08,,1401.0,,,,21.7265,20
2026-02-06 04:44:08,,1406.0,,,,21.7105,20
2026-02-06 04:52:40,,1386.0,,,,21.7,20
2026-02-06 04:59:12,,1406.0,,,,21.6625,20
2026-02-06 05:07:12,,1391.0,,,,21.621,20
2026-02-06 05:14:16,,1375.0,,,,21.5825,20
2026-02-06 05:21:44,,1370.0,,,,21.563,20
2026-02-06 05:29:20,,1391.0,,,,21.533,20
2026-02-06 05:36:16,,1375.0,,,,21.474,20
2026-02-06 05:44:24,,1372.0,,,,21.443,20
2026-02-06 05:50:48,,1391.0,,,,21.416,20
2026-02-06 05:59:28,,,,,,21.383,20
2026-02-06 06:05:20,,,,,,21.3555,20
2026-02-06 06:14:32,,1414.0,,,,21.31,20
2026-02-06 06:19:52,,1415.0,,,,21.275,20
2026-02-06 06:29:36,,1397.0,,,,21.207,20
2026-02-06 06:34:24,,1378.0,,,,21.142,20
2026-02-06 06:44:40,,,,,,21.252,20
2026-02-06 06:48:56,,,,,,21.252,20
2026-02-06 06:59:44,,,,,,21.2235,20
2026-02-06 07:03:28,,,,,,21.19,20
2026-02-06 07:14:48,,1410.0,,,,21.159,20
2026-02-06 07:18:00,,1410.0,,,,21.135,20
2026-02-06 07:29:52,,1422.0,,,,21.1005,20
2026-02-06 07:32:32,,1402.0,,,,21.0065,20
2026-02-06 07:44:56,,1411.0,,,,20.997,20
2026-02-06 07:47:04,,1390.0,,,,21.1315,20
2026-02-06 08:00:00,,,,,,21.0935,20
2026-02-06 08:01:36,,,,,,21.066,20
2026-02-06 08:15:04,,,,,,21.0454999999999,20
2026-02-06 08:16:08,,1414.0,,,,21.0144999999999,20
2026-02-06 08:30:08,,1437.0,,,,20.8545,20
2026-02-06 08:30:40,,1407.0,,,,20.861,20
2026-02-06 08:45:12,,1417.5,,,,20.987,20
2026-02-06 08:59:44,,,,,,20.9625,20
2026-02-06 09:00:16,,1415.0,,,,20.9395,20
2026-02-06 09:14:16,,1426.0,,,,20.9235,20
2026-02-06 09:15:20,,1421.0,,,,20.8955,20
2026-02-06 09:28:48,,1417.5,,,,20.86,20
2026-02-06 09:30:24,,1422.5,,,,20.886,20
2026-02-06 09:43:20,,1433.0,,,,20.9065,20
2026-02-06 09:45:28,,1432.5,,,,20.908,20
2026-02-06 09:57:52,,1433.5,,,,20.9005,20
2026-02-06 10:00:32,,1417.5,,,,20.8845,20
2026-02-06 10:12:24,,1433.0,,,,20.8624999999999,20
2026-02-06 10:15:36,,1426.5,,,,20.823,20
2026-02-06 10:26:56,,1434.0,,,,20.8025,20
2026-02-06 10:30:40,,1423.0,,,,20.849,20
2026-02-06 10:41:28,,1434.0,,,,20.837,20
2026-02-06 10:45:44,,1431.0,,,,20.825,20
2026-02-06 10:56:00,,1425.0,,,,20.8044999999999,20
2026-02-06 11:00:48,,1452.0,,,,20.767,20
2026-02-06 11:10:32,,1439.0,,,,20.743,20
2026-02-06 11:15:52,,1429.0,,,,20.819,20
2026-02-06 11:25:04,,1438.0,,,,20.8239999999999,20
2026-02-06 11:30:56,,,,,,20.806,20
2026-02-06 11:39:36,,1431.5,,,,20.7935,20
2026-02-06 11:46:00,,,,,,20.7475,20
2026-02-06 11:54:08,,1439.0,,,,20.7185,20
2026-02-06 12:01:04,,1443.0,,,,20.759,20
2026-02-06 12:08:40,,1458.0,,,,20.79,20
2026-02-06 12:16:08,,1433.0,,,,20.783,20
2026-02-06 12:23:12,,1424.5,,,,20.77,20
2026-02-06 12:31:12,,,,,,20.7449999999999,20
2026-02-06 12:37:44,,1434.5,,,,20.696,20
2026-02-06 12:46:16,,1444.0,,,,20.7065,20
2026-02-06 12:52:16,,1452.0,,,,20.7984999999999,20
2026-02-06 13:01:20,,1447.0,,,,20.7615,20
2026-02-06 13:06:48,,1467.0,,,,20.7395,20
2026-02-06 13:16:24,,1469.0,,,,20.7035,20
2026-02-06 13:21:20,,,,,,20.667,20
2026-02-06 13:31:28,,1428.0,,,,20.711,20
2026-02-06 13:35:52,,1446.0,,,,20.7404999999999,20
2026-02-06 13:46:32,,1444.0,,,,20.7335,20
2026-02-06 13:50:24,,1440.5,,,,20.721,20
2026-02-06 14:01:36,,1456.5,,,,20.681,20
2026-02-06 14:04:56,,1440.0,,,,20.645,20
2026-02-06 14:16:40,,1467.0,,,,20.685,20
2026-02-06 14:19:28,,1475.0,,,,20.7275,20
2026-02-06 14:31:44,,,,,,20.6929999999999,20
2026-02-06 14:34:00,,1458.0,,,,20.682,20
2026-02-06 14:46:48,,1459.0,,,,20.645,20
2026-02-06 14:48:32,,1459.0,,,,20.656,20
2026-02-06 15:01:52,,1442.0,,,,20.79,20
2026-02-06 15:03:04,,1450.5,,,,20.6555,20
2026-02-06 15:16:56,,1457.0,,,,20.669,20
2026-02-06 15:17:36,,1468.0,,,,20.642,20
2026-02-06 15:32:00,,1451.5,,,,20.607,20
2026-02-06 15:32:08,,1441.5,,,,20.66,20
2026-02-06 15:46:40,,1443.0,,,,20.68,20
2026-02-06 15:47:04,,1447.0,,,,20.664,20
2026-02-06 16:01:12,,1447.5,,,,20.627,20
2026-02-06 16:02:08,,1463.0,,,,20.596,20
2026-02-06 16:15:44,,1451.0,,,,20.6229999999999,20
2026-02-06 16:17:12,,1463.0,,,,20.651,20
2026-02-06 16:30:16,,1483.0,,,,20.6405,20
2026-02-06 16:32:16,507.0,1456.0,21.4278688097401,60.6254056035297,1004.77047376243,20.612,20
2026-02-06 16:44:48,,1452.5,,,,20.5485,20
2026-02-06 16:47:20,552.0,1453.5,22.0740540932165,64.3804414782069,1036.16433462519,20.682,20
2026-02-06 16:59:20,,1451.5,,,,20.654,20
2026-02-06 17:02:24,556.5,1465.0,,68.9638519683116,979.829502808624,20.631,20
2026-02-06 17:13:52,,1462.0,,,,20.6145,20
2026-02-06 17:17:28,508.0,1467.0,21.856124339305,69.7114035377758,820.379458259767,20.495,20
2026-02-06 17:28:24,,1470.0,,,,20.5619999999999,20
2026-02-06 17:32:32,526.5,1476.0,,70.1037960388311,945.771652431661,20.644,20
2026-02-06 17:42:56,,1452.0,,,,20.616,20
2026-02-06 17:47:36,494.0,1466.0,21.8105112672783,66.9726231229947,868.155802604736,20.558,20
2026-02-06 17:57:28,,1441.0,,,,20.527,20
2026-02-06 18:02:40,506.5,1457.0,23.6274526676425,68.0677304506697,956.181255889123,20.57,20
2026-02-06 18:12:00,,1453.0,,,,20.595,20
2026-02-06 18:17:44,520.5,1442.5,,69.2887737367297,970.698445434001,20.578,20
2026-02-06 18:26:32,,1452.0,,,,20.569,20
2026-02-06 18:32:48,502.0,,21.4760156830598,62.1913939976426,962.378298208367,20.548,20
2026-02-06 18:41:04,,1478.0,,,,20.559,20
2026-02-06 18:47:52,532.5,1443.0,,69.4516238408609,955.053022853886,20.583,20
2026-02-06 18:55:36,,1439.0,,,,20.562,20
2026-02-06 19:02:56,507.0,1461.0,22.6366193316935,66.938881092094,996.392731939505,20.444,20
2026-02-06 19:10:08,,1458.5,,,,20.482,20
2026-02-06 19:18:00,495.5,1448.0,21.0604320327984,62.1535329321126,951.147658545093,20.6105,20
2026-02-06 19:24:40,,1458.0,,,,20.561,20
2026-02-06 19:33:04,495.5,1453.0,20.7563476575596,58.7807658384388,1020.13812654962,20.544,20
2026-02-06 19:39:12,,1476.0,,,,20.447,20
2026-02-06 19:48:08,519.0,1467.0,24.29392704161,67.2567908417221,986.779636067878,20.489,20
2026-02-06 19:53:44,,1459.0,,,,20.535,20
2026-02-06 20:03:12,509.5,1459.0,22.849483396305,67.8940020426874,995.167695643873,20.542,20
2026-02-06 20:08:16,,1466.0,,,,20.54,20
2026-02-06 20:18:16,518.0,1466.0,24.311665978239,68.2394254744761,969.426179631534,20.49,20
2026-02-06 20:22:48,,1445.0,,,,20.4825,20
2026-02-06 20:33:20,519.0,1470.0,,68.1378196828274,995.992312860979,20.537,20
2026-02-06 20:37:20,,1469.0,,,,20.558,20
2026-02-06 20:48:24,501.0,1464.0,21.0376256683521,62.0420592899273,995.342501103152,20.5475,20
2026-02-06 20:51:52,,1462.0,,,,20.465,20
2026-02-06 21:03:28,504.5,1464.0,20.4573324023804,58.7288067290362,987.842461159193,20.463,20
2026-02-06 21:06:24,,1445.5,,,,20.5295,20
2026-02-06 21:18:32,549.0,1446.0,20.5992378208611,80.3356677979253,477.045788573941,20.541,20
2026-02-06 21:20:56,,1465.0,,,,20.525,20
2026-02-06 21:33:36,551.5,1470.0,19.8390328879759,85.3274548143202,339.586747063091,20.42,20
2026-02-06 21:35:28,,1462.0,,,,20.442,20
2026-02-06 21:48:40,538.0,1489.0,19.4310589402593,85.1784369104056,334.512756876956,20.505,20
2026-02-06 21:50:00,,1470.0,,,,20.542,20
2026-02-06 22:03:44,543.5,1465.0,19.1573880326031,85.5496825523035,320.392186057391,20.517,20
2026-02-06 22:04:32,,1465.0,,,,20.47,20
2026-02-06 22:18:48,541.0,,18.9648053100245,86.1107013934288,304.481441995624,20.439,20
2026-02-06 22:19:04,,1457.5,,,,20.485,20
2026-02-06 22:33:36,,1456.5,,,,20.5225,20
2026-02-06 22:33:52,543.5,1468.0,18.7823589078761,86.5219087362133,,20.508,20
2026-02-06 22:48:08,,1468.0,,,,20.449,20
2026-02-06 22:48:56,543.5,1486.0,18.6379224403062,87.0775700520819,,20.472,20
2026-02-06 23:02:40,,1482.5,,,,20.506,20
2026-02-06 23:04:00,545.5,1475.0,18.5112239792069,87.68193858476,,20.517,20
2026-02-06 23:17:12,,,,,,20.511,20
2026-02-06 23:19:04,549.5,1461.5,18.3845257001521,87.8939601832098,,20.3825,20
2026-02-06 23:31:44,,1464.0,,,,20.404,20
2026-02-06 23:34:08,556.5,1476.0,18.2375559240172,88.0084931446704,,20.4705,20
2026-02-06 23:46:16,,1477.0,,,,20.506,20
2026-02-06 23:49:12,554.5,1457.0,18.1387315571337,88.4306939340598,,20.476,20
2026-02-07 00:00:48,,1491.0,,,,20.434,20
2026-02-07 00:04:16,564.0,,18.0627128886553,88.4166301578828,,20.4285,20
2026-02-07 00:15:20,,,,,,20.473,20
2026-02-07 00:19:20,569.0,1505.0,18.5669712809904,87.8069825722904,,20.48,20
2026-02-07 00:29:52,,1495.0,,,,20.451,20
2026-02-07 00:34:24,554.0,1512.0,18.1235278181993,88.1701715463609,,20.4145,20
2026-02-07 00:44:24,,1521.5,,,,20.425,20
2026-02-07 00:49:28,567.5,1514.0,18.7342133923957,87.5986165117844,,20.4645,20
2026-02-07 00:58:56,,,,,,20.46,20
2026-02-07 01:04:32,564.0,1514.5,18.1564692564134,87.5295279395037,,20.429,20
2026-02-07 01:13:28,,1498.0,,,,20.3684999999999,20
2026-02-07 01:19:36,563.0,1496.0,18.3313124831329,87.2318810693503,,20.381,20
2026-02-07 01:28:00,,1491.5,,,,20.412,20
2026-02-07 01:34:40,571.5,1424.0,19.1117763076472,85.3441117442303,320.357222515976,20.448,20
2026-02-07 01:42:32,,1431.5,,,,20.4885,20
2026-02-07 01:49:44,575.0,1431.0,18.8254368318303,84.9111138978898,327.856664004948,20.544,20
2026-02-07 01:57:04,,1427.0,,,,20.6139999999999,20
2026-02-07 02:04:48,583.0,1428.0,18.5036220834736,86.0141043629367,,20.682,20
2026-02-07 02:11:36,,1416.5,,,,20.7584999999999,20
2026-02-07 02:19:52,590.5,1435.0,18.7848928976163,85.5897679032569,,20.8684999999999,20
2026-02-07 02:26:08,,1432.0,,,,20.8855,20
2026-02-07 02:34:56,588.5,1433.5,18.9673392904514,85.00229991233,331.00889408064,20.929,20
2026-02-07 02:40:40,,1432.0,,,,20.967,20
2026-02-07 02:50:00,592.5,1422.0,19.3423692084033,82.8260838918034,379.035184977937,20.977,20
2026-02-07 02:55:12,,1421.0,,,,20.967,20
2026-02-07 03:05:04,584.0,1429.5,19.2967574029753,82.6670802406461,382.755726243804,21.0045,20
2026-02-07 03:09:44,,1409.0,,,,21.03,20
2026-02-07 03:20:08,584.0,1435.0,18.7646210926177,85.5663724897716,,21.042,20
2026-02-07 03:24:16,,1420.0,,,,21.048,20
2026-02-07 03:35:12,584.5,1428.0,18.7874268688756,85.9408488129161,,21.0615,20
2026-02-07 03:38:48,,1430.0,,,,21.087,20
2026-02-07 03:50:16,589.0,1423.5,18.7291454567166,86.0593974726215,,21.089,20
2026-02-07 03:53:20,,1420.0,,,,21.063,20
2026-02-07 04:05:20,594.5,1409.0,19.0180189359525,85.5870966964127,316.675653626557,21.0925,20
2026-02-07 04:07:52,,1436.0,,,,21.106,20
2026-02-07 04:20:24,594.0,1419.5,19.1599220256903,83.3837116537825,364.635698549623,21.1095,20
2026-02-07 04:22:24,,1420.0,,,,21.118,20
2026-02-07 04:35:28,588.5,1419.0,19.1649899907642,83.7139967230927,348.35115378169,21.132,20
2026-02-07 04:36:56,,1433.5,,,,21.137,20
2026-02-07 04:50:32,584.5,1427.0,19.1320481871516,84.17458510627,346.554506379517,21.145,20
2026-02-07 04:51:28,,1422.0,,,,21.154,20
2026-02-07 05:05:36,579.5,1416.0,20.7056671243917,75.7611408490923,592.008899613747,21.167,20
2026-02-07 05:06:00,,1439.0,,,,21.1835,20
2026-02-07 05:20:32,,1448.0,,,,21.189,20
2026-02-07 05:20:40,562.0,1454.0,23.0775513743283,74.7635588311997,718.081434624051,21.186,20
2026-02-07 05:35:04,,1441.5,,,,21.196,20
2026-02-07 05:35:44,553.0,1423.0,22.6518238482822,70.0944302075954,822.341388780965,21.195,20
2026-02-07 05:49:36,,1443.0,,,,21.212,20
2026-02-07 05:50:48,552.0,1438.5,23.1028923631238,67.2529185434037,925.548707838103,21.223,20
2026-02-07 06:04:08,,1442.0,,,,21.224,20
2026-02-07 06:05:52,553.0,1446.0,23.5539631824067,64.4912424882449,1031.45030958896,21.234,20
2026-02-07 06:18:40,,1437.5,,,,21.2445,20
2026-02-07 06:20:56,555.5,1435.0,23.883398378879,62.4376343103464,1113.92072555167,21.2705,20
2026-02-07 06:33:12,,1433.0,,,,21.265,20
2026-02-07 06:36:00,560.0,1433.0,24.1064013662398,61.1658008625853,1166.2160179412,21.279,20
2026-02-07 06:47:44,,1436.0,,,,21.2479999999999,20
2026-02-07 06:51:04,560.0,1438.0,24.0658553270914,62.1574650990718,1132.89902890416,21.29,20
2026-02-07 07:02:16,,1440.0,,,,21.2825,20
2026-02-07 07:06:08,567.0,1436.0,24.1824252406659,60.879006569298,1179.55535274413,21.2905,20
2026-02-07 07:16:48,,1445.0,,,,21.2995,20
2026-02-07 07:21:12,565.5,1437.0,24.25844918043,61.2385146038664,1172.81397222845,21.307,20
2026-02-07 07:31:20,,1438.0,,,,21.3215,20
2026-02-07 07:36:16,565.0,1433.5,24.2356419945281,62.9675620200629,1117.10936071779,21.307,20
2026-02-07 07:45:52,,1452.5,,,,21.263,20
2026-02-07 07:51:20,564.0,1452.0,24.4206338044314,61.7663630920728,1168.48723256669,21.3305,20
2026-02-07 08:00:24,,1435.0,,,,21.3155,20
2026-02-07 08:06:24,559.5,1442.5,24.4409069033863,62.5396407078443,1147.97977841357,21.332,20
2026-02-07 08:14:56,,1420.0,,,,21.3855,20
2026-02-07 08:21:28,557.5,1445.0,,63.0977688085978,1137.92287947065,21.3775,20
2026-02-07 08:29:28,,1440.0,,,,21.412,20
2026-02-07 08:36:32,555.0,1444.0,,63.4609532411812,1135.1134800397,21.3879999999999,20
2026-02-07 08:44:00,,1434.0,,,,21.391,20
2026-02-07 08:51:36,555.0,1445.5,,63.9573477457362,1125.12590221759,21.4105,20
2026-02-07 08:58:32,,1451.0,,,,21.434,20
2026-02-07 09:06:40,550.0,1446.5,,62.4332888155302,1186.42592050499,21.432,20
2026-02-07 09:13:04,,1446.0,,,,21.461,20
2026-02-07 09:21:44,,1453.0,,,,21.4795,20
2026-02-07 09:27:36,,1432.0,,,,21.501,20
2026-02-07 09:36:48,,1442.0,,,,21.4915,20
2026-02-07 09:42:08,,1439.0,,,,21.49,20
2026-02-07 09:51:52,,1425.5,,,,21.5545,20
2026-02-07 09:56:40,,1449.0,,,,21.549,20
2026-02-07 10:06:56,,1428.5,,,,21.579,20
2026-02-07 10:11:12,,1437.0,,,,21.5695,20
2026-02-07 10:22:00,,1447.0,,,,21.618,20
2026-02-07 10:25:44,,1438.0,,,,21.5815,20
2026-02-07 10:37:04,,1442.0,,,,21.553,20
2026-02-07 10:40:16,,1439.0,,,,21.592,20
2026-02-07 10:52:08,,1432.0,,,,21.623,20
2026-02-07 10:54:48,,1439.0,,,,21.6035,20
2026-02-07 11:07:12,,1437.0,,,,21.614,20
2026-02-07 11:09:20,,1436.0,,,,21.665,20
2026-02-07 11:22:16,,1432.0,,,,21.6895,20
2026-02-07 11:23:52,,1440.5,,,,21.703,20
2026-02-07 11:37:20,,1444.0,,,,21.74,20
2026-02-07 11:38:24,,1447.0,,,,21.725,20
2026-02-07 11:52:24,,1453.0,,,,21.745,20
2026-02-07 11:52:56,,1442.0,,,,21.776,20
2026-02-07 12:07:28,,1435.5,,,,21.788,20
2026-02-07 12:22:00,,1445.5,,,,21.804,20
2026-02-07 12:22:32,,1438.5,,,,21.832,20
2026-02-07 12:36:32,,1443.0,,,,21.851,20
2026-02-07 12:37:36,,1435.0,,,,21.8849999999999,20
2026-02-07 12:51:04,,1453.0,,,,21.916,20
2026-02-07 12:52:40,,1452.0,,,,21.935,20
2026-02-07 13:05:36,,1451.0,,,,21.965,20
2026-02-07 13:07:44,,1439.0,,,,22.003,20
2026-02-07 13:20:08,,1446.0,,,,22.008,20
2026-02-07 13:22:48,,1447.0,,,,22.022,20
2026-02-07 13:34:40,,1460.0,,,,22.027,20
2026-02-07 13:37:52,,1457.5,,,,22.075,20
2026-02-07 13:49:12,,1444.0,,,,22.089,20
2026-02-07 13:52:56,,1458.0,,,,22.134,20
2026-02-07 14:03:44,,1451.0,,,,22.163,20
2026-02-07 14:08:00,,1457.0,,,,22.172,20
2026-02-07 14:18:16,,1452.0,,,,22.2155,20
2026-02-07 14:23:04,,1451.5,,,,22.305,20
2026-02-07 14:32:48,,1450.0,,,,22.2815,20
2026-02-07 14:38:08,,1450.0,,,,22.316,20
2026-02-07 14:47:20,,1445.0,,,,22.3295,20
2026-02-07 14:53:12,,1456.0,,,,22.369,20
2026-02-07 15:01:52,,1460.0,,,,22.391,20
2026-02-07 15:08:16,,1466.0,,,,22.413,20
2026-02-07 15:16:24,,1457.0,,,,22.4294999999999,20
2026-02-07 15:23:20,,1456.0,,,,22.47,20
2026-02-07 15:30:56,,1463.5,,,,22.497,20
2026-02-07 15:38:24,,1459.5,,,,22.548,20
2026-02-07 15:45:28,,1456.0,,,,22.564,20
2026-02-07 15:53:28,,1452.0,,,,22.601,20
2026-02-07 16:00:00,,1460.0,,,,22.623,20
2026-02-07 16:08:32,,1446.0,,,,22.6655,20
2026-02-07 16:14:32,,1458.0,,,,22.687,20
2026-02-07 16:23:36,,1454.0,,,,22.738,20
2026-02-07 16:29:04,,1443.0,,,,22.76,20
2026-02-07 16:38:40,,1450.0,,,,22.799,20
2026-02-07 16:43:36,,1449.0,,,,22.9,20
2026-02-07 16:53:44,,1451.5,,,,22.882,20
2026-02-07 16:58:08,,1445.0,,,,22.903,20
2026-02-07 17:08:48,,1443.0,,,,22.93,20
2026-02-07 17:12:40,,1444.5,,,,22.966,20
2026-02-07 17:23:52,,1444.0,,,,22.9885,20
2026-02-07 17:27:12,,1439.0,,,,23.029,20
2026-02-07 17:38:56,,1444.0,,,,23.062,20
2026-02-07 17:41:44,,1432.5,,,,23.098,20
2026-02-07 17:54:00,,1438.0,,,,23.115,20
2026-02-07 17:56:16,,1438.5,,,,23.146,20
2026-02-07 18:09:04,,1429.0,,,,23.1835,20
2026-02-07 18:10:48,,1431.0,,,,23.228,20
2026-02-07 18:24:08,,1441.0,,,,23.2435,20
2026-02-07 18:25:20,,1432.5,,,,23.2865,20
2026-02-07 18:39:12,,1434.0,,,,23.309,20
2026-02-07 18:39:52,,1438.0,,,,23.345,20
2026-02-07 18:54:16,,1424.0,,,,23.375,20
2026-02-07 18:54:24,,1433.0,,,,23.3885,20
2026-02-07 19:08:56,,1425.0,,,,23.425,20
2026-02-07 19:09:20,,1441.5,,,,23.4625,20
2026-02-07 19:23:28,,1422.0,,,,23.474,20
2026-02-07 19:24:24,,1427.0,,,,23.5235,20
2026-02-07 19:38:00,,1422.0,,,,23.561,20
2026-02-07 19:39:28,,1428.0,,,,23.583,20
2026-02-07 19:52:32,,1420.0,,,,23.616,20
2026-02-07 19:54:32,,1426.0,,,,23.657,20
2026-02-07 20:07:04,,1423.5,,,,23.68,20
2026-02-07 20:09:36,,1427.0,,,,23.6995,20
2026-02-07 20:21:36,,1411.0,,,,23.734,20
2026-02-07 20:24:40,,1415.5,,,,23.765,20
2026-02-07 20:36:08,,1402.0,,,,23.787,20
2026-02-07 20:39:44,,1413.5,,,,23.761,20
2026-02-07 20:50:40,,1424.0,,,,23.713,20
2026-02-07 20:54:48,,1418.0,,,,23.541,20
2026-02-07 21:05:12,,1412.0,,,,23.52,20
2026-02-07 21:09:52,,1419.0,,,,23.462,20
2026-02-07 21:19:44,,1416.0,,,,23.38,20
2026-02-07 21:24:56,,1409.0,,,,23.197,20
2026-02-07 21:34:16,,1417.5,,,,23.176,20
2026-02-07 21:40:00,,1414.0,,,,23.0835,20
2026-02-07 21:48:48,,1414.5,,,,23.005,20
2026-02-07 21:55:04,,1592.5,,,,22.8235,20
2026-02-07 22:03:20,,1413.0,,,,22.792,20
2026-02-07 22:10:08,,1421.0,,,,22.655,20
2026-02-07 22:17:52,,1416.5,,,,22.608,20
2026-02-07 22:25:12,,1412.0,,,,22.4565,20
2026-02-07 22:32:24,,1401.0,,,,22.3819999999999,20
2026-02-07 22:40:16,,1412.0,,,,22.321,20
2026-02-07 22:46:56,,1409.0,,,,22.2705,20
2026-02-07 22:55:20,,1407.0,,,,22.1869999999999,20
2026-02-07 23:01:28,,1402.5,,,,22.113,20
2026-02-07 23:10:24,,1436.0,,,,22.025,20
2026-02-07 23:16:00,,1452.5,,,,21.86,20
2026-02-07 23:25:28,,1467.0,,,,21.847,20
2026-02-07 23:30:32,,1454.0,,,,21.792,20
2026-02-07 23:40:32,,1459.0,,,,21.728,20
2026-02-07 23:45:04,,1462.0,,,,21.652,20
2026-02-07 23:55:36,,1453.0,,,,21.584,20
2026-02-07 23:59:36,,1453.0,,,,21.532,20
2026-02-08 00:10:40,,1455.0,,,,21.446,20
2026-02-08 00:14:08,,1439.0,,,,21.4065,20
2026-02-08 00:25:44,,1442.0,,,,21.264,20
2026-02-08 00:28:40,,,,,,21.275,20
2026-02-08 00:40:48,,,,,,21.2525,20
2026-02-08 00:43:12,,,,,,21.1755,20
2026-02-08 00:55:52,,,,,,21.139,20
2026-02-08 00:57:44,,,,,,21.118,20
2026-02-08 01:10:56,,,,,,21.066,20
2026-02-08 01:12:16,,,,,,21.037,20
2026-02-08 01:26:00,,,,,,20.9825,20
2026-02-08 01:26:48,,,,,,20.945,20
2026-02-08 01:41:04,,,,,,20.9085,20
2026-02-08 01:41:20,,,,,,20.87,20
2026-02-08 01:55:52,,,,,,20.845,20
2026-02-08 01:56:08,,,,,,20.821,20
2026-02-08 02:10:24,,,,,,20.7915,20
2026-02-08 02:11:12,,,,,,20.764,20
2026-02-08 02:24:56,,,,,,20.7745,20
2026-02-08 02:26:16,,,,,,20.792,20
2026-02-08 02:39:28,,,,,,20.457,20
2026-02-08 02:41:20,,,,,,20.432,20
2026-02-08 02:54:00,,,,,,20.469,20
2026-02-08 02:56:24,,,,,,20.5,20
2026-02-08 03:08:32,,,,,,20.5475,20
2026-02-08 03:11:28,,,,,,20.694,20
2026-02-08 03:23:04,,,,,,23.5695,20
2026-02-08 03:26:32,,,,,,23.517,20
2026-02-08 03:37:36,,,,,,23.454,20
2026-02-08 03:41:36,,1415.0,,,,23.551,20
2026-02-08 03:52:08,,1402.0,,,,23.461,20
2026-02-08 03:56:40,,1408.0,,,,23.4135,20
2026-02-08 04:06:40,,1416.5,,,,23.384,20
2026-02-08 04:11:44,,1422.0,,,,23.4505,20
2026-02-08 04:21:12,,1424.5,,,,23.417,20
2026-02-08 04:26:48,565.0,1421.0,,68.5675012800032,564.550477202984,23.4505,20
2026-02-08 04:35:44,,1401.0,,,,23.41,20
2026-02-08 04:41:52,612.0,1425.5,19.6819247426465,63.9366727596661,819.620608750057,23.4085,20
2026-02-08 04:50:16,,1435.0,,,,23.398,20
2026-02-08 04:56:56,606.0,1418.0,20.1127059088612,72.8213036013945,639.82642132575,23.377,20
2026-02-08 05:04:48,,1415.5,,,,23.237,20
2026-02-08 05:12:00,582.5,1422.0,20.2115325212507,68.1793390394379,753.704650189779,23.347,20
2026-02-08 05:19:20,,1396.0,,,,23.281,20
2026-02-08 05:27:04,571.5,1401.0,22.5453922932792,69.6479021976209,832.135252319498,23.26,20
2026-02-08 05:33:52,,1457.0,,,,23.309,20
2026-02-08 05:42:08,,1460.0,,,,23.318,20
2026-02-08 05:48:24,,1437.0,,,,23.339,20
2026-02-08 05:57:12,,1438.0,,,,23.294,20
2026-02-08 06:02:56,,1439.0,,,,23.3125,20
2026-02-08 06:12:16,,1423.0,,,,23.305,20
2026-02-08 06:17:28,,1401.0,,,,23.243,20
2026-02-08 06:27:20,,1424.0,,,,23.254,20
2026-02-08 06:32:00,,1436.0,,,,23.2845,20
2026-02-08 06:42:24,,1440.0,,,,23.134,20
2026-02-08 06:46:32,,1434.0,,,,23.209,20
2026-02-08 06:57:28,,1443.0,,,,23.198,20
2026-02-08 07:01:04,,1417.0,,,,23.2405,20
2026-02-08 07:12:32,,1427.5,,,,23.205,20
2026-02-08 07:15:36,,1458.0,,,,23.207,20
2026-02-08 07:27:36,,1439.0,,,,23.1265,20
2026-02-08 07:30:08,,1440.0,,,,23.383,20
2026-02-08 07:42:40,,1445.0,,,,23.8885,20
2026-02-08 07:44:40,,1424.0,,,,23.778,20
2026-02-08 07:57:44,,1417.0,,,,23.4485,20
2026-02-08 07:59:12,,1450.0,,,,23.561,20
2026-02-08 08:12:48,,1453.0,,,,22.9595,20
2026-02-08 08:13:44,,1442.0,,,,22.954,20
2026-02-08 08:27:52,,1435.0,,,,23.0175,20
2026-02-08 08:28:16,,1425.5,,,,22.902,20
2026-02-08 08:42:48,,1406.0,,,,22.9,20
2026-02-08 08:42:56,,1426.5,,,,22.902,20
2026-02-08 08:57:20,,1455.0,,,,22.89,20
2026-02-08 08:58:00,,1440.5,,,,22.823,20
2026-02-08 09:11:52,,1426.5,,,,22.797,20
2026-02-08 09:13:04,,1433.5,,,,22.917,20
2026-02-08 09:26:24,,1428.0,,,,22.773,20
2026-02-08 09:28:08,,1409.0,,,,22.688,20
2026-02-08 09:40:56,,1452.0,,,,22.719,20
2026-02-08 09:43:12,,1468.5,,,,22.713,20
2026-02-08 09:55:28,,1463.0,,,,22.682,20
2026-02-08 09:58:16,,1456.0,,,,22.6315,20
2026-02-08 10:10:00,,1455.0,,,,22.645,20
2026-02-08 10:13:20,,1444.5,,,,22.6345,20
2026-02-08 10:24:32,,1481.0,,,,22.502,20
2026-02-08 10:28:24,,1485.0,,,,22.5865,20
2026-02-08 10:39:04,,1470.0,,,,22.53,20
2026-02-08 10:43:28,,1462.0,,,,22.6135,20
2026-02-08 10:53:36,,1466.5,,,,22.545,20
2026-02-08 10:58:32,,1469.0,,,,22.501,20
2026-02-08 11:08:08,,1434.5,,,,22.4355,20
2026-02-08 11:13:36,,1457.0,,,,22.492,20
2026-02-08 11:22:40,,1449.0,,,,22.492,20
2026-02-08 11:28:40,,1455.0,,,,22.427,20
2026-02-08 11:37:12,,1467.0,,,,22.4585,20
2026-02-08 11:43:44,,1452.5,,,,22.45,20
2026-02-08 11:51:44,,1437.0,,,,22.36,20
2026-02-08 11:58:48,,1444.0,,,,22.357,20
2026-02-08 12:06:16,,1461.0,,,,22.3725,20
2026-02-08 12:13:52,,1461.5,,,,22.346,20
2026-02-08 12:20:48,,1462.5,,,,22.345,20
2026-02-08 12:28:56,,1431.5,,,,22.394,20
2026-02-08 12:35:20,,1444.0,,,,22.3155,20
2026-02-08 12:44:00,,1423.0,,,,22.294,20
2026-02-08 12:49:52,,1453.5,,,,22.332,20
2026-02-08 12:59:04,,1465.0,,,,22.1965,20
2026-02-08 13:04:24,,1456.0,,,,22.34,20
2026-02-08 13:14:08,,1429.0,,,,22.2815,20
2026-02-08 13:18:56,,,,,,22.234,20
2026-02-08 13:29:12,,1450.0,,,,22.3045,20
2026-02-08 13:33:28,,,,,,22.266,20
2026-02-08 13:44:16,526.0,1453.0,,69.7073667767914,1130.48484107819,22.228,20
2026-02-08 13:48:00,,1434.0,,,,22.184,20
2026-02-08 13:59:20,505.0,1453.0,23.6882712316728,64.4866861051116,1013.93551935261,22.1855,20
2026-02-08 14:02:32,,1440.5,,,,22.149,20
2026-02-08 14:14:24,532.0,1440.0,22.8672214563266,59.7193175052747,1152.36777216573,22.1405,20
2026-02-08 14:17:04,,1452.5,,,,22.163,20
2026-02-08 14:29:28,605.0,1439.0,21.106044746848,100.0,,22.088,20
2026-02-08 14:31:36,,1455.5,,,,22.074,20
2026-02-08 14:44:32,588.5,1458.0,23.5894407566229,80.168719785698,577.196149608274,22.083,20
2026-02-08 14:46:08,,1464.0,,,,22.047,20
2026-02-08 14:59:36,573.0,1465.0,22.7785282560216,65.8921049907581,1000.08763376497,22.122,20
2026-02-08 15:00:40,,1452.5,,,,22.08,20
2026-02-08 15:14:40,560.0,1462.0,,69.8250930168649,949.494067999129,22.03,20
2026-02-08 15:15:12,,1462.0,,,,21.9615,20
2026-02-08 15:29:44,,1468.0,,,,22.053,20
2026-02-08 15:44:16,,,,,,21.9855,20
2026-02-08 15:44:48,586.5,1482.0,23.4703376513352,76.3455171851752,721.140949422233,21.922,20
2026-02-08 15:58:48,,1459.0,,,,21.945,20
2026-02-08 15:59:52,577.0,1472.0,21.8662605973077,63.1918272640257,974.562387172738,21.903,20
2026-02-08 16:13:20,,1489.0,,,,21.8745,20
2026-02-08 16:14:56,578.0,1485.0,21.972691346571,62.4526319033195,979.828143032988,21.858,20
2026-02-08 16:27:52,,1489.0,,,,21.911,20
2026-02-08 16:30:00,594.0,1482.0,22.1754169286286,60.09107835735,1061.64029503033,21.92,20
2026-02-08 16:42:24,,1473.0,,,,21.925,20
2026-02-08 16:45:04,516.0,1489.0,22.1348717598302,62.8404051730895,1007.84252169569,21.8425,20
2026-02-08 16:56:56,,1476.0,,,,21.844,20
2026-02-08 17:00:08,488.0,1500.0,22.1095310476666,65.2430285266018,964.741764334283,21.8195,20
2026-02-08 17:11:28,,1500.0,,,,21.81,20
2026-02-08 17:15:12,463.0,1487.0,22.1272695489024,64.8331889292965,927.447712326625,21.797,20
2026-02-08 17:26:00,,1484.5,,,,21.772,20
2026-02-08 17:30:16,454.0,1503.0,22.025906761657,65.6085753219991,935.197854557072,21.7445,20
2026-02-08 17:40:32,,1503.5,,,,21.887,20
2026-02-08 17:45:20,459.0,1499.5,21.9372144074004,63.8986862970251,935.867471940075,21.779,20
2026-02-08 17:55:04,,1491.5,,,,21.777,20
2026-02-08 18:00:24,464.0,1486.0,21.9296122290688,64.0021478985678,981.494498783643,21.779,20
2026-02-08 18:09:36,,1500.5,,,,22.425,20
2026-02-08 18:15:28,472.5,1487.0,21.8611924781289,63.5962346637923,933.235261025449,22.4065,20
2026-02-08 18:24:08,,1499.0,,,,22.553,20
2026-02-08 18:30:32,473.0,1513.0,21.7294212579727,62.3460459479067,979.356108624557,22.486,20
2026-02-08 18:38:40,,1506.5,,,,22.2035,20
2026-02-08 18:45:36,474.0,1498.5,21.6533994977944,61.5283233290661,1027.72759829928,22.065,20
2026-02-08 18:53:12,,1496.0,,,,22.0365,20
2026-02-08 19:00:40,476.0,1509.0,21.3645174000412,61.6637843537649,996.250178347048,22.001,20
2026-02-08 19:07:44,,1500.0,,,,21.9595,20
2026-02-08 19:15:44,478.5,1521.0,21.2530193000857,60.6025620110016,993.456853956775,21.924,20
2026-02-08 19:22:16,,1517.5,,,,21.996,20
2026-02-08 19:30:48,481.0,1523.0,21.156725599576,61.0252027844382,986.42800635585,25.201,20
2026-02-08 19:36:48,,1520.0,,,,25.4695,20
2026-02-08 19:45:52,494.0,1503.0,21.1313851708837,61.2097404946842,1002.96752945535,25.643,20
2026-02-08 19:51:20,,1515.0,,,,25.675,20
2026-02-08 20:00:56,494.0,1526.0,20.9692065898561,58.9270951232125,1036.425711856,22.659,20
2026-02-08 20:05:52,,1528.0,,,,22.6375,20
2026-02-08 20:16:00,491.0,1525.0,20.8754472353175,57.3567187606003,1063.4536217734,22.52,20
2026-02-08 20:20:24,,1528.0,,,,22.541,20
2026-02-08 20:31:04,498.0,1526.0,20.9286620091006,55.9782468872015,1082.05380597533,22.6365,20
2026-02-08 20:34:56,,1524.5,,,,21.082,20
2026-02-08 20:46:08,509.0,1537.5,23.8935348660743,69.9265359869828,894.148989767441,21.133,20
2026-02-08 20:49:28,,1534.0,,,,21.064,20
2026-02-08 21:01:12,518.0,1526.0,24.2103006778779,69.6770845993886,926.478431491508,21.1225,20
2026-02-08 21:04:00,,1517.0,,,,21.07,20
2026-02-08 21:16:16,529.0,1543.0,22.1348717598302,81.6382026844489,489.978824944346,21.033,20
2026-02-08 21:18:32,,1518.0,,,,20.991,20
2026-02-08 21:31:20,533.0,1539.0,20.9438662160246,82.2190921670891,440.591374443174,21.0405,20
2026-02-08 21:33:04,,1542.0,,,,21.014,20
2026-02-08 21:46:24,529.0,1540.0,20.3965158647042,80.0393546751142,477.902162645063,20.9415,20
2026-02-08 21:47:36,,1532.0,,,,21.048,20
2026-02-08 22:01:28,530.0,1545.0,20.1633861917362,80.8144222850788,453.074426662075,22.0435,20
2026-02-08 22:02:08,,1523.0,,,,24.028,20
2026-02-08 22:16:32,533.0,1525.0,19.9936073600692,81.7067207413141,427.488778932533,24.027,20
2026-02-08 22:16:40,,1545.0,,,,23.926,20
2026-02-08 22:31:12,,1534.0,,,,23.95,20
2026-02-08 22:31:36,538.0,1547.0,19.8542369218776,82.4733475070163,406.053381423882,24.047,20
2026-02-08 22:45:44,,1549.0,,,,,20
2026-02-08 22:46:40,545.5,1553.5,19.7224687100388,83.137337423556,387.61334046379,,20
2026-02-08 23:00:16,,1537.0,,,,22.313,20
2026-02-08 23:01:44,549.5,1539.0,19.6109726844588,83.5905249555234,374.595214016729,22.261,20
2026-02-08 23:14:48,,1536.0,,,,22.153,20
2026-02-08 23:16:48,553.5,1542.0,19.4817388311057,84.0701342830984,360.597164279846,22.12,20
2026-02-08 23:29:20,,1530.0,,,,22.147,20
2026-02-08 23:31:52,553.0,1538.0,19.3753110939433,84.4186899528045,350.307471576199,21.961,20
2026-02-08 23:43:52,,1542.0,,,,21.777,20
2026-02-08 23:46:56,552.0,1557.0,19.2764854528941,84.6388071575576,343.113863700236,21.5955,20
2026-02-08 23:58:24,,1554.0,,,,21.426,20
2026-02-09 00:02:00,552.0,1558.0,19.1801939091237,84.9899698292847,333.183501939903,21.291,24
2026-02-09 00:12:56,,,,,,21.3105,24
2026-02-09 00:17:04,551.0,1559.0,19.088970438257,85.2433190270236,325.879499404241,21.409,24
2026-02-09 00:27:28,,1564.0,,,,21.423,24
2026-02-09 00:32:08,552.0,1561.0,19.0129509512335,85.5721997624469,317.172795024049,21.39,24
2026-02-09 00:42:00,,1560.0,,,,21.3035,24
2026-02-09 00:47:12,552.5,1565.5,18.9293295911775,85.9738140421257,306.838654920863,21.479,24
2026-02-09 00:56:32,,1552.0,,,,21.409,24
2026-02-09 01:02:16,554.5,1546.5,18.8583781962661,86.2211025942528,300.078555753095,21.295,24
2026-02-09 01:11:04,,1562.5,,,,21.3615,24
2026-02-09 01:17:20,555.0,1558.0,18.7823589078761,86.4268347949367,,21.359,24
2026-02-09 01:25:36,,1551.5,,,,21.3235,24
2026-02-09 01:32:24,554.5,1558.5,18.7190095508703,86.5531178687582,,21.224,24
2026-02-09 01:40:08,,1540.0,,,,21.2835,24
2026-02-09 01:47:28,554.0,1565.0,18.6379224403062,86.6444940717186,,21.248,24
2026-02-09 01:54:40,,1539.0,,,,21.198,24
2026-02-09 02:02:32,555.5,1560.0,18.5669712798262,86.8218287835602,,21.212,24
2026-02-09 02:09:12,,1556.0,,,,21.221,24
2026-02-09 02:17:36,558.0,1558.0,18.5086900118767,86.945793537623,,21.23,24
2026-02-09 02:23:44,,1538.0,,,,21.264,24
2026-02-09 02:32:40,557.5,,18.430137059564,86.9799501155288,,21.2895,24
2026-02-09 02:38:16,,1545.0,,,,21.151,24
2026-02-09 02:47:44,556.0,1566.0,18.3642539923603,86.9496293016561,,21.1825,24
2026-02-09 02:52:48,,1557.0,,,,21.207,24
2026-02-09 03:02:48,562.0,,18.2654294834501,86.9236039730358,,21.2585,24
2026-02-09 03:07:20,,1518.0,,,,21.128,24
2026-02-09 03:17:52,563.0,1533.0,18.1919446639949,86.8292248470767,,21.147,24
2026-02-09 03:21:52,,,,,,21.076,24
2026-02-09 03:32:56,561.0,1523.5,18.115925949678,86.8060140173112,,21.0955,24
2026-02-09 03:36:24,,1541.0,,,,21.072,24
2026-02-09 03:48:00,563.0,1533.5,18.0475091628177,86.789709029224,,21.071,24
2026-02-09 03:50:56,,1523.0,,,,21.051,24
2026-02-09 04:03:04,592.0,1541.0,19.4082530106243,85.7118836637286,307.155801873654,21.042,24
2026-02-09 04:05:28,,1547.0,,,,21.072,24
2026-02-09 04:18:08,561.0,1530.5,18.2578276027052,85.6222914979816,301.252694743702,21.115,24
2026-02-09 04:20:00,,1517.0,,,,20.994,24
2026-02-09 04:33:12,562.0,1526.5,18.0956543035863,85.972951687048,,20.923,24
2026-02-09 04:34:32,,1542.0,,,,20.927,24
2026-02-09 04:48:16,577.0,1531.5,18.8229025231121,85.7841369740094,304.343474713573,20.988,24
2026-02-09 04:49:04,,1536.0,,,,20.961,24
2026-02-09 05:03:20,555.0,1551.0,18.1615371705556,85.7832079301614,,20.944,24
2026-02-09 05:03:36,,1542.0,,,,21.033,24
2026-02-09 05:18:08,,1540.5,,,,21.181,24
2026-02-09 05:18:24,561.0,1540.0,22.9913920645194,73.8714424895072,716.045566605196,21.289,24
2026-02-09 05:32:40,,1553.0,,,,21.545,24
2026-02-09 05:33:28,555.5,1542.5,23.2701430694723,69.5669101903419,869.453232730538,21.666,24
2026-02-09 05:47:12,,1533.0,,,,21.65,24
2026-02-09 05:48:32,541.0,1547.0,23.7617606239218,68.1502313908019,947.719131535991,21.727,24
2026-02-09 06:01:44,,1547.0,,,,21.7625,24
2026-02-09 06:03:36,512.0,1525.5,20.8906514503905,66.292349503161,853.517557992801,21.95,24
2026-02-09 06:16:16,,1541.0,,,,21.9035,24
2026-02-09 06:18:40,515.0,1540.5,20.9641385140421,64.800644311546,853.824128237641,21.961,24
2026-02-09 06:30:48,,1546.0,,,,22.0435,24
2026-02-09 06:33:44,517.0,1525.0,21.3619833667908,67.0852631217798,832.326158044026,22.165,24
2026-02-09 06:45:20,,1549.5,,,,21.2215,24
2026-02-09 06:48:48,516.0,1542.0,20.9413321773899,61.2179620028904,953.648803700599,21.215,24
2026-02-09 06:59:52,,1508.0,,,,21.1015,24
2026-02-09 07:03:52,519.0,1515.5,21.0933745382499,65.7082774906685,858.431057637679,21.079,24
2026-02-09 07:14:24,,1531.0,,,,21.1965,24
2026-02-09 07:18:56,516.0,1519.5,21.4608113307622,68.1073077543548,822.771788078885,21.21,24
2026-02-09 07:28:56,,1522.5,,,,21.386,24
2026-02-09 07:34:00,520.0,1519.0,21.4101303003553,64.8445018850615,880.012470599481,21.4245,24
2026-02-09 07:43:28,,1529.0,,,,21.414,24
2026-02-09 07:49:04,518.0,1533.0,21.1440553854481,61.9137508500373,933.35768164301,21.49,24
2026-02-09 07:58:00,,1516.0,,,,21.497,24
2026-02-09 08:04:08,521.5,1529.0,21.1263170844467,63.6556559456827,926.780463474793,21.5995,24
2026-02-09 08:12:32,,1527.0,,,,21.682,24
2026-02-09 08:19:12,521.0,1547.0,21.3290407165477,66.2199603947881,853.323099957307,21.6035,24
2026-02-09 08:27:04,,1536.0,,,,21.747,24
2026-02-09 08:34:16,521.5,1535.0,21.6128545843821,66.9255074964337,841.064177157023,21.7015,24
2026-02-09 08:41:36,,1513.0,,,,21.887,24
2026-02-09 08:49:20,524.5,1516.0,21.5900481091957,65.2928696444691,880.588049824941,21.9015,24
2026-02-09 08:56:08,,1540.0,,,,21.909,24
2026-02-09 09:04:24,528.0,1514.5,21.2023384246567,59.1772763784668,1003.98217956624,21.987,24
2026-02-09 09:10:40,,1522.5,,,,22.008,24
2026-02-09 09:19:28,524.0,1518.5,21.1693958182149,63.6577168838997,907.018619008622,22.054,24
2026-02-09 09:25:12,,1521.0,,,,22.074,24
2026-02-09 09:34:32,519.0,1522.0,21.2074064959597,62.6115224744762,937.32812178218,22.038,24
2026-02-09 09:39:44,,1539.5,,,,22.1655,24
2026-02-09 09:49:36,505.5,1500.5,20.7360754072724,61.0308345416322,957.104728037654,22.147,24
2026-02-09 09:54:16,,1494.5,,,,22.246,24
2026-02-09 10:04:40,504.0,1492.0,20.7715518487675,57.7399549281551,1020.83305479576,22.174,24
2026-02-09 10:08:48,,1507.0,,,,22.3685,24
2026-02-09 10:19:44,499.5,1507.5,20.9058556648815,62.0566761527809,942.595258529281,22.444,24
2026-02-09 10:23:20,,1509.0,,,,22.38,24
2026-02-09 10:34:48,492.5,1499.0,20.6397822790895,59.7718199745233,961.523249880793,22.396,24
2026-02-09 10:37:52,,1522.0,,,,22.571,24
2026-02-09 10:49:52,491.0,1506.0,20.6271121361205,56.8119048087982,1038.48745833451,22.664,24
2026-02-09 10:52:24,,,,,,22.588,24
2026-02-09 11:04:56,489.0,,20.8577089904865,60.7580990502643,978.843440729257,22.735,24
2026-02-09 11:06:56,,1517.5,,,,22.63,24
2026-02-09 11:20:00,490.0,1518.5,20.7512795926595,60.3287033543144,982.139041644233,22.6785,24
2026-02-09 11:21:28,,1520.0,,,,22.715,24
2026-02-09 11:35:04,488.0,1508.5,20.6524524152191,56.832297142679,1059.26431066641,22.7315,24
2026-02-09 11:36:00,,1497.0,,,,22.736,24
2026-02-09 11:50:08,481.5,1514.0,20.9033216269745,58.7840744211266,1031.14026990617,22.8765,24
2026-02-09 11:50:32,,1502.0,,,,22.93,24
2026-02-09 12:05:04,,1509.0,,,,22.907,24
2026-02-09 12:05:12,479.0,1508.0,20.8577089904865,58.6079788681138,1014.24697055268,22.984,24
2026-02-09 12:19:36,,1518.0,,,,23.0315,24
2026-02-09 12:20:16,469.5,1501.0,20.6296461538004,55.1288875006302,1090.42161525835,23.101,24
2026-02-09 12:34:08,,1502.0,,,,23.067,24
2026-02-09 12:35:20,469.0,1491.0,20.7411434669338,54.9578004995463,1110.26990938365,23.05,24
2026-02-09 12:48:40,,1504.0,,,,23.223,24
2026-02-09 12:50:24,471.0,1481.0,23.4095189062791,68.3630044180187,913.28696359849,23.096,24
2026-02-09 13:03:12,,1487.0,,,,23.063,24
2026-02-09 13:05:28,478.5,1511.0,23.5058150611148,69.3776391161788,897.337678348807,23.202,24
2026-02-09 13:17:44,,1491.0,,,,23.305,24
2026-02-09 13:20:32,457.0,,21.2454171700665,57.6888416332741,1075.08590597697,23.247,24
2026-02-09 13:32:16,,1508.0,,,,23.25,24
2026-02-09 13:35:36,448.0,1499.0,20.8526409268961,56.9988177942081,1058.5856180739,23.326,24
2026-02-09 13:46:48,,1498.0,,,,23.366,24
2026-02-09 13:50:40,452.0,1505.5,20.7411434663517,54.967718667008,1117.26454785646,23.423,24
2026-02-09 14:01:20,,1501.0,,,,23.453,24
2026-02-09 14:05:44,454.0,1507.0,20.52828508339,55.4904621190833,1084.91868283536,23.4715,24
2026-02-09 14:15:52,,1497.0,,,,23.466,24
2026-02-09 14:20:48,453.0,1493.0,20.5764315814158,55.7807384531905,1080.25167126973,23.548,24
2026-02-09 14:30:24,,1502.0,,,,23.543,24
2026-02-09 14:35:52,460.0,1504.5,20.7411434663517,57.3144059959577,1052.18259202523,23.4855,24
2026-02-09 14:44:56,,1488.0,,,,23.645,24
2026-02-09 14:50:56,460.5,1497.0,20.7892900770093,56.8331407726663,1077.20278624717,23.68,24
2026-02-09 14:59:28,,1483.0,,,,23.557,24
2026-02-09 15:06:00,458.0,1491.0,20.8273005770752,55.0180047052904,1105.63362764618,23.645,24
2026-02-09 15:14:00,,1497.0,,,,23.6125,24
2026-02-09 15:21:04,462.5,1507.0,20.8095623424305,56.5865582989439,1076.67221666387,23.62,24
2026-02-09 15:28:32,,1498.5,,,,23.6695,24
2026-02-09 15:36:08,471.0,1491.0,20.7918241095321,57.9163018026887,1050.42305749223,23.663,24
2026-02-09 15:43:04,,1494.0,,,,23.703,24
2026-02-09 15:51:12,468.0,1504.0,20.8323686450312,58.6735797088492,1044.15361438639,23.776,24
2026-02-09 15:57:36,,1490.0,,,,23.775,24
2026-02-09 16:06:16,494.0,1487.0,20.9514683275629,59.1415259966321,1020.38863897183,23.823,24
2026-02-09 16:12:08,,1480.0,,,,23.8205,24
2026-02-09 16:21:20,511.0,1482.5,21.3923919474036,60.5719289221788,1026.24023498251,23.801,24
2026-02-09 16:26:40,,1479.0,,,,23.81,24
2026-02-09 16:36:24,509.0,1493.0,21.5114923841611,62.0544464154534,983.444349129692,23.716,24
2026-02-09 16:41:12,,1490.0,,,,23.881,24
2026-02-09 16:51:28,486.0,1479.0,21.595116190394,60.7157308131799,1010.37812988647,23.8035,24
2026-02-09 16:55:44,,1496.5,,,,23.844,24
2026-02-09 17:06:32,480.0,1486.5,21.4937540108367,60.2015231196686,1032.5489049882,23.922,24
2026-02-09 17:10:16,,1471.0,,,,23.991,24
2026-02-09 17:21:36,480.0,1481.0,21.4202665034972,60.9124436122362,1009.66062721177,23.8625,24
2026-02-09 17:24:48,,1495.0,,,,23.856,24
2026-02-09 17:36:40,473.0,1489.0,21.4304027072212,59.4829243724948,1016.23740058139,23.8525,24
2026-02-09 17:39:20,,1492.0,,,,23.832,24
2026-02-09 17:51:44,476.0,1471.0,21.3721195486868,61.7301408450624,984.791428503676,23.903,24
2026-02-09 17:53:52,,1493.0,,,,23.963,24
2026-02-09 18:06:48,481.5,1498.0,21.3721195483958,61.9029972751248,965.016138590127,23.9585,24
2026-02-09 18:08:24,,1473.0,,,,24.066,24
2026-02-09 18:21:52,494.0,1489.0,21.3493131059512,60.7180967592509,991.777310628768,24.0875,24
2026-02-09 18:22:56,,1503.0,,,,24.134,24
2026-02-09 18:36:56,496.0,1490.0,21.3518471552088,61.4404425854887,997.470466618941,23.945,24
2026-02-09 18:37:28,,1486.0,,,,24.084,24
2026-02-09 18:52:00,502.5,1491.0,21.2783597650122,58.6738314397058,1053.84099235524,23.952,24
2026-02-09 19:06:32,,1500.0,,,,24.079,24
2026-02-09 19:07:04,504.5,1482.0,21.0933745411603,60.4150721197361,998.401577938323,24.012,24
2026-02-09 19:21:04,,1497.0,,,,24.0585,24
2026-02-09 19:22:08,502.5,1504.0,20.9540023632871,58.0717073628451,1051.63313147588,24.143,24
2026-02-09 19:35:36,,1499.5,,,,24.1495,24
2026-02-09 19:37:12,501.0,1470.0,20.8779812698776,59.020145705869,1016.02150304265,24.001,24
2026-02-09 19:50:08,,1500.5,,,,24.073,24
2026-02-09 19:52:16,507.5,1488.0,20.7943581424915,60.3602434415593,985.75432884925,23.983,24
2026-02-09 20:04:40,,1494.0,,,,24.042,24
2026-02-09 20:07:20,521.0,1484.0,20.8982535550894,59.9524504915053,1000.77531421457,24.078,24
2026-02-09 20:19:12,,1472.0,,,,24.172,24
2026-02-09 20:22:24,521.0,1501.0,20.9970810123631,59.1087247269539,1019.87451444256,24.174,24
2026-02-09 20:33:44,,1470.0,,,,24.23,24
2026-02-09 20:37:28,526.0,1478.0,20.9869448592799,59.6674859835643,1007.80757065064,24.145,24
2026-02-09 20:48:16,,1476.0,,,,24.173,24
2026-02-09 20:52:32,516.0,1493.0,21.2580874068953,63.442868923075,917.911658747575,24.1865,24
2026-02-09 21:02:48,,1471.5,,,,24.098,24
2026-02-09 21:07:36,532.0,1481.0,21.118714958211,65.3307531809491,872.546134265686,24.1785,24
2026-02-09 21:17:20,,1481.0,,,,24.221,24
2026-02-09 21:22:40,550.0,1493.0,20.4624004490906,79.5736519973166,491.364952653479,24.2275,24
2026-02-09 21:31:52,,1487.0,,,,24.291,24
2026-02-09 21:37:44,560.0,1486.0,19.7097987044398,84.2085385243719,362.574621695341,24.182,24
2026-02-09 21:46:24,,1464.0,,,,24.204,24
2026-02-09 21:52:48,543.0,1486.0,19.182727896099,79.5708803664201,453.741161939145,24.29,24
2026-02-09 22:00:56,,1473.5,,,,24.269,24
2026-02-09 22:07:52,547.5,1467.5,19.0104169694968,81.045961713232,416.678346342773,24.242,24
2026-02-09 22:15:28,,1479.0,,,,24.21,24
2026-02-09 22:22:56,545.5,1470.5,18.9065237794129,82.2834406153067,386.834750853688,24.269,24
2026-02-09 22:30:00,,1479.0,,,,24.3295,24
2026-02-09 22:38:00,551.0,1471.5,18.8355724028369,83.3203911603121,362.583075546026,24.338,24
2026-02-09 22:44:32,,1479.0,,,,24.416,24
2026-02-09 22:53:04,549.5,1474.0,18.7646210833045,84.245830931777,341.00498464724,24.309,24
2026-02-09 22:59:04,,1451.0,,,,24.25,24
2026-02-09 23:08:08,554.0,1464.0,18.6936698208155,85.0374433932626,322.385676690052,24.32,24
2026-02-09 23:13:36,,1468.5,,,,24.287,24
2026-02-09 23:23:12,556.5,1464.0,18.6328544983698,85.6403963787185,308.219767545471,24.337,24
2026-02-09 23:28:08,,1464.0,,,,24.363,24
2026-02-09 23:38:16,558.0,1443.5,18.5695052487571,86.2595905273819,,24.356,24
2026-02-09 23:42:40,,1455.0,,,,24.4695,24
2026-02-09 23:53:20,560.5,1452.0,18.5112239792069,86.7242299116798,,24.442,24
2026-02-09 23:57:12,,1451.0,,,,24.439,24
2026-02-10 00:08:24,560.5,1435.0,18.4504087824898,87.283101083791,,24.49,24
2026-02-10 00:11:44,,1457.5,,,,24.392,24
2026-02-10 00:23:28,563.0,1443.5,18.3921275916654,87.7145863374575,,24.4005,24
2026-02-10 00:26:16,,1456.0,,,,24.446,24
2026-02-10 00:38:32,561.5,1454.0,18.3186426667089,88.1290939888799,,24.461,24
2026-02-10 00:40:48,,1443.5,,,,24.472,24
2026-02-10 00:53:36,563.5,1447.0,18.2730313647771,88.4643348971895,,24.443,24
2026-02-10 00:55:20,,1446.0,,,,24.525,24
2026-02-10 01:08:40,566.0,1445.5,18.2172842499858,88.8929105669579,,24.443,24
2026-02-10 01:09:52,,1441.0,,,,24.514,24
2026-02-10 01:23:44,570.0,1424.0,18.164071127845,89.2567518120372,,24.39,24
2026-02-10 01:24:24,,1440.0,,,,24.494,24
2026-02-10 01:38:48,571.5,1445.0,18.1083240818843,89.5147943515187,,24.498,24
2026-02-10 01:38:56,,1438.0,,,,24.479,24
2026-02-10 01:53:28,,1432.5,,,,24.436,24
2026-02-10 01:53:52,566.5,1441.0,18.0500431169057,89.7202002509887,,24.381,24
2026-02-10 02:08:00,,1441.0,,,,24.331,24
2026-02-10 02:08:56,581.0,1427.0,19.2334076501574,87.4529369143634,,24.3265,24
2026-02-10 02:22:32,,1413.0,,,,24.423,24
2026-02-10 02:24:00,574.5,1437.0,18.4174672368826,88.7184825002725,,24.418,24
2026-02-10 02:37:04,,1423.0,,,,24.387,24
2026-02-10 02:39:04,567.0,1422.0,18.1361976004263,89.640214188697,,24.43,24
2026-02-10 02:51:36,,1430.0,,,,24.415,24
2026-02-10 02:54:08,573.5,1419.0,18.1463334275467,89.992133268828,,24.4015,24
2026-02-10 03:06:08,,1412.0,,,,24.282,24
2026-02-10 03:09:12,582.0,1416.0,18.6733980443386,88.6247255256044,,24.2785,24
2026-02-10 03:20:40,,1427.0,,,,24.422,24
2026-02-10 03:24:16,569.0,1422.0,18.164071127845,89.8587320358004,,24.3345,24
2026-02-10 03:35:12,,1422.0,,,,24.24,24
2026-02-10 03:39:20,575.5,1408.0,18.4149336791888,89.261527739211,,24.294,24
2026-02-10 03:49:44,,1414.5,,,,24.201,24
2026-02-10 03:54:24,583.0,1428.5,18.6176506744523,89.0015887585656,,24.236,24
2026-02-10 04:04:16,,1437.0,,,,24.2395,24
2026-02-10 04:09:28,572.0,1417.0,18.1133919936983,90.3318359581244,,24.245,24
2026-02-10 04:18:48,,1439.0,,,,24.292,24
2026-02-10 04:24:32,594.0,1433.0,19.5501567474857,86.8530296651471,,24.224,24
2026-02-10 04:33:20,,,,,,24.085,24
2026-02-10 04:39:36,580.0,1432.0,18.3135747432534,90.0125242758341,,24.204,24
2026-02-10 04:47:52,,1434.5,,,,24.165,24
2026-02-10 04:54:40,578.0,1437.0,18.6835339308308,89.0059531072641,,24.089,24
2026-02-10 05:02:24,,1433.0,,,,24.146,24
2026-02-10 05:09:44,584.0,1431.0,20.769017970204,81.7411359714787,447.79752350989,24.073,24
2026-02-10 05:16:56,,1428.0,,,,24.075,24
2026-02-10 05:24:48,574.0,1432.0,23.0699490771075,77.4389971904531,635.956365275993,24.056,24
2026-02-10 05:31:28,,1444.5,,,,24.125,24
2026-02-10 05:39:52,559.0,1423.0,23.4373940947989,77.0105944064419,663.013411157014,24.07,24
2026-02-10 05:46:00,,1422.0,,,,24.103,24
2026-02-10 05:54:56,549.0,1422.5,23.9771609298913,75.7773081101707,722.505297165038,23.9515,24
2026-02-10 06:00:32,,1426.5,,,,23.99,24
2026-02-10 06:10:00,545.5,1437.5,24.1469474256155,72.5141817476709,816.106324189279,23.987,24
2026-02-10 06:15:04,,1462.0,,,,24.002,24
2026-02-10 06:25:04,530.0,,21.6407292101794,61.2360113629347,1006.18269940415,24.067,24
2026-02-10 06:29:36,,1414.0,,,,23.986,24
2026-02-10 06:40:08,523.0,1453.0,21.2378150244767,61.2028742070575,986.057407547903,23.9855,24
2026-02-10 06:44:08,,1440.0,,,,23.949,24
2026-02-10 06:55:12,524.0,1439.0,21.2378150454314,59.8784195678736,999.722200636554,23.9015,24
2026-02-10 06:58:40,,1436.0,,,,23.954,24
2026-02-10 07:10:16,524.0,1435.0,21.7268871982378,64.6900431548734,903.242982340931,23.9615,24
2026-02-10 07:13:12,,1436.0,,,,23.797,24
2026-02-10 07:25:20,526.0,1437.0,21.318904552405,61.6906728110678,962.58391983484,23.85,24
2026-02-10 07:27:44,,1423.0,,,,23.823,24
2026-02-10 07:40:24,523.0,1424.5,21.7877046537032,65.57305608862,895.303020991036,23.846,24
2026-02-10 07:42:16,,1437.5,,,,23.874,24
2026-02-10 07:55:28,527.0,1439.0,21.3417109590518,61.0850155968406,986.472026435738,23.868,24
2026-02-10 07:56:48,,1471.5,,,,23.7745,24
2026-02-10 08:10:32,527.5,1468.5,21.7446256357361,67.3939178566715,837.865163537039,23.902,24
2026-02-10 08:11:20,,1479.5,,,,23.886,24
2026-02-10 08:25:36,527.0,1447.0,21.622990822012,62.4496649964319,977.611471529892,23.836,24
2026-02-10 08:25:52,,1449.0,,,,23.7795,24
2026-02-10 08:40:24,,1455.5,,,,23.8,24
2026-02-10 08:40:40,514.0,1454.0,21.5165604908252,63.816718232633,916.085723712568,23.843,24
2026-02-10 08:54:56,,1464.0,,,,23.788,24
2026-02-10 08:55:44,509.0,1446.0,21.7902387144567,64.8757824736354,924.782998906769,23.7255,24
2026-02-10 09:09:28,,1453.5,,,,23.859,24
2026-02-10 09:10:48,496.5,1449.0,21.3873238499072,62.5324412811939,955.205010454699,23.773,24
2026-02-10 09:24:00,,1454.0,,,,23.778,24
2026-02-10 09:25:52,485.0,1455.0,21.6077864733524,63.0739843989767,960.60668238766,23.688,24
2026-02-10 09:38:32,,1447.5,,,,23.7235,24
2026-02-10 09:40:56,479.0,1443.0,21.3087683376215,62.2344574241505,954.259506476544,23.698,24
2026-02-10 09:53:04,,1439.0,,,,23.6595,24
2026-02-10 09:56:00,494.0,1432.0,21.116180920304,60.7970656597542,984.865412921213,23.665,24
2026-02-10 10:07:36,,1445.0,,,,23.681,24
2026-02-10 10:11:04,494.0,1435.0,20.9844108203542,59.015256731332,1018.60199045267,23.622,24
2026-02-10 10:22:08,,1445.0,,,,23.726,24
2026-02-10 10:26:08,484.0,1444.5,20.994546973292,59.1548591578139,1017.99472265644,23.626,24
2026-02-10 10:36:40,,1441.0,,,,23.5295,24
2026-02-10 10:41:12,477.0,1431.0,21.0502958426077,59.3209676532084,1010.91325420171,23.604,24
2026-02-10 10:51:12,,1426.0,,,,23.6855,24
2026-02-10 10:56:16,522.5,1419.5,20.9109237358934,58.1649927253788,1019.52975082655,23.651,24
2026-02-10 11:05:44,,,,,,23.613,24
2026-02-10 11:11:20,490.5,1445.5,20.9844108226825,58.4559278885717,1029.92744286612,23.578,24
2026-02-10 11:20:16,,1417.0,,,,23.564,24
2026-02-10 11:26:24,477.0,1430.5,21.0249554436013,59.9926083327121,1006.18210988695,23.6575,24
2026-02-10 11:34:48,,1426.0,,,,23.602,24
2026-02-10 11:41:28,468.5,1423.0,20.8577089904865,58.7745059238739,1017.59442615081,23.4865,24
2026-02-10 11:49:20,,1427.0,,,,23.569,24
2026-02-10 11:56:32,468.0,1424.0,21.0502958426077,61.2994883764507,976.362652586055,23.4905,24
2026-02-10 12:03:52,,1373.0,,,,23.575,24
2026-02-10 12:11:36,466.0,1424.5,20.9311960443883,60.517163826856,986.31292087573,23.5075,24
2026-02-10 12:18:24,,1452.5,,,,23.538,24
2026-02-10 12:26:40,467.0,1435.0,20.9235939180071,59.1529732230722,1018.3996574975,23.5125,24
2026-02-10 12:32:56,,1430.0,,,,23.515,24
2026-02-10 12:41:44,467.0,1426.0,20.8602430249011,58.8743020380016,1032.6239846711,23.53,24
2026-02-10 12:47:28,,1428.0,,,,23.441,24
2026-02-10 12:56:48,469.0,1416.5,20.8931854837865,58.4782921166587,1032.47580397352,23.485,24
2026-02-10 13:02:00,,1416.0,,,,23.366,24
2026-02-10 13:11:52,468.0,1427.0,20.9362641066691,58.9919099873872,1030.44207910033,23.535,24
2026-02-10 13:16:32,,1423.5,,,,23.4635,24
2026-02-10 13:26:56,469.0,1417.5,20.8349026809009,57.9789721280296,1033.62927764218,23.395,24
2026-02-10 13:31:04,,1451.5,,,,23.4945,24
2026-02-10 13:42:00,575.5,1452.5,21.1085787891206,60.3112769550731,1004.54298285777,23.427,24
2026-02-10 13:45:36,,,,,,23.3975,24
2026-02-10 13:57:04,803.5,1469.0,21.4380048641614,58.4634512468648,1068.58568471269,23.352,24
2026-02-10 14:00:08,,1479.5,,,,23.374,24
2026-02-10 14:12:08,1017.5,1480.0,21.5266967061907,59.3362748769942,1047.63345014265,23.386,24
2026-02-10 14:14:40,,1474.0,,,,23.4325,24
2026-02-10 14:27:12,1009.0,1472.5,21.4354708098107,63.7397306443378,923.284506073418,23.357,24
2026-02-10 14:29:12,,1465.0,,,,23.357,24
2026-02-10 14:42:16,961.5,1424.0,21.5647075259621,59.4091424678782,1057.4925331128,23.327,24
2026-02-10 14:43:44,,1477.0,,,,23.3165,24
2026-02-10 14:57:20,823.0,1481.0,21.3493131106079,58.617470184973,1047.04318177141,23.378,24
2026-02-10 14:58:16,,1458.0,,,,23.413,24
2026-02-10 15:12:24,734.0,1457.0,21.2656895358959,59.5400121409583,1038.25970770774,23.406,24
2026-02-10 15:12:48,,1463.5,,,,23.482,24
2026-02-10 15:27:20,,1443.0,,,,23.538,24
2026-02-10 15:27:28,773.0,,21.432936758807,59.6913606396167,1026.62279153001,23.51,24
2026-02-10 15:41:52,,1478.0,,,,23.6225,24
2026-02-10 15:42:32,797.0,1461.0,21.3265066691819,59.9900000660891,1029.19093279353,23.768,24
2026-02-10 15:56:24,,1436.0,,,,23.624,24
2026-02-10 15:57:36,772.0,1443.0,21.5064242779335,60.2734950236737,1040.33898719083,23.796,24
2026-02-10 16:10:56,,,,,,23.9025,24
2026-02-10 16:12:40,721.0,1424.5,22.9305737804679,68.264960319539,816.400799394991,23.899,24
2026-02-10 16:25:28,,1467.0,,,,23.998,24
2026-02-10 16:27:44,778.5,1471.0,23.5235538448032,70.6327441289208,832.623407041478,24.13,24
2026-02-10 16:40:00,,1460.0,,,,24.0495,24
2026-02-10 16:42:48,676.0,1449.5,23.7896359304577,80.0104275970181,592.163478478256,24.006,24
2026-02-10 16:54:32,,1424.5,,,,24.031,24
2026-02-10 16:57:52,595.0,1425.5,22.2945184269483,62.1050303390913,961.132115188766,24.1015,24
2026-02-10 17:09:04,,1475.0,,,,23.949,24
2026-02-10 17:12:56,589.0,1472.0,24.2584491856687,82.3413593246062,540.633960295154,24.077,24
2026-02-10 17:23:36,,1438.0,,,,24.037,24
2026-02-10 17:28:00,541.0,1444.0,23.7034759252128,68.7660937757441,878.280425348145,24.109,24
2026-02-10 17:38:08,,1454.0,,,,24.288,24
2026-02-10 17:43:04,534.5,1436.0,23.548895751388,71.7854378659849,761.85160858894,24.2445,24
2026-02-10 17:52:40,,1471.0,,,,24.215,24
2026-02-10 17:58:08,507.0,1465.5,22.6518238481367,65.802074644348,904.077986955275,24.2445,24
2026-02-10 18:07:12,,1444.0,,,,24.127,24
2026-02-10 18:13:12,515.5,1441.0,23.6832029953511,78.2330861663312,643.836266611514,24.295,24
2026-02-10 18:21:44,,1420.0,,,,24.191,24
2026-02-10 18:28:16,498.0,1432.0,22.4465631001075,67.4763824592494,865.708916577634,24.232,24
2026-02-10 18:36:16,,1472.0,,,,24.308,24
2026-02-10 18:43:20,507.0,1448.0,23.6933394624647,77.7139757782648,659.445409260979,24.234,24
2026-02-10 18:50:48,,1445.0,,,,24.223,24
2026-02-10 18:58:24,496.5,1427.0,22.3451999412063,65.5097055794281,887.777817494266,24.259,24
2026-02-10 19:05:20,,1415.0,,,,24.3275,24
2026-02-10 19:13:28,508.0,1459.5,23.655327724904,77.531125697755,660.705226892539,24.138,24
2026-02-10 19:19:52,,1456.0,,,,24.2255,24
2026-02-10 19:28:32,493.5,1440.0,21.7370234438712,63.8894633684775,908.750685347436,24.227,24
2026-02-10 19:34:24,,1455.0,,,,23.363,24
2026-02-10 19:43:36,503.5,1421.0,23.8884666259691,79.691511499787,598.66287168235,23.357,24
2026-02-10 19:48:56,,1421.5,,,,23.327,24
2026-02-10 19:58:40,496.0,1464.0,21.7953068375645,64.1237169806252,881.204103889605,23.3165,24
2026-02-10 20:03:28,,1442.0,,,,23.378,24
2026-02-10 20:13:44,503.0,1437.0,23.814977126909,78.2775845776977,647.641836000539,23.413,24
2026-02-10 20:18:00,,1427.0,,,,23.406,24
2026-02-10 20:28:48,489.0,1434.5,22.2260984063614,64.8244740906873,916.018424625931,23.482,24
2026-02-10 20:32:32,,1454.0,,,,23.538,24
2026-02-10 20:43:52,498.0,1447.0,23.584372530342,76.8412899654168,680.795099523673,23.51,24
2026-02-10 20:47:04,,1439.0,,,,23.6225,24
2026-02-10 20:58:56,484.5,1419.0,22.1044629076786,62.8870953704158,936.931943240471,23.768,24
2026-02-10 21:01:36,,1424.0,,,,23.624,24
2026-02-10 21:14:00,519.0,1463.0,22.9001646593969,84.957810086143,419.978508745399,,24
2026-02-10 21:16:08,,1455.0,,,,,24
2026-02-10 21:29:04,510.0,1440.5,21.2099405280459,84.1594083362073,398.48187161325,,24
2026-02-10 21:30:40,,1417.0,,,,,24
2026-02-10 21:44:08,503.5,1409.5,20.6296461538004,85.530207337717,351.574394120506,,24
2026-02-10 21:45:12,,1445.0,,,,,24
2026-02-10 21:59:12,503.0,1438.0,20.3407674085174,87.0364912234296,309.589492086578,,24
2026-02-10 21:59:44,,1438.5,,,,,24
2026-02-10 22:14:16,505.0,1411.0,20.1329780184314,88.3575066553625,,,24
2026-02-10 22:28:48,,1437.0,,,,,24
2026-02-10 22:29:20,503.0,1451.0,19.9809373111056,89.353264781159,,,24
2026-02-10 22:43:20,,1449.0,,,,,24
2026-02-10 22:44:24,503.5,1429.5,19.8567709279159,90.1949464764707,,,24
2026-02-10 22:57:52,,1410.0,,,,,24
2026-02-10 22:59:28,504.5,1438.0,19.7478087354975,90.9554640546419,,26.3789999999999,24
2026-02-10 23:12:24,,1449.0,,,,26.363,24
2026-02-10 23:14:32,511.0,1428.0,19.6135066835122,91.6133625744879,,26.3335,24
2026-02-10 23:26:56,,1431.0,,,,26.077,24
2026-02-10 23:29:36,510.0,1396.0,19.5374867446516,92.1983170884523,,,24
2026-02-10 23:41:28,,1448.5,,,,,24
2026-02-10 23:44:40,512.0,1465.0,19.4538648875022,92.6755531997991,,,24
2026-02-10 23:56:00,,1445.5,,,,,24
2026-02-10 23:59:44,514.0,1437.0,19.3499711754411,93.2799355857259,,,24
2026-02-11 00:10:32,,1428.5,,,,,24
2026-02-11 00:14:48,517.0,1455.5,19.2612815179454,93.7487933356551,,,24
2026-02-11 00:25:04,,1463.5,,,,,24
2026-02-11 00:29:52,516.0,1434.0,19.1928638431272,94.0931570385317,,,24
2026-02-11 00:39:36,,1453.5,,,,,24
2026-02-11 00:44:56,516.0,1417.0,19.1320481766742,94.4675929938804,,,24
2026-02-11 00:54:08,,1447.0,,,,,24
2026-02-11 01:00:00,513.0,1454.0,19.0788345028704,94.7240728731614,,,24
2026-02-11 01:08:40,,1447.0,,,,,24
2026-02-11 01:15:04,517.0,1435.0,19.0281548433995,95.0407011257343,,,24
2026-02-11 01:23:12,,1402.0,,,,,24
2026-02-11 01:30:08,520.0,1426.0,18.9673392904514,95.3308373412921,,,24
2026-02-11 01:37:44,,1457.0,,,,,24
2026-02-11 01:45:12,519.0,1446.5,18.896387864981,95.6884909452056,,,24
2026-02-11 01:52:16,,1427.5,,,,,24
2026-02-11 02:00:16,522.0,1418.0,18.8482422873639,95.9503327237042,,,24
2026-02-11 02:06:48,,1438.0,,,,,24
2026-02-11 02:15:20,522.5,1442.5,18.805164687481,96.2114377007249,,,24
2026-02-11 02:21:20,,1435.0,,,,,24
2026-02-11 02:30:24,526.0,1422.0,18.7544851851707,96.4754959150101,,,24
2026-02-11 02:35:52,,1419.0,,,,,24
2026-02-11 02:45:28,522.0,1424.0,18.7038057119643,96.7388072770414,,,24
2026-02-11 02:50:24,,1441.0,,,,,24
2026-02-11 03:00:32,524.0,1450.0,18.6429903825337,97.0482620984281,,,24
2026-02-11 03:04:56,,1415.0,,,,,24
2026-02-11 03:15:36,520.5,1411.0,18.602446852863,97.2759716194895,,,24
2026-02-11 03:19:28,,1432.5,,,,,24
2026-02-11 03:30:40,520.0,1459.0,18.5619033418188,97.4749531716901,,,24
2026-02-11 03:34:00,,1448.0,,,,,24
2026-02-11 03:45:44,519.0,1421.5,18.5162919141585,97.738282416788,,,24
2026-02-11 03:48:32,,1408.0,,,,,24
2026-02-11 04:00:48,525.5,1424.0,18.4630786117195,98.046353833641,,,24
2026-02-11 04:03:04,,1439.0,,,,,24
2026-02-11 04:15:52,522.0,1435.0,18.4098653412947,98.3553482677212,,,24
2026-02-11 04:17:36,,1439.0,,,,,24
2026-02-11 04:30:56,522.0,1410.5,18.3819917363143,98.5588238993932,,,24
2026-02-11 04:32:08,,1410.0,,,,25.457,24
2026-02-11 04:46:00,519.0,1448.0,18.3110407814529,98.8965268128519,,23.535,24
2026-02-11 04:46:40,,1433.0,,,,24.022,24
2026-02-11 05:01:04,522.5,1409.5,18.2679634437954,99.1365639752349,,24.0975,24
2026-02-11 05:01:12,,1405.0,,,,24.085,24
2026-02-11 05:15:44,,1421.0,,,,23.697,24
2026-02-11 05:16:08,523.0,1446.5,22.6163466471771,82.3351946677746,489.605497286445,23.073,24
2026-02-11 05:30:16,,1422.0,,,,21.873,24
2026-02-11 05:31:12,498.0,1415.0,22.0436452348076,74.3789308089345,628.191012958065,21.573,24
2026-02-11 05:44:48,,1395.0,,,,21.1325,24
2026-02-11 05:46:16,509.5,1414.0,22.6847669778653,86.5484123517347,370.161628969734,21.077,24
2026-02-11 05:59:20,,1425.0,,,,21.069,24
2026-02-11 06:01:20,493.0,1427.0,22.6543579362478,81.9077980397969,493.375929682914,21.4235,24
2026-02-11 06:13:52,,1425.0,,,,22.23,24
2026-02-11 06:16:24,494.5,1427.5,23.0522104022675,73.6761754873897,694.152405528092,22.899,24
2026-02-11 06:28:24,,1431.0,,,,23.423,24
2026-02-11 06:31:28,491.0,1431.5,23.0724831844272,83.8408476603374,458.212865196999,,24
2026-02-11 06:42:56,,1431.5,,,,,24
2026-02-11 06:46:32,483.5,1420.0,23.1966541562724,71.8312441827344,743.561843646589,,24
2026-02-11 06:57:28,,1398.5,,,,,24
2026-02-11 07:01:36,488.0,1422.5,23.2574725509184,83.2451551243766,478.501397742893,,24
2026-02-11 07:12:00,,,,,,,24
2026-02-11 07:16:40,487.0,1408.5,23.0572785862023,72.0759334656784,768.96360532225,,24
2026-02-11 07:26:32,,1418.5,,,,,24
2026-02-11 07:31:44,489.0,1416.0,23.232131521232,73.4298570528011,728.659422097768,,24
2026-02-11 07:41:04,,1421.5,,,,,24
2026-02-11 07:46:48,493.0,1405.0,23.2194610066071,82.0119731208242,510.351632349755,,24
2026-02-11 07:55:36,,1426.0,,,,,24
2026-02-11 08:01:52,489.0,1404.0,23.0015284498513,69.5438084906346,778.054690038918,,24
2026-02-11 08:10:08,,1425.0,,,,,24
2026-02-11 08:16:56,493.0,1416.5,23.298018222631,81.8824448440742,516.764496700018,,24
2026-02-11 08:24:40,,1423.0,,,,,24
2026-02-11 08:32:00,491.5,1431.0,23.2676089682645,79.9281730122835,567.908010659321,,24
2026-02-11 08:39:12,,,,,,,24
2026-02-11 08:47:04,487.0,1422.5,23.1561084627319,69.1522116775204,799.610032575603,18.682,24
2026-02-11 08:53:44,,1418.5,,,,19.235,24
2026-02-11 09:02:08,495.0,1412.0,23.3208251647884,81.7770423898994,521.708143551805,,24
2026-02-11 09:08:16,,1433.5,,,,,24
2026-02-11 09:17:12,488.0,1419.0,23.2777453827002,74.4245541492128,729.113777711623,,24
2026-02-11 09:22:48,,,,,,,24
2026-02-11 09:32:16,484.0,1429.0,23.4576669684902,70.0907416196044,796.233713177415,,24
2026-02-11 09:37:20,,1423.0,,,,,24
2026-02-11 09:47:20,489.0,1424.0,23.4728716281242,81.515559753967,533.415908895356,,24
2026-02-11 09:51:52,,1429.0,,,,27.33,24
2026-02-11 10:02:24,484.0,1420.0,23.2650748613814,69.1365427864686,808.4197128697,25.582,24
2026-02-11 10:06:24,,1405.0,,,,24.1015,24
2026-02-11 10:17:28,489.0,1417.5,23.5666337406873,81.6238270066732,534.43592514981,23.524,24
2026-02-11 10:20:56,,1427.0,,,,23.06,24
2026-02-11 10:32:32,488.0,1420.0,23.4703375160024,80.7933970255753,551.877196806955,22.6065,24
2026-02-11 10:35:28,,1421.0,,,,22.253,24
2026-02-11 10:47:36,486.0,1425.0,23.148506168276,70.0690773919886,807.419646832007,22.4975,24
2026-02-11 10:50:00,,1423.0,,,,22.282,24
2026-02-11 11:02:40,488.0,,23.5995772100577,81.6869704674916,534.472541535774,21.989,24
2026-02-11 11:04:32,,1430.0,,,,21.682,24
2026-02-11 11:17:44,481.0,1419.0,23.733885328882,79.4179153745956,599.406696290114,21.357,24
2026-02-11 11:19:04,,1415.0,,,,21.0875,24
2026-02-11 11:32:48,482.0,1426.5,23.7617607217107,68.6579964525623,829.635581198544,20.872,24
2026-02-11 11:33:36,,1433.0,,,,20.864,24
2026-02-11 11:47:52,486.0,1426.0,23.9239443347905,81.5082417100616,551.407266135521,21.511,24
2026-02-11 11:48:08,,1422.0,,,,21.4915,24
2026-02-11 12:02:40,,1417.0,,,,21.482,24
2026-02-11 12:02:56,489.0,1426.5,23.5007470657728,68.0549145101649,850.946958279989,21.501,24
2026-02-11 12:17:12,,1403.0,,,,21.374,24
2026-02-11 12:18:00,,,,78.396511934023,699.121657233447,21.2035,24
2026-02-11 12:27:11,,1418.5,,,,21.16,24
2026-02-10 12:29:56,463.0,1406.0,20.9235939507489,56.4313264166839,1078.18594418506,21.459,24
2026-02-10 12:32:40,466.5,1426.0,20.558693406434,55.9901526142632,1058.9628396136,21.227,24
2026-02-10 12:35:24,467.0,1427.0,21.3290407165477,66.6835596940391,835.633178574485,21.106,24
2026-02-10 12:38:08,473.0,1411.0,20.95400240054,56.4545366903437,1079.61738418599,21.077,24
2026-02-10 12:40:52,469.0,1422.0,20.5434892360353,56.5794101828869,1048.09866293942,21.131,24
2026-02-10 12:43:36,464.0,1405.0,21.2935640473151,66.3149098587591,843.56685065969,21.097,24
2026-02-10 12:46:20,469.0,,21.007217207356,56.9620274313283,1070.49601221287,20.9985,24
2026-02-10 12:49:04,474.5,1428.0,20.599237820279,56.1509935474292,1057.77865594645,20.91,24
2026-02-10 12:51:48,466.0,1404.5,21.3138364316255,65.2829044713677,877.859767978552,21.148,24
2026-02-10 12:54:32,473.0,1408.0,20.8830493405985,55.6607044879759,1094.59054571506,21.136,24
2026-02-10 12:57:16,471.0,1426.0,20.5612274242594,57.5049655403862,1027.44198792938,21.0054999999999,24
2026-02-10 13:00:00,466.5,1407.0,21.2834278587251,66.2585397727655,843.665406305613,20.875,24
2026-02-10 13:02:44,470.0,1427.5,20.728473329349,55.0973320730928,1097.97174436097,20.788,24
2026-02-10 13:05:28,470.0,1422.0,20.6245780974859,59.5077652912524,983.844980821389,20.844,24
2026-02-10 13:08:12,465.5,1422.0,21.3974600635265,66.4053602926455,852.852378086198,20.962,24
2026-02-10 13:10:56,466.0,1408.0,20.8019602416607,55.163238359188,1101.36538130792,21.418,24
2026-02-10 13:13:40,466.0,1410.0,20.7082010904123,59.5116873921379,988.698912639839,24.8265,24
2026-02-10 13:16:24,468.0,1433.0,21.0198873640038,57.8192410063292,1050.09567383428,24.532,24
2026-02-10 13:19:08,473.5,1426.0,20.4700025241036,53.7653217765754,1114.27660674614,24.62,24
2026-02-10 13:21:52,470.0,1430.0,21.0604320042766,65.4129295028795,863.196090455287,24.5045,24
2026-02-10 13:24:36,469.0,1419.0,21.3087683323828,60.0509727970403,1012.31785368659,24.17,24
2026-02-10 13:27:20,474.0,,20.5713635237916,54.4418920598685,1115.75781161701,23.997,24
2026-02-10 13:30:04,465.0,1432.0,21.0350916019233,65.1100337915815,869.401770197166,23.8155,24
2026-02-10 13:32:48,492.0,,21.2960981296055,59.2869934348437,1030.72120670308,23.7725,24
2026-02-10 13:35:32,574.0,1414.0,20.7158031556755,54.2505903007019,1122.38288539153,23.881,24
2026-02-10 13:38:16,584.0,1421.0,21.3873238967644,66.532111202259,859.076418288187,24.117,24
2026-02-10 13:41:00,661.5,1419.0,21.4202665029151,58.4686757136447,1059.6253603703,24.391,24
2026-02-10 13:43:44,721.0,1416.0,20.928662000806,54.9692799045178,1113.84833147327,25.3145,24
2026-02-10 13:46:28,748.0,1435.0,21.7648981024103,65.5331253466014,879.110995410958,25.769,24
2026-02-10 13:49:12,798.5,1408.0,21.3391769221634,54.6004697560786,1152.52320065965,25.354,24
2026-02-10 13:51:56,811.0,1422.5,21.2428831160068,60.1191493426507,1006.51751634984,25.4414999999999,24
2026-02-10 13:54:40,806.5,1421.5,21.8865331095294,62.0305238815362,1000.37793603511,25.2325,24
2026-02-10 13:57:24,893.0,1423.0,21.2327469332376,52.8435419490774,1189.60004850057,24.703,24
2026-02-10 14:00:08,953.5,1435.0,21.2479512091376,73.310503520962,680.029699479383,24.226,24
2026-02-10 14:02:52,1016.0,,21.622990810225,62.3842829932397,971.699270802988,23.773,24
2026-02-10 14:05:36,1025.5,1435.5,21.2023383919149,54.0262776972131,1162.81610362682,23.39,24
2026-02-10 14:08:20,1003.5,1434.0,21.9093397488613,64.7450726343284,929.082286667519,23.188,24
2026-02-10 14:11:04,1043.0,1432.0,21.8865331058914,56.0077902913669,1154.85508283686,23.219,24
2026-02-10 14:13:48,1101.0,1437.0,21.0959086269431,58.9956329886466,1026.02882477336,22.6929999999999,24
2026-02-10 14:16:32,1062.0,1410.0,21.5520372496976,78.9000894991372,527.414275558845,23.178,24
2026-02-10 14:19:16,1012.0,1439.0,21.5241626604256,58.1077723245316,1075.60108240668,23.8625,24
2026-02-10 14:22:00,999.0,1434.0,21.3645174000412,59.0759936513707,1040.5718877247,24.291,24
2026-02-10 14:24:44,994.0,1439.0,21.7142169027647,72.732106485715,710.893113008461,24.5724999999999,24
2026-02-10 14:27:28,1008.0,1413.0,21.4354708098107,55.440112659482,1137.95447626626,24.84,24
2026-02-10 14:30:12,975.0,1444.5,21.6356611446972,61.7176589764776,989.467828871872,24.991,24
2026-02-10 14:32:56,983.0,1441.0,22.1500761885254,59.6625019419532,1076.05798242495,25.895,24
2026-02-10 14:35:40,981.5,1445.0,21.4151984339405,52.651155622406,1222.32944363447,25.2145,24
2026-02-10 14:38:24,947.0,1435.0,21.3391769103764,73.4056071538881,667.254987220846,24.593,24
2026-02-10 14:41:08,931.5,1420.0,21.6052524339902,57.844637836089,1087.67387525148,24.213,24
2026-02-10 14:43:52,919.0,1422.0,21.1769979488162,55.3756668644255,1122.39057652489,23.9,24
2026-02-10 14:46:36,886.0,1423.5,21.4253346049226,74.9182840747603,632.282991678901,23.768,24
2026-02-10 14:49:20,873.0,1430.0,21.3062343152851,55.641379962943,1123.76920074986,26.264,24
2026-02-10 14:52:04,774.0,1443.0,21.2986321420467,59.5397801081519,1024.63497253361,27.9414999999999,24
2026-02-10 14:54:48,704.0,,21.8814649787091,59.971336986628,1053.91075926451,27.0815,24
2026-02-10 14:57:32,678.5,1456.0,21.2276788422896,52.2382890053947,1204.71476049736,26.6925,24
2026-02-10 15:00:16,685.0,1449.0,21.0148193993663,71.4464571643779,714.093930477633,26.3405,24
2026-02-10 15:03:00,715.0,1449.5,21.3898578969819,57.5935399693561,1079.9408335273,21.606,24
2026-02-10 15:05:44,734.0,1430.0,21.0756362497631,54.7949936799798,1125.64512924178,21.104,24
2026-02-10 15:08:28,749.0,1439.0,21.8155793334881,63.5525943340412,957.38554273691,21.117,24
2026-02-10 15:11:12,786.5,1450.0,21.3062343112105,53.159271638614,1188.58085506204,21.104,24
2026-02-10 15:13:56,771.0,1448.5,20.8323686450312,72.6257891867401,673.676030673563,21.1145,24
2026-02-10 15:16:40,760.0,1444.5,21.663535728876,61.972678480329,986.036325923692,21.658,24
2026-02-10 15:19:24,794.0,1449.5,21.2124745711917,53.7790019848071,1158.22048564321,22.734,24
2026-02-10 15:22:08,782.0,1449.0,21.8561243864533,63.5263299383512,953.213707895806,23.584,24
2026-02-10 15:24:52,766.0,1457.0,21.5621734691376,54.1572827488236,1179.82604264093,24.255,24
2026-02-10 15:27:36,762.5,1459.0,20.9793427423574,59.3106025516637,1010.44852076102,24.582,24
2026-02-10 15:30:20,768.0,1461.0,21.4886859075195,69.8905848450821,773.051637823846,24.285,24
2026-02-10 15:33:04,779.5,1444.0,21.2327469332376,54.1181789653811,1157.25131133318,23.97,24
2026-02-10 15:35:48,803.0,1454.0,21.4253346753539,61.3252595651252,986.87873582009,23.616,24
2026-02-10 15:38:32,822.5,1450.0,21.7547618596872,57.3066412935232,1111.78092888,23.282,24
2026-02-10 15:41:16,861.0,1448.0,21.08323843377,55.2082178806708,1124.09055607542,23.029,24
2026-02-10 15:44:00,853.0,1463.5,21.4810837462137,73.7037780736448,651.973798468535,22.946,24
2026-02-10 15:46:44,842.0,1462.0,21.4709475506388,56.3544414505119,1116.96926956573,22.661,24
2026-02-10 15:49:28,798.0,1461.5,21.3037002370692,58.2052280028105,1058.76060919566,21.764,24
2026-02-10 15:52:12,747.5,1461.5,22.0385771012224,62.3353725560095,1001.72387007825,21.2285,24
2026-02-10 15:54:56,691.0,1462.5,21.4405389126914,52.5499391547232,1221.57181704149,21.3915,24
2026-02-10 15:57:40,680.0,1466.0,21.1922022558574,71.6323182081084,716.236940403384,21.661,24
2026-02-10 16:00:24,726.0,1467.0,19.7883527913654,62.6571863253962,861.623646062639,21.0835,24
2026-02-10 16:03:08,712.5,1466.0,22.1145998040738,60.9863894192953,1038.72237668083,20.822,24
2026-02-10 16:05:52,710.0,1459.5,23.8023065232264,61.2205468330036,1155.14139350793,20.705,24
2026-02-10 16:08:36,723.0,1465.5,22.7734600739786,74.0090243106361,720.098126645686,20.63,24
2026-02-10 16:11:20,722.0,1460.5,23.1459720645943,78.3679800569582,612.977507159043,20.548,24
2026-02-10 16:14:04,743.5,1471.0,23.4323258772492,80.2310237383663,569.962217484683,20.494,24
2026-02-10 16:16:48,778.5,1482.0,23.7338853280089,80.9941659193002,557.002826039762,20.465,24
2026-02-10 16:19:32,793.5,1466.5,23.8986031101085,81.2441974934565,555.630671401701,21.0875,24
2026-02-10 16:22:16,798.0,1455.0,22.3984164455032,67.6316000108543,876.148275814579,21.27,24
2026-02-10 16:25:00,730.0,1471.5,20.0924338040931,59.2578028417113,957.929286287728,21.49,24
2026-02-10 16:27:44,686.0,1467.0,21.899204492176,59.059917725974,1068.11840468641,21.851,24
2026-02-10 16:30:28,687.5,1469.0,23.341098011122,63.5670248765154,1044.64166991928,22.468,24
2026-02-10 16:33:12,664.5,1474.0,23.0116649121628,79.6398765923185,572.437933927425,23.237,24
2026-02-10 16:35:56,673.0,1469.0,23.6553277247585,79.6424894765127,592.758644266311,23.49,24
2026-02-10 16:38:40,674.0,1473.0,23.8631254079809,80.0848226407043,589.345673045883,21.5615,24
2026-02-10 16:41:24,686.5,1475.0,24.0455823137017,80.139675790217,592.123864197412,20.807,24
2026-02-10 16:44:08,678.5,1464.5,24.1697545905626,80.0998594694471,599.376199628596,21.81,24
2026-02-10 16:46:52,667.0,1485.0,21.6787400763714,63.8258388759807,937.649801646095,22.3985,24
2026-02-10 16:49:36,617.5,1475.0,20.1684542209841,56.910403326426,1017.89511045908,22.6385,24
2026-02-10 16:52:20,580.0,1469.0,21.7648992293106,61.190465669764,1000.49412999093,22.7614999999999,24
2026-02-10 16:55:04,591.0,1469.0,,61.236113595185,1194.62891219219,22.7975,24
2026-02-10 16:57:48,591.0,1482.0,22.5605970215983,86.8380245567046,360.003424284267,22.879,24
2026-02-10 17:00:32,592.0,1467.0,23.7009418084344,82.4282000170034,514.876724721785,22.251,24
2026-02-10 17:03:16,592.0,1478.0,24.1317426539317,82.2989833616296,531.571706251991,21.3864999999999,24
2026-02-10 17:06:00,586.5,1495.0,24.4206338044314,82.3760161404233,539.829210240265,21.049,24
2026-02-10 17:08:44,589.0,1466.0,,82.4632885496681,543.350830137856,20.989,24
2026-02-10 17:11:28,588.0,1473.0,24.2888587747293,72.7406228465421,827.424550499507,21.003,24
2026-02-10 17:14:12,569.0,1468.0,21.0021492434461,61.0375008622419,968.85202685748,21.0895,24
2026-02-10 17:16:56,541.0,1463.0,20.1127059088612,58.7773315181641,957.138891282083,21.304,24
2026-02-10 17:19:40,526.0,1449.0,23.8783304571697,62.1843100987835,1106.30713129466,21.4555,24
2026-02-10 17:22:24,542.5,1455.0,23.6958735757507,72.2339084287754,813.334780651557,22.36,24
2026-02-10 17:25:08,541.5,1459.0,23.7490900416305,77.078341832073,673.573575886439,22.982,24
2026-02-10 17:27:52,544.5,1440.0,23.9796950542368,78.0065835444847,654.923242924002,23.251,24
2026-02-10 17:30:36,546.0,1441.0,24.0709235804388,78.5607975250521,642.901194767051,23.364,24
2026-02-10 17:33:20,544.0,1448.5,24.1849593717051,78.7211680373236,641.828287457097,23.515,24
2026-02-10 17:36:04,542.0,1432.0,24.2888587747293,78.3211731883098,658.433439586596,23.918,24
2026-02-10 17:38:48,521.0,1435.0,21.116181125195,60.6784956520315,984.547959915803,23.987,24
2026-02-10 17:41:32,511.0,1437.0,20.1988624060759,59.8928232201283,949.224615916621,23.659,24
2026-02-10 17:44:16,493.0,1438.0,22.0512476036237,68.4215293034629,840.899240547171,23.406,24
2026-02-10 17:47:00,505.0,1422.0,20.0366855399915,58.477390113617,972.916823712364,23.239,24
2026-02-10 17:49:44,496.0,1431.0,21.8282508641277,58.1520548241232,1086.41205460193,23.0469999999999,24
2026-02-10 17:52:28,507.0,1432.0,24.1368109080067,65.802074644348,1057.73106065204,22.902,24
2026-02-10 17:55:12,519.0,1410.0,22.7658578786213,79.4573102153117,568.956027271795,22.936,24
2026-02-10 17:57:56,511.0,1425.5,23.4576669679081,78.1659000750281,630.849634224048,22.915,24
2026-02-10 18:00:40,520.0,1395.0,23.6832029953511,78.2431120871776,636.702881113664,24.8375,24
2026-02-10 18:03:24,526.0,1410.0,23.8479206828633,78.3570315216867,641.551956831097,24.825,24
2026-02-10 18:06:08,520.0,1410.0,23.9720926822192,78.5162958322523,640.497200672357,24.7644999999999,24
2026-02-10 18:08:52,514.0,1408.0,23.0420739999099,66.9189792485911,931.555404037279,24.741,24
2026-02-10 18:11:36,502.0,1398.0,20.5181489821115,58.5431706255265,1000.69684958467,24.774,24
2026-02-10 18:14:20,487.0,1390.0,21.4151987946825,67.3618328160595,832.103474824974,24.619,24
2026-02-10 18:17:04,499.5,1396.0,21.3391769103764,63.669400948064,922.342829068628,24.612,24
2026-02-10 18:19:48,484.0,1387.5,20.2647471121163,58.6200991287549,986.458767915992,24.766,24
2026-02-10 18:22:32,493.5,1384.0,24.2280395966081,58.7038175139791,1225.02700001279,24.737,24
2026-02-10 18:25:16,506.5,1373.0,22.5859377781453,79.8678130774766,551.637320929158,24.6895,24
2026-02-10 18:28:00,509.0,1391.5,23.3258933759352,77.8187543479659,635.419123094831,24.767,24
2026-02-10 18:30:44,512.0,1391.0,23.609713666985,77.6979463876903,649.540704934569,24.78,24
2026-02-10 18:33:28,506.5,1389.0,23.7921700465085,77.8316127557606,654.424034539433,24.795,24
2026-02-10 18:36:12,510.0,1377.0,23.9644903113658,77.8563586021039,658.989126786779,24.7329999999999,24
2026-02-10 18:38:56,507.5,1373.0,24.0405140612274,77.5093183320377,673.612425137009,24.779,24
2026-02-10 18:41:40,502.0,1372.5,21.0528301840677,60.0114652999527,997.264494665168,24.783,24
2026-02-10 18:44:24,493.0,1369.0,20.5637614444131,62.3273163684283,911.914395874111,24.799,24
2026-02-10 18:47:08,492.0,1369.5,21.9524188553041,67.1790019733059,872.809909173055,24.7629999999999,24
2026-02-10 18:49:52,485.5,1365.0,20.0518896085268,58.6643335570555,979.218973642213,24.761,24
2026-02-10 18:52:36,480.0,1352.0,23.1535743602144,58.5115456017778,1182.73908878094,24.7715,24
2026-02-10 18:55:20,506.5,1371.0,23.0522121193935,75.8896390575854,683.422208372247,24.771,24
2026-02-10 18:58:04,503.0,1373.0,23.0876877666451,78.0118784513018,620.891132261101,24.747,24
2026-02-10 19:00:48,512.0,1367.5,23.5032809530675,77.4946906960753,651.317814931033,24.807,24
2026-02-10 19:03:32,511.0,1359.0,23.6806688794458,77.5781007622096,655.798306371719,24.676,24
2026-02-10 19:06:16,507.0,1362.5,23.8529889266064,77.6723150363742,659.928300389012,24.783,24
2026-02-10 19:09:00,503.0,1371.0,23.9796950542368,77.803500056462,661.00172756841,24.735,24
2026-02-10 19:11:44,510.0,1389.0,21.9549534374527,63.3889505666451,964.606314030069,24.7105,24
2026-02-10 19:14:28,492.0,1397.0,20.3052911364065,57.8599928123734,1012.74652538723,24.703,24
2026-02-10 19:17:12,489.5,1508.5,21.9346804947854,67.8429696064801,841.159431323382,24.6064999999999,24
2026-02-10 19:19:56,488.0,1535.0,20.2647468430513,59.178279888705,970.076964174273,24.727,24
2026-02-10 19:22:40,483.0,1543.0,21.9372156384924,57.9977121034939,1097.78648218312,24.6349999999999,24
2026-02-10 19:25:24,499.0,1546.0,22.2615754219295,73.2999334754412,717.109976666757,24.645,24
2026-02-10 19:28:08,506.0,1540.5,22.6619603079743,80.5701715309488,534.820595089695,24.6615,24
2026-02-10 19:30:52,500.0,1568.5,23.564099628129,79.5189664067176,595.198527934886,24.659,24
2026-02-10 19:33:36,500.0,1558.0,23.9138078439573,79.9075792518287,596.891266044697,24.618,24
2026-02-10 19:36:20,509.0,1471.5,24.1646863309579,80.2092633571618,595.731857129196,24.644,24
2026-02-10 19:39:04,513.5,1485.0,24.4104972567001,80.2804593990091,602.363794379482,24.6545,24
2026-02-10 19:41:48,501.5,1483.0,22.1272700948902,64.3435069792598,949.571504464095,24.64,24
2026-02-10 19:44:32,496.0,1474.0,20.2951550613215,58.7074472107979,996.420102191363,24.703,24
2026-02-10 19:47:16,488.0,1490.0,21.9625552266661,67.8667473880632,836.65914029264,24.6259999999999,24
2026-02-10 19:50:00,489.0,1481.0,20.3154272126557,59.3450673367709,969.142224971317,24.618,24
2026-02-10 19:52:44,478.0,1486.0,21.9245453239564,58.2436844830461,1093.68017900498,24.6075,24
2026-02-10 19:55:28,501.0,1484.5,22.1703487659397,72.4597627363614,735.580734464092,24.608,24
2026-02-10 19:58:12,506.0,1488.0,22.6518239542201,80.5938663009967,533.833293985044,24.5935,24
2026-02-10 20:00:56,506.0,1479.5,23.5590314033033,79.5788640031843,593.276739720514,24.531,24
2026-02-10 20:03:40,501.5,1497.0,23.9568879456055,79.8534461556294,597.824595990392,24.6525,24
2026-02-10 20:06:24,512.0,1480.0,23.9948998020554,78.8819183020716,629.623162609523,24.749,24
2026-02-10 20:09:08,509.0,1491.0,24.017706928731,77.8144798096846,663.261408867016,22.879,24
2026-02-10 20:11:52,502.5,1495.0,21.5824459115101,62.2448398420648,972.886841437439,22.251,24
2026-02-10 20:14:36,490.0,1493.0,20.2039304379432,57.5098747163015,1022.43854885364,21.3864999999999,24
2026-02-10 20:17:20,489.0,1491.0,21.9777595908963,67.570930359995,836.126532815829,21.049,24
2026-02-10 20:20:04,494.0,1486.0,20.2140665025508,58.836180595698,975.148242085473,20.989,24
2026-02-10 20:22:48,469.0,1495.0,21.8814661824435,57.9710881274857,1099.08648569052,21.003,24
2026-02-10 20:25:32,496.0,1493.0,24.1469474243058,65.6547680897115,1064.21869310599,21.0895,24
2026-02-10 20:28:16,496.0,1482.0,22.7709260715782,78.1319360414838,605.863885004344,21.304,24
2026-02-10 20:31:00,493.0,1477.0,23.3512344360351,76.8259910864704,666.705641964811,21.4555,24
2026-02-10 20:33:44,498.0,1477.0,23.5767701917939,76.816532019232,674.247917499341,22.36,24
2026-02-10 20:36:28,500.5,1486.0,23.7516241512785,76.8890189643928,679.24940322704,22.982,24
2026-02-10 20:39:12,495.0,1484.0,23.906205477615,76.9535844052484,681.582973794693,23.251,24
2026-02-10 20:41:56,506.0,1482.5,22.8494828002585,65.4272874816904,962.281947782048,23.364,24
2026-02-10 20:44:40,493.0,1487.0,20.2976892066217,58.1868762063276,1013.20851605823,23.515,24
2026-02-10 20:47:24,483.0,1482.0,21.8054430849442,68.5027199051035,822.764908777491,23.918,24
2026-02-10 20:50:08,485.0,1474.0,20.7360756603302,61.0021498031234,953.903870835474,23.987,24
2026-02-10 20:52:52,482.0,1479.0,20.3458354483882,57.8706853452096,1005.52786731256,23.659,24
2026-02-10 20:55:36,484.5,1474.0,24.1266743928717,57.9695424673688,1223.25373481167,23.406,24
2026-02-10 20:58:20,494.0,1476.5,22.5099152439506,78.601723552413,583.574918155102,23.239,24
2026-02-10 21:01:04,502.0,1466.0,23.1333015569543,77.079228924844,649.327539846895,23.0469999999999,24
2026-02-10 21:03:48,502.0,1461.0,23.1915858792053,80.4735227723086,555.445008725738,22.902,24
2026-02-10 21:06:32,520.0,1469.0,23.0319376105035,83.6224014718969,460.907560047841,22.936,24
2026-02-10 21:09:16,523.0,1472.0,22.7303805643023,86.5365513666371,372.056231242899,22.915,24
2026-02-10 21:12:00,523.0,1480.0,22.4389608562923,89.0524054438585,,20.788,24
2026-02-10 21:14:44,520.0,1470.5,21.9422825561196,86.253204515505,362.078947349586,20.844,24
2026-02-10 21:17:28,516.0,1476.0,21.5672415792942,84.4791191188941,399.575265495247,20.962,24
2026-02-10 21:20:12,513.5,1481.5,21.3594493028358,83.9145982381095,408.047855494361,21.418,24
2026-02-10 21:22:56,503.5,1481.5,21.1922022138023,83.8728543830272,406.892316995289,24.8265,24
2026-02-10 21:25:40,512.0,1480.5,21.0274894829635,84.0984447639708,396.168954213258,24.532,24
2026-02-10 21:28:24,514.0,1472.0,20.9033216269745,84.4433880856114,384.520182506167,24.62,24
2026-02-10 21:31:08,501.0,1473.0,20.8044942749111,84.710871907701,375.619087821392,24.5045,24
2026-02-10 21:33:52,510.0,1466.0,20.7310073412081,85.0733908245525,365.058298021977,24.17,24
2026-02-10 21:36:36,499.0,1474.5,20.6549864397384,85.4817729324347,353.082387620541,23.997,24
2026-02-10 21:39:20,499.5,1473.0,20.6119079580093,85.6730476228712,347.83236258107,23.8155,24
2026-02-10 21:42:04,503.0,1466.0,20.5384211846685,86.0873476732693,336.352611052887,23.7725,24
2026-02-10 21:44:48,506.5,1475.0,20.4801386149047,86.2980900276983,329.966389475684,23.881,24
2026-02-10 21:47:32,499.0,1459.0,20.4269241282308,86.5587845884826,322.627635521668,24.117,24
2026-02-10 21:50:16,507.5,1457.0,20.401583907922,86.6750960924903,319.236287181961,24.391,24
2026-02-10 21:53:00,507.0,1470.0,20.3458354483882,87.0131413340829,310.321961400024,25.3145,24
2026-02-10 21:55:44,508.0,1465.0,20.3002230993006,87.331438577551,301.60768976622,25.769,24
2026-02-10 21:58:28,498.0,1460.0,20.2495427378453,87.6263659272307,,25.354,24
2026-02-10 22:01:12,506.5,1464.5,20.2318046184518,87.7412051690187,,25.4414999999999,24
2026-02-10 22:03:56,510.0,1467.0,20.1887263432145,88.0053026292868,,25.2325,24
2026-02-10 22:06:40,505.0,1457.5,20.1481821035558,88.2370247070891,,24.703,24
2026-02-10 22:09:24,499.0,1458.5,20.1228419629915,88.4106695673331,,24.226,24
2026-02-10 22:12:08,507.0,1471.0,20.0924338042386,88.6325772804867,,23.773,24
2026-02-10 22:14:52,500.0,1451.0,20.0569576319539,88.8327239759394,,23.39,24
2026-02-10 22:17:36,503.0,1457.5,20.0265494957566,89.0186822364931,,23.188,24
2026-02-10 22:20:20,506.0,1464.0,19.9910733501019,89.2371626736824,,23.219,24
2026-02-10 22:23:04,503.0,1459.0,19.9860053304582,89.3191515426215,,22.6929999999999,24
2026-02-10 22:25:48,499.0,1462.5,19.947995192444,89.5396999250951,,23.178,24
2026-02-10 22:28:32,506.5,1464.0,19.9251891174353,89.690834417284,,23.8625,24
2026-02-10 22:31:16,502.0,1449.0,19.909985070728,89.8482449936468,,24.291,24
2026-02-10 22:34:00,498.5,1463.5,19.8947810266399,89.9965497334049,,24.5724999999999,24
2026-02-10 22:36:44,497.0,1466.0,19.8669069529423,90.1126456022267,,24.84,24
2026-02-10 22:39:28,505.0,1461.0,19.8491689100919,90.2407538884117,,24.991,24
2026-02-10 22:42:12,511.0,1453.0,19.8263628606946,90.3980814253152,,25.895,24
2026-02-10 22:44:56,502.0,1472.0,19.7984888082428,90.5879212282372,,25.2145,24
2026-02-10 22:47:40,505.0,1464.0,19.7706147646676,90.6985104847408,,24.593,24
2026-02-10 22:50:24,500.0,1468.0,19.7579447477182,90.8753404508348,,24.213,24
2026-02-10 22:53:08,512.5,1448.0,19.7478087354975,90.9554640546419,,23.9,24
2026-02-10 22:55:52,504.0,1455.0,19.7275367145484,91.0982269768172,,23.768,24
2026-02-10 22:58:36,507.5,1458.0,19.7021966949105,91.2138619666397,,26.264,24
2026-02-10 23:01:20,510.5,1474.0,19.6920606892381,91.2545117715747,,27.9414999999999,24
2026-02-10 23:04:04,512.0,1480.0,19.6464486773184,91.4745918761014,,27.0815,24
2026-02-10 23:06:48,510.0,1471.0,19.6287106794334,91.5531465975276,,26.6925,24
2026-02-10 23:09:32,510.0,1481.5,19.6109726844588,91.7039598703359,,26.3405,24
2026-02-10 23:12:16,511.0,1476.0,19.5957686918845,91.7990514008057,,21.606,24
2026-02-10 23:15:00,514.0,1477.0,19.5805647019296,91.9212199492725,,21.104,24
2026-02-10 23:17:44,510.0,1494.0,19.5653607145941,91.9585316618963,,21.117,24
2026-02-10 23:20:28,519.5,1485.0,19.5400207415223,92.1559044048224,,21.104,24
2026-02-10 23:23:12,508.0,1483.0,19.5450887357001,92.1613211649901,,21.1145,24
2026-02-10 23:25:56,509.0,1478.0,19.5146807757264,92.3363762372293,,21.658,24
2026-02-10 23:28:40,513.0,1478.0,19.4893408172065,92.4632738512345,,22.734,24
2026-02-10 23:31:24,509.0,1465.0,19.4640008659625,92.5595180107729,,23.584,24
2026-02-10 23:34:08,508.0,1480.0,19.4690688557748,92.5766131944865,,24.255,24
2026-02-10 23:36:52,509.5,1490.0,19.4589328765869,92.7032493723878,,24.582,24
2026-02-10 23:39:36,511.0,1484.0,19.4538648875022,92.6749323299364,,24.285,24
2026-02-10 23:42:20,513.0,1482.5,19.4386609221401,92.7494971322011,,23.97,24
2026-02-10 23:45:04,515.5,1490.5,19.3981170267798,93.0031462557371,,23.616,24
2026-02-10 23:47:48,516.0,1486.0,19.3753110939433,93.1095399953801,,23.282,24
2026-02-10 23:50:32,517.5,1479.0,19.3727771017292,93.1474330139762,,23.029,24
2026-02-10 23:53:16,513.0,1488.0,19.3499711754411,93.2738947059893,,22.946,24
2026-02-10 23:56:00,515.5,1494.0,19.3474371839547,93.2898188355424,,22.661,24
2026-02-10 23:58:44,509.0,1490.0,19.311961311294,93.4246897119881,,21.764,24
2026-02-11 00:01:28,516.0,1502.0,19.3068933306494,93.5337431738173,,21.2285,24
2026-02-11 00:04:12,516.0,1488.0,19.3018253502959,93.5479037120201,,21.3915,24
2026-02-11 00:06:56,516.0,1497.0,19.2815534317924,93.6935601347108,,21.661,24
2026-02-11 00:09:40,517.0,1501.5,19.2587475290783,93.8118219399001,,21.0835,24
2026-02-11 00:12:24,518.0,1502.5,19.2460775856161,93.8724568476217,,20.822,24
2026-02-11 00:15:08,520.5,1505.0,19.2486115741921,93.8352181681248,,20.705,24
2026-02-11 00:17:52,512.0,1513.0,19.2308736559061,93.9523406162642,,20.63,24
2026-02-11 00:20:36,515.0,1485.0,19.2106017537007,94.0038954997468,,20.548,24
2026-02-11 00:23:20,524.0,1486.5,19.2004658044897,94.0578302627029,,20.494,24
2026-02-11 00:26:04,517.0,1501.5,19.1801939091237,94.2272663884043,,20.465,24
2026-02-11 00:28:48,523.0,1484.0,19.1725919496529,94.2794375090034,,21.0875,24
2026-02-11 00:31:32,507.0,1498.0,19.1700579632597,94.3071218372208,,21.27,24
2026-02-11 00:34:16,516.0,1499.0,19.1472520893585,94.3898151311808,,21.49,24
2026-02-11 00:37:00,501.0,1499.0,19.1396501326526,94.4365645099047,,21.851,24
2026-02-11 00:39:44,515.0,1492.0,19.1320481766742,94.4943127413417,,22.468,24
2026-02-11 00:42:28,519.0,1488.0,19.1193782514019,94.5408660777111,,23.237,24
2026-02-11 00:45:12,518.0,1491.0,19.0991063748078,94.6739931636044,,23.49,24
2026-02-11 00:47:56,512.0,1485.5,19.0991063748078,94.6712895504593,,21.5615,24
2026-02-11 00:50:40,515.5,1494.0,19.091504422322,94.6781112396395,,20.807,24
2026-02-11 00:53:24,518.0,1485.0,19.0788345028704,94.6795253637402,,21.81,24
2026-02-11 00:56:08,514.0,1470.0,19.0610966187814,94.8509326252927,,22.3985,24
2026-02-11 00:58:52,510.5,1465.0,19.0484267036954,94.8979744233144,,22.6385,24
2026-02-11 01:01:36,513.0,1463.0,19.053494669497,94.8992690433383,,22.7614999999999,24
2026-02-11 01:04:20,514.0,1473.5,19.0382907729654,94.9831802480575,,22.7975,24
2026-02-11 01:07:04,508.5,1472.0,19.0382907729654,95.0244832855704,,22.879,24
2026-02-11 01:09:48,521.0,1479.0,19.0357567907922,95.0427550006226,,22.251,24
2026-02-11 01:12:32,521.0,1454.0,19.0078829877602,95.1503217933253,,21.3864999999999,24
2026-02-11 01:15:16,518.0,1484.0,18.9876111367775,95.1949653820472,,21.049,24
2026-02-11 01:18:00,521.0,1520.0,18.9876111367775,95.2071762443468,,20.989,24
2026-02-11 01:20:44,519.5,1513.0,18.9724072515964,95.3088919662927,,21.003,24
2026-02-11 01:23:28,512.5,1517.0,18.9673392904514,95.3463989532449,,21.0895,24
2026-02-11 01:26:12,521.0,1487.0,18.9673392904514,95.3602370032984,,21.304,24
2026-02-11 01:28:56,516.5,1481.0,18.947067448782,95.4343548854135,,21.4555,24
2026-02-11 01:31:40,520.0,1479.5,18.9394655093929,95.4755399664329,,22.36,24
2026-02-11 01:34:24,518.0,1486.0,18.9318635705858,95.4910136281342,,22.982,24
2026-02-11 01:37:08,522.0,1486.5,18.9065237794129,95.6546823370806,,23.251,24
2026-02-11 01:39:52,519.0,1471.0,18.896387864981,95.7087898264706,,23.364,24
2026-02-11 01:42:36,519.0,1478.0,18.8913199082016,95.7304021606691,,23.515,24
2026-02-11 01:45:20,522.0,1481.0,18.8862519517133,95.7763278738022,,23.918,24
2026-02-11 01:48:04,524.0,1464.0,18.8761160396097,95.8425474210631,,23.987,24
2026-02-11 01:50:48,522.0,1467.5,18.855844218895,95.9128460863006,,23.659,24
2026-02-11 01:53:32,521.0,1482.5,18.8609121736371,95.8999993762712,,23.406,24
2026-02-11 01:56:16,514.0,1482.0,18.8457083102839,95.9939402928108,,23.239,24
2026-02-11 01:59:00,522.0,1473.5,18.8254364965541,96.0857733939683,,23.0469999999999,24
2026-02-11 02:01:44,520.0,1461.0,18.8153005914355,96.1482773254668,,22.902,24
2026-02-11 02:04:28,515.0,1477.5,18.8153005914355,96.1486084251421,,22.936,24
2026-02-11 02:07:12,524.0,1466.0,18.805164687481,96.2036672025289,,22.915,24
2026-02-11 02:09:56,522.0,1466.0,18.805164687481,96.2161759069287,,,24
2026-02-11 02:12:40,521.0,1459.0,18.7950287846906,96.2749249868484,,,24
2026-02-11 02:15:24,526.5,1456.5,18.7747569826024,96.374883720243,,23.128,24
2026-02-11 02:18:08,519.0,1443.0,18.7747569826024,96.4228234290366,,23.093,24
2026-02-11 02:20:52,528.0,1460.5,18.7544851851707,96.4910304919981,,23.0695,24
2026-02-11 02:23:36,537.5,1452.0,18.7544851851707,96.441762473141,,23.055,24
2026-02-11 02:26:20,528.0,1451.0,18.7570191596314,96.4751629516608,,23.022,24
2026-02-11 02:29:04,514.0,1459.0,18.7240774977544,96.5788282795602,,22.99,24
2026-02-11 02:31:48,522.5,1445.0,18.7114076311263,96.6642194611584,,22.9535,24
2026-02-11 02:34:32,521.5,1447.0,18.7190095508703,96.6584859200074,,22.905,24
2026-02-11 02:37:16,523.0,1408.0,18.7164755775738,96.6669193435982,,22.897,24
2026-02-11 02:40:00,527.0,1421.5,18.6987377662444,96.7529963752792,,22.885,24
2026-02-11 02:42:44,517.0,1410.0,18.69620379353,96.806986319368,,22.88,24
2026-02-11 02:45:28,526.0,1436.0,18.6936698208155,96.7968583549705,,22.8925,24
2026-02-11 02:48:12,517.0,1444.0,18.680999958553,96.8697603613391,,22.905,24
2026-02-11 02:50:56,523.0,1457.5,18.6480583250522,96.995291305328,,22.946,24
2026-02-11 02:53:40,533.0,1450.0,18.6328544983698,97.052650348092,,22.9895,24
2026-02-11 02:56:24,521.0,1439.0,18.6429903825337,97.0168835479106,,23.0245,24
2026-02-11 02:59:08,532.0,1450.0,18.6379224403062,97.0904345791948,,23.052,24
2026-02-11 03:01:52,527.0,1447.0,18.6176506743067,97.1639789568921,,23.0499999999999,24
2026-02-11 03:04:36,523.5,1443.0,18.6075147930532,97.2435887251015,,23.051,24
2026-02-11 03:07:20,521.5,1442.0,18.6049808229581,97.2783321450913,,23.0395,24
2026-02-11 03:10:04,520.5,1446.0,18.6075147930532,97.253707577957,,23.0075,24
2026-02-11 03:12:48,524.0,1436.0,18.602446852863,97.2860900005218,,23.0024999999999,24
2026-02-11 03:15:32,520.0,1442.0,18.5923109733557,97.3225165153896,,22.966,24
2026-02-11 03:18:16,514.0,1439.5,18.5619033418188,97.4816908512447,,22.944,24
2026-02-11 03:21:00,524.0,1417.0,18.5669712796807,97.484389114487,,22.923,24
2026-02-11 03:23:44,519.0,1412.0,18.5695052487571,97.4145894293556,,22.8995,24
2026-02-11 03:26:28,527.0,1409.5,18.5568354042479,97.4628046486236,,22.871,24
2026-02-11 03:29:12,517.0,1427.5,18.5593693730334,97.5181223765949,,22.8695,24
2026-02-11 03:31:56,519.0,1447.0,18.5365636568749,97.6287207178602,,22.846,24
2026-02-11 03:34:40,511.0,1443.5,18.5238938171678,97.6459053615726,,22.824,24
2026-02-11 03:37:24,522.0,1434.5,18.521359849401,97.7136895674232,,22.821,24
2026-02-11 03:40:08,518.5,1446.5,18.5112239793525,97.7352442986642,,22.846,24
2026-02-11 03:42:52,523.0,1439.0,18.501088110177,97.8228991694788,,22.8715,24
2026-02-11 03:45:36,523.5,1445.0,18.501088110177,97.887637628382,,22.903,24
2026-02-11 03:48:20,527.0,1446.5,18.4833503422123,97.9759278881878,,22.95,24
2026-02-11 03:51:04,523.0,1431.0,18.4808163756097,97.975243866261,,22.986,24
2026-02-11 03:53:48,528.0,1436.0,18.4706805100722,98.016043200761,,22.968,24
2026-02-11 03:56:32,519.0,1399.5,18.4605446456989,98.11412137748,,22.962,24
2026-02-11 03:59:16,529.0,1402.5,18.4402729204448,98.1575677997122,,22.9615,24
2026-02-11 04:02:00,525.0,1417.0,18.4402729204448,98.1875761265326,,22.942,24
2026-02-11 04:04:44,529.0,1412.0,18.427603094562,98.2606802272301,,22.9155,24
2026-02-11 04:07:28,519.0,1438.5,18.4200011998473,98.286614957123,,22.904,24
2026-02-11 04:10:12,522.0,1424.0,18.4123993058601,98.3772642912637,,22.87,24
2026-02-11 04:12:56,524.0,1432.0,18.4098653412947,98.3769199479163,,22.834,24
2026-02-11 04:15:40,517.0,1408.0,18.3971955197775,98.4715757922223,,22.793,24
2026-02-11 04:18:24,527.0,1413.0,18.3895936276821,98.4874083373595,,22.762,24
2026-02-11 04:21:08,531.0,1408.0,18.3895936276821,98.5116743727488,,22.726,24
2026-02-11 04:23:52,514.0,1399.5,18.3794577726221,98.5507355521516,,22.6884999999999,24
2026-02-11 04:26:36,521.5,1404.5,18.3693219187262,98.5978824418477,,22.658,24
2026-02-11 04:29:20,520.0,1408.0,18.3693219187262,98.6922418433454,,22.6195,24
2026-02-11 04:32:04,524.0,1413.0,18.3490502144268,98.7932193845964,,22.571,24
2026-02-11 04:34:48,516.0,1402.5,18.3262445526925,98.8322655246884,,22.55,24
2026-02-11 04:37:32,523.5,1410.0,18.3135747431078,98.8490512358956,,22.5095,24
2026-02-11 04:40:16,524.0,1401.0,18.3135747436899,98.8975694105773,,22.47,24
2026-02-11 04:43:00,517.5,1411.0,18.298370974051,98.9709529447476,,22.4395,24
2026-02-11 04:45:44,517.0,1394.0,18.2907690905412,98.9972093780103,,22.4015,24
2026-02-11 04:48:28,523.0,1401.0,18.2831672076135,99.027462051818,,22.366,24
2026-02-11 04:51:12,525.0,1406.0,18.2780992860498,99.0806666743533,,22.3265,24
2026-02-11 04:53:56,526.0,1386.0,18.2628955231048,99.1331710830317,,22.2855,24
2026-02-11 04:56:40,520.0,1406.0,18.2578276027052,99.1822789303139,,22.238,24
2026-02-11 04:59:24,526.0,1391.0,18.2527596825966,99.2496481850824,,22.205,24
2026-02-11 05:02:08,518.0,1375.0,19.1751262854377,96.1021861696737,,22.164,24
2026-02-11 05:04:52,527.0,1370.0,21.080704331398,87.4297768526186,314.108109606231,22.125,24
2026-02-11 05:07:36,523.0,1391.0,21.9878957368491,83.9709176614171,423.394041589269,22.082,24
2026-02-11 05:10:20,524.0,1375.0,22.6695624700078,81.9393749170596,497.253516480261,22.044,24
2026-02-11 05:13:04,517.5,1372.0,23.158642561757,80.7866716765016,544.868800008004,21.999,24
2026-02-11 05:15:48,524.0,1391.0,23.5007468431285,80.1687690365937,574.124550328385,21.966,24
2026-02-11 05:18:32,521.5,,22.6163466471771,85.5598763767505,396.281152608217,21.915,24
2026-02-11 05:21:16,524.0,,21.3265070393827,79.2391144566421,526.162159530722,21.883,24
2026-02-11 05:24:00,495.0,1414.0,19.6869926866202,71.9952915446327,697.171661043868,21.851,24
2026-02-11 05:26:44,494.0,1415.0,22.9103011593979,72.5981616660917,757.828199143256,21.8085,24
2026-02-11 05:29:28,493.0,1397.0,22.3933474248333,74.4464826137938,702.711857080176,21.764,24
2026-02-11 05:32:12,493.0,1378.0,22.0740540660044,82.7724531338287,457.43687329065,21.716,24
2026-02-11 05:34:56,517.0,,22.3502681050595,85.12232862468,401.732043073884,21.682,24
2026-02-11 05:37:40,509.5,,22.7531873580301,87.0172207861521,359.255392942492,21.661,24
2026-02-11 05:40:24,507.0,,22.9457783475518,87.6338426461838,346.206357810422,21.615,24
2026-02-11 05:43:08,510.5,,23.090221868435,87.9157992891818,341.10688430474,21.587,24
2026-02-11 05:45:52,507.0,1410.0,20.3711756528355,70.6626586053462,701.761800892776,21.552,24
2026-02-11 05:48:36,485.0,1410.0,20.7968921754509,71.0079751977674,732.954846327947,21.511,24
2026-02-11 05:51:20,490.0,1422.0,23.3436322709458,71.490369189658,817.442931749381,21.472,24
2026-02-11 05:54:04,493.0,1402.0,22.4997788015753,79.8190166002257,548.909305272233,21.443,24
2026-02-11 05:56:48,498.0,1411.0,22.6163466471771,83.1656034919512,462.131235768979,21.4185,24
2026-02-11 05:59:32,500.5,1390.0,22.7988009754626,84.6165029339288,426.865342943872,21.385,24
2026-02-11 06:02:16,499.0,,23.1231651593989,86.1134946247938,392.960030791913,21.313,24
2026-02-11 06:05:00,500.5,,23.3563026489282,86.6942311383443,380.816641788145,21.3224999999999,24
2026-02-11 06:07:44,503.0,,22.6163475099601,75.9276908590656,659.53328188971,21.3075,24
2026-02-11 06:10:28,480.0,1414.0,20.1228419629915,68.426068346791,746.564677457447,21.28,24
2026-02-11 06:13:12,473.5,1437.0,23.31322307566,70.648309198352,841.578934481596,21.272,24
2026-02-11 06:15:56,485.0,1407.0,22.839346432971,75.9232363654634,669.731031735469,21.27,24
2026-02-11 06:18:40,490.0,1417.5,22.7633237155678,81.8817776436529,501.359036455807,21.2445,24
2026-02-11 06:21:24,490.0,,22.9153692160034,83.1181751695107,471.759307264222,21.228,24
2026-02-11 06:24:08,488.5,1415.0,22.998994353009,83.8071004981403,455.809131557733,21.232,24
2026-02-11 06:26:52,491.5,1426.0,23.1383697573328,83.8630014224111,457.3250483311,21.227,24
2026-02-11 06:29:36,493.0,1421.0,23.2245292082952,83.9703691403098,456.206908146347,21.21,24
2026-02-11 06:32:20,492.5,1417.5,23.310688745696,83.9919045462293,457.966066280367,21.213,24
2026-02-11 06:35:04,488.0,1422.5,23.4069847938662,84.0464502528989,460.099648720476,21.192,24
2026-02-11 06:37:48,490.0,1433.0,22.449098330253,72.5423635689542,737.664343110765,21.194,24
2026-02-11 06:40:32,480.0,1432.5,20.2748829146439,66.9674019414736,785.469891612178,21.194,24
2026-02-11 06:43:16,474.5,1433.5,23.5235540943685,69.6937252393258,875.020939673628,21.1995,24
2026-02-11 06:46:00,482.0,1417.5,23.082619569177,75.1147965826683,702.482458240978,21.22,24
2026-02-11 06:48:44,481.0,1433.0,23.0522103928087,81.0807520132771,533.081545817784,21.2205,24
2026-02-11 06:51:28,485.0,1426.5,23.1839835738355,82.7409765925956,490.646950174528,21.2065,24
2026-02-11 06:54:12,488.5,1434.0,23.2853476962191,83.2962123735384,477.133800074346,21.201,24
2026-02-11 06:56:56,493.5,1423.0,23.3613708621123,83.6369934511369,470.756217723945,21.238,24
2026-02-11 06:59:40,491.0,1434.0,23.4500646399828,83.6011749178585,472.617606323151,21.258,24
2026-02-11 07:02:24,488.0,1431.0,21.511492383579,70.0662748267622,768.001484702183,21.2565,24
2026-02-11 07:05:08,484.0,1425.0,19.904917223961,65.3454655739961,802.591328649452,21.246,24
2026-02-11 07:07:52,474.0,1452.0,23.173847168131,68.0056845540409,908.157195734707,21.263,24
2026-02-11 07:10:36,486.5,1439.0,23.3461662234331,72.0759334656784,800.910796966782,21.295,24
2026-02-11 07:13:20,487.0,1429.0,23.0065966433903,80.0300309520186,561.137935413333,21.316,24
2026-02-11 07:16:04,490.0,1438.0,23.158642561757,82.03041221345,509.597690157684,21.313,24
2026-02-11 07:18:48,494.0,,23.2346656234585,82.8298563405218,489.317963965316,21.305,24
2026-02-11 07:21:32,491.5,1431.5,23.3613708621123,83.0637012866511,486.722417039528,21.3205,24
2026-02-11 07:24:16,494.0,,23.4525987505039,83.0652301693564,489.07069602588,21.357,24
2026-02-11 07:27:00,485.5,1439.0,20.8982535549439,68.4142691196455,780.47636568435,21.376,24
2026-02-11 07:29:44,469.5,1443.0,19.9049172142113,65.9056826619872,822.692579222093,21.3745,24
2026-02-11 07:32:28,473.0,1458.0,23.6451912649208,68.1245411188669,921.201615343165,21.37,24
2026-02-11 07:35:12,487.0,1433.0,23.0243353323458,75.1745856108866,697.905021070791,21.3855,24
2026-02-11 07:37:56,497.0,1424.5,23.0572785862023,80.547049015386,548.295279647401,21.42,24
2026-02-11 07:40:40,493.5,,23.166244865526,82.0119731208242,510.351632349755,21.4384999999999,24
2026-02-11 07:43:24,494.5,1434.5,23.3208251647884,82.457031289205,502.394228381975,21.434,24
2026-02-11 07:46:08,495.0,1444.0,23.3993824720528,82.7416768221506,495.675227920874,21.438,24
2026-02-11 07:48:52,496.0,1452.0,23.4373940947989,82.6437551205029,500.553312507408,21.449,24
2026-02-11 07:51:36,493.0,1447.0,20.4877406870073,66.2207605869668,813.84562296035,21.4715,24
2026-02-11 07:54:20,478.0,1467.0,20.6017732883483,67.270943847325,827.625193187714,21.508,24
2026-02-11 07:57:04,482.0,1469.0,24.0354458090441,68.0924921254551,932.653712845457,21.547,24
2026-02-11 07:59:48,485.5,,23.0015284498513,76.7252445203701,653.212845502439,21.5395,24
2026-02-11 08:02:32,491.0,1428.0,23.158642561757,80.5948642110583,550.308248174872,21.526,24
2026-02-11 08:05:16,496.0,1446.0,23.2524043445737,81.8588222724728,517.765703685093,21.546,24
2026-02-11 08:08:00,496.0,1444.0,23.376575503411,82.2984699812732,508.404076655491,21.65,24
2026-02-11 08:10:44,488.0,1440.5,23.4804739560495,82.4984669536744,506.442233114116,21.6905,24
2026-02-11 08:13:28,494.0,1456.5,23.0623467822151,74.7783544164479,711.107891687257,21.739,24
2026-02-11 08:16:12,494.0,1440.0,19.9226552195177,64.7343432917273,820.428333862552,21.753,24
2026-02-11 08:18:56,469.0,1467.0,22.0689859254343,67.1644055372966,876.560078139362,21.763,24
2026-02-11 08:21:40,476.0,1475.0,23.9036715226538,69.1062851569649,931.901171671524,21.7635,24
2026-02-11 08:24:24,492.0,,23.0572785862023,78.3313733934991,610.184503224318,21.774,24
2026-02-11 08:27:08,487.5,1458.0,23.1839835761638,81.0520974656777,538.159875005796,21.771,24
2026-02-11 08:29:52,499.0,1459.0,23.3360297991021,81.8009077336557,521.662542707526,21.741,24
2026-02-11 08:32:36,496.0,1459.0,23.4171212263463,82.1758332080085,512.861854051361,21.7265,24
2026-02-11 08:35:20,496.0,1442.0,23.5311561720009,82.3444164615224,511.889844069203,21.7105,24
2026-02-11 08:38:04,490.0,1450.5,22.42375637652,71.5738716540105,771.032599398465,21.7,24
2026-02-11 08:40:48,479.5,1457.0,20.0037435271224,64.5341980548846,829.189571374499,21.6625,24
2026-02-11 08:43:32,469.5,1468.0,22.7835964336991,67.124146034701,918.461940591905,21.621,24
2026-02-11 08:46:16,486.0,1451.5,23.8099094869248,69.8056440206783,896.924282181665,21.5825,24
2026-02-11 08:49:00,487.0,1441.5,23.1485061589628,78.8836425764915,598.470022534509,21.563,24
2026-02-11 08:51:44,504.0,1443.0,23.2752112798916,81.2164275453777,536.275408790672,21.533,24
2026-02-11 08:54:28,496.0,1447.0,23.376575503411,81.9582614647338,518.418411012686,21.474,24
2026-02-11 08:57:12,496.5,1447.5,23.4678034063545,82.3529223511814,510.128251800765,21.443,24
2026-02-11 08:59:56,497.0,1463.0,23.5945089831948,82.4866778712204,509.10933911483,21.416,24
2026-02-11 09:02:40,491.0,1451.0,21.3695860053994,68.5449537255464,799.883307996632,21.383,24
2026-02-11 09:05:24,477.0,1463.0,19.9505292011017,64.0005480801127,839.016871416549,21.3555,24
2026-02-11 09:08:08,471.5,1483.0,23.6097139463818,67.6652546993091,940.238047474279,21.31,24
2026-02-11 09:10:52,494.5,1456.0,23.3208251647884,73.3654468320848,762.758345391076,21.275,24
2026-02-11 09:13:36,491.0,1452.5,23.2042563887371,79.5904775300302,580.388301194937,21.207,24
2026-02-11 09:16:20,490.0,1453.5,23.3309615886828,81.3425332389312,534.5490046072,21.142,24
2026-02-11 09:19:04,493.0,1451.5,23.4678034062089,81.9426731346295,520.931606718328,21.252,24
2026-02-11 09:21:48,491.0,1465.0,23.5793043043522,82.2820660897926,515.371844502578,21.252,24
2026-02-11 09:24:32,481.0,1462.0,23.6350548062473,82.3889048256449,513.986327623024,21.2235,24
2026-02-11 09:27:16,484.0,1467.0,20.9261281593499,67.0724799176863,814.933403169077,21.19,24
2026-02-11 09:30:00,474.0,1470.0,20.3356993686466,66.3315312241782,848.732059713877,21.159,24
2026-02-11 09:32:44,469.0,1476.0,24.0582530998653,67.5232282402737,952.764797543506,21.135,24
2026-02-11 09:35:28,488.0,1452.0,23.158642561757,75.4756803512536,694.418716264002,21.1005,24
2026-02-11 09:38:12,489.5,1466.0,23.3258933765173,80.0566918759599,571.304812979709,21.0065,24
2026-02-11 09:40:56,493.0,1441.0,23.4424623126396,81.4767004301402,534.374344474934,20.997,24
2026-02-11 09:43:40,494.0,1457.0,23.5108832828846,82.1036171388423,518.507038143913,21.1315,24
2026-02-11 09:46:24,488.0,1453.0,23.6705324166978,82.1344919941179,523.704889855452,21.0935,24
2026-02-11 09:49:08,489.5,1442.5,23.4880765680281,77.8323988772855,639.732446432745,21.066,24
2026-02-11 09:51:52,483.0,1452.0,20.3813117366516,65.021492168495,837.224526974359,21.0454999999999,24
2026-02-11 09:54:36,475.0,,21.3847897970117,66.9456298328212,855.797986130016,21.0144999999999,24
2026-02-11 09:57:20,477.0,1478.0,24.1342769235052,68.1077603560247,956.926981953192,20.8545,24
2026-02-11 10:00:04,492.0,1443.0,23.2650748613814,76.7206580451057,664.026523611141,20.861,24
2026-02-11 10:02:48,490.0,1439.0,23.3867119360365,80.4015906839475,563.223995750625,20.987,24
2026-02-11 10:05:32,495.0,1461.0,23.564099628129,81.5490704701722,536.365429123725,20.9625,24
2026-02-11 10:08:16,489.0,1458.5,23.637588921716,82.0845125338518,523.045834804617,20.9395,24
2026-02-11 10:11:00,494.0,1448.0,23.7566923871636,82.2395819121981,521.607094645324,20.9235,24
2026-02-11 10:13:44,481.5,1458.0,23.0091315034806,72.493753018176,772.405232968674,20.8955,24
2026-02-11 10:16:28,484.0,1453.0,20.0924338040931,63.7735808326551,851.754453077524,20.86,24
2026-02-11 10:19:12,465.0,1476.0,22.7253130055178,66.967810579335,912.585265870467,20.886,24
2026-02-11 10:21:56,483.0,1467.0,23.1079605594277,72.3219170716494,782.519988743475,20.9065,24
2026-02-11 10:24:40,488.0,1459.0,23.2321315250155,79.5957687149177,581.199352968151,20.908,24
2026-02-11 10:27:24,488.0,1459.0,23.4678034062089,81.3699347956159,538.440332955335,20.9005,24
2026-02-11 10:30:08,493.0,1466.0,23.5818384190934,82.2015357469021,519.205770806062,20.8845,24
2026-02-11 10:32:52,489.0,1466.0,23.7110782746749,82.2746436211822,519.376127982522,20.8624999999999,24
2026-02-11 10:35:36,493.0,1445.0,23.7718970965652,82.4186310437648,517.822233249534,20.823,24
2026-02-11 10:38:20,485.0,1470.0,21.0426939724857,67.019791809596,822.074001619664,20.8025,24
2026-02-11 10:41:04,475.0,1469.0,20.5434892360353,66.6619583080185,863.929380390211,20.849,24
2026-02-11 10:43:48,478.0,1464.0,23.5260880843998,67.3698275472544,947.20031698442,20.837,24
2026-02-11 10:46:32,488.0,1462.0,23.1890517771244,77.5215884357524,638.634899890922,20.825,24
2026-02-11 10:49:16,494.0,1464.0,23.4399282054655,80.90898684892,550.664140249629,20.8044999999999,24
2026-02-11 10:52:00,487.5,1445.5,23.6350548062473,81.7439072733826,531.776052027892,20.767,24
2026-02-11 10:54:44,492.0,1446.0,23.7440217983239,82.2267020886626,523.071176775029,20.743,24
2026-02-11 10:57:28,490.0,1465.0,23.8732618928479,82.3900574768493,521.367590960704,20.819,24
2026-02-11 11:00:12,488.0,1470.0,22.3452007255546,70.2081417176261,803.785210401156,20.8239999999999,24
2026-02-11 11:02:56,478.0,1462.0,20.0721617039816,62.7603586648798,862.922526739841,20.806,24
2026-02-11 11:05:40,464.0,1489.0,22.2007585489773,68.0442629457026,856.340033696461,20.7935,24
2026-02-11 11:08:24,467.0,1470.0,24.4611800069978,70.0518776121162,935.29932834429,20.7475,24
2026-02-11 11:11:08,489.0,1465.0,23.6299865779292,78.6670780022968,621.778264215506,20.7185,24
2026-02-11 11:13:52,484.0,1465.0,23.6654641857603,81.1024695630985,552.373190500625,20.759,24
2026-02-11 11:16:36,493.5,,23.7921700465085,81.6721152287721,539.16326265639,20.79,24
2026-02-11 11:19:20,485.0,1457.5,23.8910007442027,81.9860012713498,533.716875261831,20.783,24
2026-02-11 11:22:04,489.5,1456.5,24.0101045524934,82.1897638781422,531.809938566485,20.77,24
2026-02-11 11:24:48,487.0,1468.0,23.2802801789075,72.7228818847702,778.729072696833,20.7449999999999,24
2026-02-11 11:27:32,477.5,1468.0,20.4066519512853,63.5069682968996,874.842253649453,20.696,24
2026-02-11 11:30:16,468.0,1486.0,21.4278699282003,67.1445426595478,874.318834923642,20.7065,24
2026-02-11 11:33:00,463.0,1482.5,,68.6738865855763,963.009737094674,20.7984999999999,24
2026-02-11 11:35:44,483.0,1475.0,23.7060100427188,77.3355000252214,664.317228674037,20.7615,24
2026-02-11 11:38:28,482.5,,23.7820335709548,80.4608782886435,575.320701831482,20.7395,24
2026-02-11 11:41:12,491.0,1461.5,23.8859325035155,81.3990650428809,551.46185005194,20.7035,24
2026-02-11 11:43:56,491.0,1464.0,23.9847633032186,81.8409163075569,543.051622442156,20.667,24
2026-02-11 11:46:40,486.5,1476.0,24.1064013666764,82.0620422721055,538.332022688116,20.711,24
2026-02-11 11:49:24,489.0,1477.0,23.7009418084344,74.5438214138276,745.899331147869,20.7404999999999,24
2026-02-11 11:52:08,478.5,1457.0,20.6093740612559,64.2715468751876,867.22329797537,20.7335,24
2026-02-11 11:54:52,477.0,1491.0,20.8374367132782,66.9708069332829,856.206064340661,20.721,24
2026-02-11 11:57:36,512.0,,24.3142001113155,68.0188764077322,954.0709291015,20.681,24
2026-02-11 12:00:20,509.0,,24.4434410419926,74.6904135804947,773.477328648142,20.645,24
2026-02-11 12:03:04,,1505.0,,77.8406435357315,690.169699210733,20.685,24
2026-02-11 12:05:48,,1495.0,,78.322614870143,686.930459746768,20.7275,24
2026-02-11 12:08:32,,1512.0,,78.560434797273,688.731505697179,20.6929999999999,24
2026-02-11 12:11:16,,1521.5,,78.4726451272503,701.420528048148,20.682,24
2026-02-11 12:14:00,,1514.0,,73.0114161328135,886.65594583355,20.645,24
2026-02-11 12:16:44,,,23.3740414909698,54.4553375744075,,20.656,24
2026-02-11 12:19:28,,1514.5,22.4490971775958,64.3400789142303,944.255712186922,20.79,24
2026-02-11 12:22:12,520.0,1498.0,21.5925821629643,70.7703644872811,746.74180993482,20.6555,24
2026-02-11 12:24:56,545.5,1496.0,23.2701430693268,71.5236853185902,818.749956893003,20.669,24
2026-02-11 12:27:40,546.0,1491.5,22.4440290261118,57.4843072662198,1154.56187456394,20.642,24
2026-02-11 16:11:48,0.71,1424.0,21.8307837084867,64.019154844714,950.402220682649,20.607,24
2026-02-11 16:14:32,0.715,1431.5,21.0857724139059,53.7116189744575,1159.95602664142,20.66,24
2026-02-11 16:17:16,0.715,1431.0,21.1187150926707,59.5396801062616,1013.11263483139,20.68,24
2026-02-11 16:20:00,0.715,1427.0,21.785170591349,59.0459449908009,1068.46956574066,20.664,24
2026-02-11 16:22:44,0.715,1428.0,21.0224214078771,52.777026388475,1187.1525487558,20.627,24
2026-02-11 16:25:28,0.71,1416.5,20.8729131991567,75.4540376889796,601.067132997742,20.596,24
2026-02-11 16:28:12,0.72,1435.0,21.02242142272,58.8350401706649,1024.87681183924,20.6229999999999,24
2026-02-11 16:30:56,0.72,1432.0,20.9894788960227,56.9227962396357,1070.41172217511,20.651,24
2026-02-11 16:33:40,0.72,1433.5,21.6863422744936,61.8757333908701,996.790239357714,20.6405,24
2026-02-11 16:36:24,0.72,1432.0,21.1465894267021,52.0029625859792,1197.22325714792,20.612,24
2026-02-11 16:39:08,0.71,1422.0,20.6600545030378,74.6569911586663,621.214227932634,20.5485,24
2026-02-11 16:41:52,0.71,1421.0,21.1465894267021,61.5577585194363,964.496879633799,20.682,24
2026-02-11 16:44:36,0.715,1429.5,20.8475728506455,54.8722537765018,1118.92361620238,20.654,24
2026-02-11 16:47:20,0.71,1409.0,21.6204567800305,63.2712546642793,938.766498349778,20.631,24
2026-02-11 16:50:04,0.72,1435.0,21.2935640473151,53.9167936138002,1166.67190971637,20.6145,24
2026-02-11 16:52:48,0.71,1420.0,20.573897567956,68.3295573246157,761.500410030854,20.495,24
2026-02-11 16:55:32,0.71,1428.0,21.2074064814078,66.845349778655,838.322099461986,20.5619999999999,24
2026-02-11 16:58:16,0.72,1430.0,20.7791539652535,55.0144272500323,1107.28195299024,20.644,24
2026-02-11 17:01:00,0.715,1423.5,21.4354708098107,64.2572792098371,935.108543839991,20.616,24
2026-02-11 17:03:44,0.71,1420.0,21.3315748385648,55.2685300849919,1135.00585404466,20.558,24
2026-02-11 17:06:28,0.705,1409.0,20.9844108190445,53.7909425079044,1148.59167330073,20.527,24
2026-02-11 17:09:12,0.72,1436.0,20.8754473080771,73.8615348257987,644.512326386614,20.57,24
2026-02-11 17:11:56,0.71,1419.5,20.8323686450312,56.082022717409,1081.49008791323,20.595,24
2026-02-11 17:14:40,0.71,1420.0,20.9996150508523,60.7931225190091,974.84597846283,20.578,24
2026-02-11 17:17:24,0.71,1419.0,21.6027183585392,56.8327629047371,1113.72653548602,20.569,24
2026-02-11 17:20:08,0.715,1433.5,20.7918241147708,52.6549065066871,1162.79593468448,20.548,24
2026-02-11 17:22:52,0.71,1427.0,21.785170591349,62.6824426688856,977.820644890879,20.559,24
2026-02-11 17:25:36,0.71,1422.0,21.3594493015261,53.0001713409867,1194.69048516515,20.583,24
2026-02-11 17:28:20,0.705,1416.0,20.3661077174474,70.076861995672,716.924132193554,20.562,24
2026-02-11 17:31:04,0.72,1439.0,21.2783597648667,66.6377281128499,848.563549799367,20.444,24
2026-02-11 17:33:48,0.725,1448.0,20.8349026983632,53.7401653950581,1138.8084384556,20.482,24
2026-02-11 17:36:32,0.73,1454.0,21.2834278587251,62.7281932211994,943.010905200894,20.6105,24
2026-02-11 17:39:16,0.72,1441.5,21.334108904266,54.7324451115834,1148.72352293123,20.561,24
2026-02-11 17:42:00,0.71,1423.0,20.6853947924682,55.713411458238,1080.07473082062,20.544,24
2026-02-11 17:44:44,0.72,1443.0,20.8906514739646,72.7159021462988,674.18647562876,20.447,24
2026-02-11 17:47:28,0.72,1438.5,20.7259392790729,54.5397306144064,1111.46960523053,20.489,24
2026-02-11 17:50:12,0.72,1442.0,20.9540024104353,60.4643807005064,980.065841663284,20.535,24
2026-02-11 17:52:56,0.72,1446.0,21.3949259972432,56.725249289159,1102.39516686379,20.542,24
2026-02-11 17:55:40,0.72,1437.5,20.7740858892939,51.9440642063924,1182.27954993631,20.54,24
2026-02-11 17:58:24,0.72,1435.0,21.6077864710241,61.6954828116984,993.177045540247,20.49,24
2026-02-11 18:01:08,0.72,1433.0,21.0680342530395,52.3225143375782,1186.88546212678,20.4825,24
2026-02-11 18:03:52,0.72,1433.0,20.7411434663517,60.352408715099,970.26152192564,20.537,24
2026-02-11 18:06:36,0.72,1436.0,20.7310073412081,69.7538926901387,739.725434393377,20.558,24
2026-02-11 18:09:20,0.72,1438.0,20.6524524152191,54.8550214357432,1097.73242945013,20.5475,24
2026-02-11 18:12:04,0.72,1440.0,21.1161809150653,62.7026164854,950.59017638803,20.465,24
2026-02-11 18:14:48,0.72,1436.0,21.10351076613,54.0669772218339,1149.29811955814,20.463,24
2026-02-11 18:17:32,0.72,1445.0,20.7005989727622,52.4839778772284,1159.92042734524,20.5295,24
2026-02-11 18:20:16,0.72,1437.0,21.3645174006233,60.0749366286816,1015.15631117302,20.541,24
2026-02-11 18:23:00,0.72,1438.0,20.8526409197656,51.9483520612995,1193.27686386701,20.525,24
2026-02-11 18:25:44,0.72,1433.5,20.378778438855,70.8455691293516,704.600800693255,20.42,24
2026-02-11 18:28:28,0.73,1452.5,22.7025055885314,71.1606947027523,795.584608341992,20.442,24
2026-02-11 18:31:12,0.73,1452.0,23.9467514473508,70.7906791390336,871.071320229514,20.505,24
2026-02-11 18:33:56,0.72,1435.0,23.5691678532457,72.1529826775637,809.508126504874,20.542,24
2026-02-11 18:36:40,0.72,1442.5,23.5640996282745,72.9210562465112,786.082929345703,20.517,24
2026-02-11 18:39:24,0.71,1420.0,23.6756006479263,73.1720041773903,785.194826836701,20.47,24
2026-02-11 18:42:08,0.72,1445.0,23.7718970978749,73.2559921458134,787.892160151663,20.439,24
2026-02-11 18:44:52,0.72,1440.0,23.8479206828633,73.5938578413781,781.763260141597,20.485,24
2026-02-11 18:47:36,0.725,1444.0,23.9340808264969,68.3197272032732,941.372489401967,20.5225,24
2026-02-11 18:50:20,0.72,1434.0,22.2235649473295,58.7062745633133,1107.75817190802,20.508,24
2026-02-11 18:53:04,0.725,1445.5,20.9793427423574,78.4361199332533,549.154883395996,20.449,24
2026-02-11 18:55:48,0.73,1451.0,21.807977181932,62.435175339239,981.17986594956,20.472,24
2026-02-11 18:58:32,0.725,1446.5,21.2580873923434,54.5150578726942,1149.02469976783,20.506,24
2026-02-11 19:01:16,0.725,1446.0,21.9752254045597,62.5282840698378,987.924213734815,20.517,24
2026-02-11 19:04:00,0.725,1453.0,21.4304027072212,53.3822481316508,1199.0221603981,20.511,24
2026-02-11 19:06:44,0.715,1432.0,20.5561593660531,67.2863320769726,787.820565351375,20.3825,24
2026-02-11 19:09:28,0.72,1442.0,21.1769979488162,65.3792159300711,872.949221126088,20.404,24
2026-02-11 19:12:12,0.72,1439.0,20.743677506005,53.9674207864127,1134.22660987998,20.4705,24
2026-02-11 19:14:56,0.71,1425.5,21.4506751193257,61.7865449792638,994.503642876206,20.506,24
2026-02-11 19:17:40,0.73,1449.0,21.1668617829273,53.395411643621,1170.70651979592,20.476,24
2026-02-11 19:20:24,0.72,1428.5,20.3458354483882,61.3024204418178,924.21591454951,20.434,24
2026-02-11 19:23:08,0.72,1437.0,21.2707577783294,74.089518318407,655.12124213205,20.4285,24
2026-02-11 19:25:52,0.73,1447.0,21.0705681672552,56.6350172739408,1082.94178702022,20.473,24
2026-02-11 19:28:36,0.72,1438.0,20.7208712172287,53.22102180808,1143.35431379424,20.48,24
2026-02-11 19:31:20,0.72,1442.0,21.4126643769704,59.8981339740447,1018.87071100576,20.451,24
2026-02-11 19:34:04,0.72,1439.0,20.9641385140421,51.6254824816446,1205.41507296571,20.4145,24
2026-02-11 19:36:48,0.72,1432.0,20.1912604033859,73.9543942473789,633.86665919131,20.425,24
2026-02-11 19:39:32,0.72,1439.0,21.7395574977854,73.5221494288754,688.87175635264,20.4645,24
2026-02-11 19:42:16,0.72,1437.0,21.1567256048147,55.9928107089895,1104.77095326286,20.46,24
2026-02-11 19:45:00,0.72,1436.0,20.8070283081615,55.4861254756666,1091.39028886387,20.429,24
2026-02-11 19:47:44,0.72,1432.0,21.3087683325284,57.568116956666,1079.56514682319,20.3684999999999,24
2026-02-11 19:50:28,0.72,1440.5,20.7968921754509,51.5221163966012,1197.13152680656,20.381,24
2026-02-11 19:53:12,0.72,1444.0,20.3585060142359,73.4209448399466,653.456500607339,20.412,24
2026-02-11 19:55:56,0.72,1447.0,23.1079607084393,70.494795106576,834.270203148178,20.448,24
2026-02-11 19:58:40,0.73,1453.0,23.9011372325621,70.3978032528897,876.307565051729,20.4885,24
2026-02-11 20:01:24,0.72,1442.0,23.462735186913,71.923269266543,809.731636686706,20.544,24
2026-02-11 20:04:08,0.72,1435.5,23.4120530099608,72.6052221357424,788.49622854625,20.6139999999999,24
2026-02-11 20:06:52,0.72,1445.5,23.5134173929691,72.819601914026,786.365947462634,20.682,24
2026-02-11 20:09:36,0.72,1438.5,23.5184856151754,73.0802212546418,782.793380758467,20.7584999999999,24
2026-02-11 20:12:20,0.72,1443.0,23.711078275257,73.0938856970778,789.587376122619,20.8684999999999,24
2026-02-11 20:15:04,0.72,1435.0,23.858057165984,73.2489381661999,791.335563917153,20.8855,24
2026-02-11 20:17:48,0.73,1453.0,23.9416831970593,73.5258654108037,787.149487610775,20.929,24
2026-02-11 20:20:32,0.73,1452.0,23.9999680519104,73.8937156187028,780.47712248734,20.967,24
2026-02-11 20:23:16,0.73,1451.0,24.1646863324131,73.7752256225902,787.866869044233,20.977,24
2026-02-11 20:26:00,0.72,1439.0,23.9644903090375,66.0120429153119,1011.7905594477,20.967,24
2026-02-11 20:28:44,0.725,1446.0,22.423756460339,56.0044326482105,1210.73271427056,21.0045,24
2026-02-11 20:31:28,0.73,1447.0,21.8358518340683,73.9458208939945,681.845748215512,21.03,24
2026-02-11 20:34:12,0.73,1460.0,22.1044630287506,57.8472543351132,1121.09640611083,21.042,24
2026-02-11 20:36:56,0.73,1457.5,21.3087683323828,53.2759263120732,1177.03097951755,21.048,24
2026-02-11 20:39:40,0.72,1444.0,21.9144078239478,61.3013074126049,1015.25836833499,21.0615,24
2026-02-11 20:42:24,0.73,1458.0,21.2276788422896,53.5841478109705,1193.09626056745,21.087,24
2026-02-11 20:45:08,0.725,1451.0,20.295155167405,70.7213647658257,705.458937815796,21.089,24
2026-02-11 20:47:52,0.73,1457.0,21.3189045238832,58.568503253328,1050.53624675562,21.063,24
2026-02-11 20:50:36,0.73,1452.0,20.6347142104059,52.1739872452133,1175.99219397868,21.0925,24
2026-02-11 20:53:20,0.73,1451.5,21.2910300673247,61.8863975149605,964.576413453202,21.106,24
2026-02-11 20:56:04,0.73,1450.0,21.9878957368491,64.7355522551446,944.5073534888,21.1095,24
2026-02-11 20:58:48,0.73,1450.0,21.1541915868438,52.1765368195183,1200.41577516597,21.118,24
2026-02-11 21:01:32,0.72,1445.0,20.2850189874006,65.9619416812658,809.88524117084,21.132,24
2026-02-11 21:04:16,0.73,1456.0,19.5678947132109,98.3322167637404,,21.137,24
2026-02-11 21:07:00,0.73,1460.0,19.5754967058601,94.9321189310038,,21.145,24
2026-02-11 21:09:44,0.73,1466.0,19.6388466776843,88.9256320629156,,21.154,24
2026-02-11 21:12:28,0.73,1457.0,19.5805647019296,85.9188835270533,320.73617538044,21.167,24
2026-02-11 21:15:12,0.73,1456.0,19.4766708424576,85.4214939500626,329.688397082072,21.1835,24
2026-02-11 21:17:56,0.73,1463.5,19.3778450861573,85.4392103955596,327.096772498591,21.189,24
2026-02-11 21:20:40,0.73,1459.5,19.2815534323744,85.6874237993588,320.03474393468,21.186,24
2026-02-11 21:23:24,0.73,1456.0,19.1903298561519,86.0342212952938,310.480970613356,21.196,24
2026-02-11 21:26:08,0.73,1452.0,19.1396501327981,86.2624427448892,304.456649638534,21.195,24
2026-02-11 21:28:52,0.73,1460.0,19.0636306019732,86.7252215703259,,21.212,24
2026-02-11 21:31:36,0.72,1446.0,19.0078829877602,87.0545372051012,,21.223,24
2026-02-11 21:34:20,0.73,1458.0,18.9496014290634,87.4604125511039,,21.224,24
2026-02-11 21:37:04,0.73,1454.0,18.9065237794129,87.6506237156611,,21.234,24
2026-02-11 21:39:48,0.72,1443.0,18.8634461511537,87.9686188367944,,21.2445,24
2026-02-11 21:42:32,0.73,1450.0,18.8254364965541,88.1343459737184,,21.2705,24
2026-02-11 21:45:16,0.73,1449.0,18.7696890329534,88.4880729939008,,21.265,24
2026-02-11 21:48:00,0.73,1451.5,18.7392813401529,88.7519770412933,,21.279,24
2026-02-11 21:50:44,0.72,1445.0,18.7038057121098,88.9845089602161,,21.2479999999999,24
2026-02-11 21:53:28,0.72,1443.0,18.663262154354,89.2231441060456,,21.29,24
2026-02-11 21:56:12,0.72,1444.5,18.6429903825337,89.3554101983651,,21.2825,24
2026-02-11 21:58:56,0.72,1444.0,18.602446852863,89.5701134685744,,21.2905,24
2026-02-11 22:01:40,0.72,1439.0,18.5821750950126,89.7375589558,,21.2995,24
2026-02-11 22:04:24,0.72,1444.0,18.5416315932816,90.0227756102024,,21.307,24
2026-02-11 22:07:08,0.72,1432.5,18.5238938171678,90.139074361187,,21.3215,24
2026-02-11 22:09:52,0.72,1438.0,18.4909522423113,90.3220494719446,,21.307,24
2026-02-11 22:12:36,0.72,1438.5,18.4605446456989,90.5215082202253,,21.263,24
2026-02-11 22:15:20,0.72,1429.0,18.4326710247114,90.7296391457925,,21.3305,24
2026-02-11 22:18:04,0.715,1431.0,18.4098653412947,90.8344329941284,,21.3155,24
2026-02-11 22:20:48,0.72,1441.0,18.3946615557943,90.9488282654342,,21.332,24
2026-02-11 22:23:32,0.72,1432.5,18.3591860659944,91.1634660532744,,21.3855,24
2026-02-11 22:26:16,0.72,1434.0,18.3186426667089,91.365155379423,,21.3775,24
2026-02-11 22:29:00,0.72,1438.0,18.298370974051,91.469554519373,,21.412,24
2026-02-11 22:31:44,0.71,1424.0,18.2831672077591,91.5892783296211,,21.3879999999999,24
2026-02-11 22:34:28,0.72,1433.0,18.2578276027052,91.7767561822774,,21.391,24
2026-02-11 22:37:12,0.71,1425.0,18.2375559240172,91.8823243742397,,21.4105,24
2026-02-11 22:39:56,0.72,1441.5,18.2046144561172,92.1192692394908,,21.434,24
2026-02-11 22:42:40,0.71,1422.0,18.1792748737643,92.2652987840476,,21.432,24
2026-02-11 22:45:24,0.71,1427.0,18.16660508528,92.3447451117104,,21.461,24
2026-02-11 22:48:08,0.71,1422.0,18.1412655139865,92.535699887298,,21.4795,24
2026-02-11 22:50:52,0.72,1428.0,18.115925949678,92.6624639570079,,21.501,24
2026-02-11 22:53:36,0.71,1420.0,18.090586392791,92.7457098965646,,21.4915,24
2026-02-11 22:56:20,0.71,1426.0,18.0753826621512,92.8686101730435,,21.49,24
2026-02-11 22:59:04,0.71,1423.5,18.07031475252,92.9483202166768,,21.5545,24
2026-02-11 23:01:48,0.715,1427.0,18.0399073008447,93.0443958484957,,21.549,24
2026-02-11 23:04:32,0.71,1411.0,17.9993640482425,93.2423552108503,,21.579,24
2026-02-11 23:07:16,0.71,1415.5,19.5248172175197,87.3822245061578,,21.5695,24
2026-02-11 23:10:00,0.7,1402.0,21.0350916019233,80.7721690875145,479.126581335958,21.618,24
2026-02-11 23:12:44,0.71,1413.5,19.4234569963591,86.7265082453002,,21.5815,24
2026-02-11 23:15:28,0.71,1424.0,18.83050444955,89.6669489239104,,21.553,24
2026-02-11 23:18:12,0.71,1418.0,18.5695052496303,90.8561384824923,,21.592,24
2026-02-11 23:20:56,0.71,1412.0,18.3997294839064,91.5898530471572,,21.623,24
2026-02-11 23:23:40,0.71,1419.0,18.3034388969244,92.0239138518904,,21.6035,24
2026-02-11 23:26:24,0.71,1416.0,18.2020804975181,92.4030964143236,,21.614,24
2026-02-11 23:29:08,0.705,1409.0,18.151401341689,92.6913334600201,,21.665,24
2026-02-11 23:31:52,0.71,1417.5,18.0956543035863,92.865095361681,,21.6895,24
2026-02-11 23:34:36,0.71,1414.0,18.0551110253727,93.0759699584211,,21.703,24
2026-02-11 23:37:20,0.71,1414.5,18.0145677663676,93.2250474018797,,21.74,24
2026-02-11 23:40:04,0.850499999999999,1592.5,19.3727771017292,88.0713239033923,,21.725,24
2026-02-11 23:42:48,0.71,1413.0,20.9286621499632,80.8080561890894,474.360003042073,21.745,24
2026-02-11 23:45:32,0.71,1421.0,19.3373012188822,87.0480120508476,,21.776,24
2026-02-11 23:48:16,0.71,1416.5,18.7696890328079,89.8655139859128,,21.788,24
2026-02-11 23:51:00,0.71,1412.0,18.5112239792069,91.0627519108462,,21.804,24
2026-02-11 23:53:44,0.7,1401.0,18.3287785153661,91.8568223454269,,21.832,24
2026-02-11 23:56:28,0.71,1412.0,18.197012580611,92.3484735098133,,21.851,24
2026-02-11 23:59:12,0.705,1409.0,18.1260617744701,92.6103510742663,,21.8849999999999,24
2026-02-12 00:01:56,0.7,1407.0,18.0601789341308,92.8283162892751,,21.916,24
2026-02-12 00:04:40,0.7,1402.5,18.067780813857,93.0370554225124,,21.935,24
2026-02-12 00:07:24,0.72,1436.0,20.6549864397384,82.0980884776744,435.780462692307,21.965,24
2026-02-12 00:10:08,0.725,1452.5,21.2276792060874,79.3549473672327,520.932797599493,22.003,24
2026-02-12 00:12:52,0.74,1467.0,19.605904686643,88.1897043894622,,22.008,24
2026-02-12 00:15:36,0.73,1454.0,18.9926790990866,90.573606805948,,22.022,24
2026-02-12 00:18:20,0.73,1459.0,18.6100487662042,91.2638062827183,,22.027,24
2026-02-12 00:21:04,0.73,1462.0,18.3895936276821,91.7939645678808,,22.075,24
2026-02-12 00:23:48,0.73,1453.0,18.240089884508,92.2403368137994,,22.089,24
2026-02-12 00:26:32,0.73,1453.0,18.1260617744701,92.5935298130725,,22.134,24
2026-02-12 00:29:16,0.73,1455.0,18.0373733473388,92.9280424999421,,22.163,24
2026-02-12 00:32:00,0.72,1439.0,18.1007222146727,92.984479246084,,22.172,24
2026-02-12 00:34:44,0.72,1442.0,20.7968922895379,81.4605587078021,455.404875095,22.2155,24
2026-02-12 00:37:28,,,,,,22.305,24
2026-02-12 00:40:12,,,,,,22.2815,24
2026-02-12 00:42:56,,,,,,22.316,24
2026-02-12 00:45:40,,,,,,22.3295,24
2026-02-12 00:48:24,,,,,,22.369,24
2026-02-12 00:51:08,,,,,,22.391,24
2026-02-12 00:53:52,,,,,,22.413,24
2026-02-12 00:56:36,,,,,,22.4294999999999,24
2026-02-12 00:59:20,,,,,,22.47,24
2026-02-12 01:02:04,,,,,,22.497,24
2026-02-12 01:04:48,,,,,,22.548,24
2026-02-12 01:07:32,,,,,,22.564,24
2026-02-12 01:10:16,,,,,,22.601,24
2026-02-12 01:13:00,,,,,,22.623,24
2026-02-12 01:15:44,,,,,,22.6655,24
2026-02-12 01:18:28,,,,,,22.687,24
2026-02-12 01:21:12,,,,,,22.738,24
2026-02-12 01:23:56,,,,,,22.76,24
2026-02-12 01:26:40,,,,,,22.799,24
2026-02-12 01:29:24,,,,,,22.9,24
2026-02-12 01:32:08,,,,,,22.882,24
2026-02-12 01:34:52,,,,,,22.903,24
2026-02-12 01:37:36,,,,,,22.93,24
2026-02-12 01:40:20,,,,,,22.966,24
2026-02-12 01:43:04,,,,,,22.9885,24
2026-02-12 01:45:48,,,,,,23.029,24
2026-02-12 01:48:32,0.71,1415.0,17.4089550510543,94.9270989131428,,23.062,24
2026-02-12 01:51:16,0.7,1402.0,19.9860053304582,83.8919357681836,376.246182059799,23.098,24
2026-02-12 01:54:00,0.7,1408.0,21.1744639276439,78.7416463584095,534.275531263566,23.115,24
2026-02-12 01:56:44,0.71,1416.5,19.6363127919903,84.5265164927811,353.811836154809,23.146,24
2026-02-12 01:59:28,0.71,1422.0,18.602446852863,89.3374905376664,,23.1835,24
2026-02-12 02:02:12,0.71,1424.5,18.1818088387663,91.3150425862228,,23.228,24
2026-02-12 02:04:56,0.71,1421.0,17.9841603333188,92.2683910999101,,23.2435,24
2026-02-12 02:07:40,0.7,1401.0,20.0290837224019,83.9664929091317,375.782720919905,23.2865,24
2026-02-12 02:10:24,0.715,1425.5,21.2834278587251,78.3241594549018,550.979039627194,23.309,24
2026-02-12 02:13:08,0.72,1435.0,19.7579448315373,86.5999652055589,308.747087882981,23.345,24
2026-02-12 02:15:52,0.71,1418.0,18.8862519517133,90.8965301438716,,23.375,24
2026-02-12 02:18:36,0.71,1415.5,18.4149332704255,91.6079014025191,,23.3885,24
2026-02-12 02:21:20,0.71,1422.0,18.1184599087137,92.2011571614285,,23.425,24
2026-02-12 02:24:04,0.7,1396.0,18.0956543035863,92.4170268368394,,23.4625,24
2026-02-12 02:26:48,0.7,1401.0,20.7436776515241,81.0111887867684,464.963489830984,23.474,24
2026-02-12 02:29:32,0.73,1457.0,20.8931854832044,80.0716382079521,492.271987114892,23.5235,24
2026-02-12 02:32:16,0.73,1460.0,19.380379118098,89.2997781092568,,23.561,24
2026-02-12 02:35:00,0.72,1437.0,18.6886018756777,91.0592485444791,,23.583,24
2026-02-12 02:37:44,0.72,1438.0,18.3262445631698,91.5809647070975,,23.616,24
2026-02-12 02:40:28,0.72,1439.0,18.0652468431799,92.1595565444135,,23.657,24
2026-02-12 02:43:12,0.71,1423.0,18.4047979190072,91.1192429205052,,23.68,24
2026-02-12 02:45:56,0.7,1401.0,20.8070283081615,80.5651531933805,477.544340539664,23.6995,24
2026-02-12 02:48:40,0.71,1424.0,20.3661076113639,81.4000876332215,444.778732339029,23.734,24
2026-02-12 02:51:24,0.72,1436.0,19.0281548433995,87.3011758434194,,23.765,24
2026-02-12 02:54:08,0.72,1440.0,18.49095224755,89.7464320460059,,23.787,24
2026-02-12 02:56:52,0.72,1434.0,18.197012580611,91.0467847262922,,23.761,24
2026-02-12 02:59:36,0.72,1443.0,17.9892282380023,91.8587603749571,,23.713,24
2026-02-12 03:02:20,0.71,1417.0,19.4842731081007,86.10591915457,314.931587255569,23.541,24
2026-02-12 03:05:04,0.715,1427.5,21.2428831160068,78.3683297268679,547.981465189979,23.52,24
2026-02-12 03:07:48,0.73,1458.0,19.9099851768114,84.1636794173799,368.329462814036,23.462,24
2026-02-12 03:10:32,0.72,1439.0,18.9572033690346,90.2230062973029,,23.38,24
2026-02-12 03:13:16,0.72,1440.0,18.4352049969893,91.0950784588078,,23.197,24
2026-02-12 03:16:00,0.72,1445.0,18.1514013415435,91.7434724453342,,23.176,24
2026-02-12 03:18:44,0.71,1424.0,18.0551110346859,92.0800296601316,,23.0835,24
2026-02-12 03:21:28,0.71,1417.0,20.6245780974859,81.4087465080271,451.714052504597,23.005,24
2026-02-12 03:24:12,0.73,1450.0,21.0578982920415,78.9111462734468,526.5294242939,22.8235,24
2026-02-12 03:26:56,0.73,1453.0,19.3879810558864,87.9754383820152,,22.792,24
2026-02-12 03:29:40,0.72,1442.0,18.6886018932855,90.5863288093527,,22.655,24
2026-02-12 03:32:24,0.72,1435.0,18.2628955231048,91.4544719586842,,22.608,24
2026-02-12 03:35:08,0.71,1425.5,18.0525770711392,91.9717477000469,,22.4565,24
2026-02-12 03:37:52,0.7,1406.0,19.1599220185598,87.678902616893,,22.3819999999999,24
2026-02-12 03:40:36,0.715,1426.5,21.1212489996105,79.1325398761824,522.740865106477,22.321,24
2026-02-12 03:43:20,0.73,1455.0,20.1608523396571,82.6039508291835,411.010557274066,22.2705,24
2026-02-12 03:46:04,0.72,1440.5,19.0940384063869,90.1091091286225,,22.1869999999999,24
2026-02-12 03:48:48,0.715,1426.5,18.4808163873967,91.1483037233711,,22.113,24
2026-02-12 03:51:32,0.715,1433.5,18.1868767476698,91.7261708393485,,22.025,24
2026-02-12 03:54:16,0.715,1428.0,18.0221696264488,92.2547764382615,,21.86,24
2026-02-12 03:57:00,0.705,1409.0,20.1481821034103,83.364732815493,392.478681914209,21.847,24
2026-02-12 03:59:44,0.73,1452.0,21.1009766877687,79.0603450788954,525.403654674558,21.792,24
2026-02-12 04:02:28,0.735,1468.5,19.3879810558864,85.5346875681452,325.567173877384,21.728,24
2026-02-12 04:05:12,0.73,1463.0,18.5948449562565,89.2148536995196,,21.652,24
2026-02-12 04:07:56,0.73,1456.0,18.2223521680571,90.8931395988207,,21.584,24
2026-02-12 04:10:40,0.73,1455.0,18.0424412550783,91.7829375279816,,21.532,24
2026-02-12 04:13:24,0.72,1444.5,19.7427407298237,85.0294234433829,344.445619781546,21.446,24
2026-02-12 04:16:08,0.74,1481.0,21.2378150390286,78.4988853067196,542.5075053656,21.4065,24
2026-02-12 04:18:52,0.74,1485.0,19.8441008985973,85.9743154842081,324.739757980008,21.264,24
2026-02-12 04:21:36,0.74,1470.0,18.9774752130324,91.010203727535,,21.275,24
2026-02-12 04:24:20,0.73,1462.0,18.4174672432855,91.649288728401,,21.2525,24
2026-02-12 04:27:04,0.735,1466.5,18.1361976004263,92.0926345110822,,21.1755,24
2026-02-12 04:29:48,0.74,1469.0,18.0348394078027,92.5067147223182,,21.139,24
2026-02-12 04:32:32,0.715,1434.5,20.5738975503481,81.5618136384661,446.598235285234,21.118,24
2026-02-12 04:35:16,0.73,1457.0,20.9590707879106,79.4950546870611,509.376603214808,21.066,24
2026-02-12 04:38:00,0.73,1449.0,19.1295141914451,86.9058931685529,,21.037,24
2026-02-12 04:40:44,0.73,1455.0,18.4757484498259,89.9447434417724,,20.9825,24
2026-02-12 04:43:28,0.74,1467.0,18.1361976004263,91.4799528776768,,20.945,24
2026-02-12 04:46:12,0.725,1452.5,17.9841603356471,92.1716288905365,,20.9085,24
2026-02-12 04:48:56,0.72,1437.0,20.1785902815172,83.2318315337843,396.358658074598,20.87,24
2026-02-12 04:51:40,0.72,1444.0,21.0984426479699,79.0771321145786,523.489095505752,20.845,24
2026-02-12 04:54:24,0.73,1461.0,19.3575731501914,85.7484589343924,320.149745469146,20.821,24
2026-02-12 04:57:08,0.73,1461.5,18.521359849401,89.6688668499584,,20.7915,24
2026-02-12 04:59:52,0.73,1462.5,18.1716730004409,91.3570499878947,,20.764,24
2026-02-12 05:02:36,0.715,1431.5,19.1396501326526,87.8229600305683,,20.7745,24
2026-02-12 05:05:20,0.72,1444.0,20.7335414396511,81.4736294323106,453.246601297133,20.792,24
2026-02-12 05:08:04,0.71,1423.0,21.6381951520452,78.3381140146445,560.095916175757,20.457,24
2026-02-12 05:10:48,0.725,1453.5,22.1880872910405,77.195919342317,616.379494185118,20.432,24
2026-02-12 05:13:32,0.735,1465.0,22.925505592022,77.8715791513275,618.753865415953,20.469,24
2026-02-12 05:16:16,0.73,1456.0,23.4323258795775,79.3616455698463,593.095654066294,20.5,24
2026-02-12 05:19:00,0.72,1429.0,22.7734600739786,79.5238258027953,567.306701237527,20.5475,24
2026-02-12 05:21:44,,,22.1652806211495,80.9549972513596,508.719199392593,23.128,24
2026-02-12 05:24:28,0.73,1450.0,22.0689859254343,81.2746569134479,497.063475843394,23.093,24
2026-02-12 05:27:12,,,22.0664518559497,81.5501813778738,489.948279335265,23.0695,24
2026-02-12 05:29:56,0.73,1453.0,22.0791222042462,81.8112458859512,483.117951238155,23.055,24
2026-02-12 05:32:40,0.72,1434.0,22.1754169111663,81.8356878734406,485.363234942703,23.022,24
2026-02-12 05:35:24,0.725,1453.0,22.2210302298481,81.9014939545815,484.830330784299,22.99,24
2026-02-12 05:38:08,0.72,1440.5,22.3071887858677,81.9513297321766,486.247290838657,22.9535,24
2026-02-12 05:40:52,0.72,1440.0,22.408551899367,81.7480410598445,494.999523227399,22.905,24
2026-02-12 05:43:36,0.725,1452.5,22.4440290167985,81.7723612546245,495.779631858237,22.897,24
2026-02-12 05:46:20,0.72,1439.0,22.5048469655739,81.7625916765462,497.26754904467,22.885,24
2026-02-12 05:49:04,0.73,1455.5,22.5758012921141,81.5721415921308,505.145477142612,22.88,24
2026-02-12 05:51:48,0.73,1458.0,22.6467556756979,81.3993742941414,511.581413387145,22.8925,24
2026-02-12 05:54:32,0.73,1464.0,22.7025055885314,81.2933755601797,515.812079084549,22.905,24
2026-02-12 05:57:16,0.735,1465.0,22.7582555367262,81.2803988732405,518.387461088749,22.946,24
2026-02-12 06:00:00,0.73,1452.5,22.8038691566325,81.0778811944748,525.701086305226,22.9895,24
2026-02-12 06:02:44,0.735,1462.0,22.8444146166148,81.0668281543303,526.897086180018,23.0245,24
2026-02-12 06:05:28,0.73,1462.0,22.9153692160034,80.9226871083745,533.111793575885,23.052,24
2026-02-12 06:08:12,0.735,1468.0,22.9356419693504,80.8872104475625,535.087097684723,23.0499999999999,24
2026-02-12 06:10:56,,,22.9761874895775,80.8238631918422,537.826797032548,23.051,24
2026-02-12 06:13:40,0.74,1482.0,23.0547444883413,80.4718992750775,549.992009355968,23.0395,24
2026-02-12 06:16:24,0.73,1459.0,23.0927559644042,80.3726514333778,553.549897903471,23.0075,24
2026-02-12 06:19:08,0.74,1472.0,23.1434379580023,80.1737154546904,561.563841060739,23.0024999999999,24
2026-02-12 06:21:52,0.75,1489.0,23.1890517771244,80.0102782939779,567.58106723584,22.966,24
2026-02-12 06:24:36,0.74,1485.0,23.1789153708377,80.0376860886133,566.802860037235,22.944,24
2026-02-12 06:27:20,0.75,1489.0,23.2346656198205,79.9171895884008,572.16035032307,22.923,24
2026-02-12 06:30:04,0.74,1482.0,23.2498702392913,79.802519772239,575.766212841861,22.8995,24
2026-02-12 06:32:48,0.74,1473.0,23.2929500087193,79.6753229379707,581.078430094985,22.871,24
2026-02-12 06:35:32,0.745,1489.0,23.3512344360351,79.4882236488413,588.313422202281,22.8695,24
2026-02-12 06:38:16,0.74,1476.0,23.3740413963823,79.3454017473159,593.406695516943,22.846,24
2026-02-12 06:41:00,0.75,1500.0,23.4069847938662,79.2505544757365,596.587297851261,22.824,24
2026-02-12 06:43:44,0.75,1500.0,23.4627351870585,79.1538525749202,602.397097615953,22.821,24
2026-02-12 06:46:28,0.75,1487.0,23.4779398456739,78.9679844367496,608.046433878564,22.846,24
2026-02-12 06:49:12,0.745,1484.5,23.5058150602417,79.0171215131818,607.64561532229,22.8715,24
2026-02-12 06:51:56,0.75,1503.0,23.5184856151754,78.8888479575144,611.640359580711,22.903,24
2026-02-12 06:54:40,0.755,1503.5,23.5767701915028,78.7216192919344,618.84233350549,22.95,24
2026-02-12 06:57:24,0.755,1499.5,23.5995772100577,78.549397232397,624.136592858191,22.986,24
2026-02-12 07:00:08,0.75,1491.5,23.6249183487379,78.497867269424,627.069186977215,22.968,24
2026-02-12 07:02:52,0.75,1486.0,23.6299865773471,78.4976432225055,626.980166639557,22.962,24
2026-02-12 07:05:36,0.75,1500.5,23.6451912649208,78.4733291819278,629.03085843578,22.9615,24
2026-02-12 07:08:20,0.75,1487.0,23.6933394595544,78.316790514746,634.766040052273,22.942,24
2026-02-12 07:11:04,0.755,1499.0,23.7110782746749,78.2375443525109,638.446513319609,22.9155,24
2026-02-12 07:13:48,0.76,1513.0,23.7541582700941,78.2333873152155,639.152668591921,22.904,24
2026-02-12 07:16:32,0.755,1506.5,23.7921700465085,78.0748407295622,645.274391957852,22.87,24
2026-02-12 07:19:16,0.75,1498.5,23.8048406426241,78.1080172883859,645.68059936715,22.834,24
2026-02-12 07:22:00,0.75,1496.0,23.8428524417395,77.9177586409087,653.62179179739,22.793,24
2026-02-12 07:24:44,0.76,1509.0,23.8149771207972,78.0068465442661,648.862075886109,22.762,24
2026-02-12 07:27:28,0.75,1500.0,23.8732618928479,77.8979891624946,653.764208623779,22.726,24
2026-02-12 07:30:12,0.76,1521.0,23.8884666224767,77.801302622526,657.625087354248,22.6884999999999,24
2026-02-12 07:32:56,0.76,1517.5,23.8935348660743,77.8681095219965,656.044833164273,22.658,24
2026-02-12 07:35:40,0.76,1523.0,23.9036713544337,77.8582216583211,656.837502311148,22.6195,24
2026-02-12 07:38:24,0.765,1520.0,23.9492855664575,77.8577858076221,659.153571051493,22.571,24
2026-02-12 07:41:08,0.75,1503.0,23.9594220613653,77.8404204307576,659.245643323843,22.55,24
2026-02-12 07:43:52,0.76,1515.0,23.9695585571462,77.8911945969433,658.359312252943,22.5095,24
2026-02-12 07:46:36,0.765,1526.0,24.0050363020563,77.8021721018101,663.024146062863,22.47,24
2026-02-12 07:49:20,0.77,1528.0,24.0025021769834,77.9240582916578,658.582011425698,22.4395,24
2026-02-12 07:52:04,0.765,1525.0,24.0253093055507,77.7472158715912,664.854713281934,22.4015,24
2026-02-12 07:54:48,0.77,1528.0,24.0607870730164,77.7207131574509,667.179461741103,22.366,24
2026-02-12 07:57:32,0.77,1526.0,24.0658553265093,77.7181834332174,667.356762040208,22.3265,24
2026-02-12 08:00:16,0.765,1524.5,24.0962648544518,77.7006966560118,669.003647156305,22.2855,24
2026-02-12 08:03:00,0.77,1537.5,24.1114696223521,77.5792036251394,673.359042790563,22.238,24
2026-02-12 08:05:44,0.77,1534.0,24.1342767794412,77.6020643385425,673.146381252643,22.205,24
2026-02-12 08:08:28,0.77,1526.0,24.1469474243058,77.6955151163681,670.273186795106,22.164,24
2026-02-12 08:11:12,0.76,1517.0,24.1697545902716,77.6689970712701,672.805604369263,22.125,24
2026-02-12 08:13:56,0.765,1543.0,24.177356980188,77.6783363031329,673.03518519122,22.082,24
2026-02-12 08:16:40,0.76,1518.0,24.2179030709958,77.7427507290118,673.403609333716,22.044,24
2026-02-12 08:19:24,0.77,1539.0,24.25844918043,77.6569624296583,676.550111642951,21.999,24
2026-02-12 08:22:08,0.77,1542.0,24.2888587747293,77.5802820185394,680.316158041784,21.966,24
2026-02-12 08:24:52,0.77,1540.0,24.278722242132,77.797930954321,673.916241624385,21.915,24
2026-02-12 08:27:36,0.77,1532.0,24.3091318434162,77.7917510372474,676.357793484062,21.883,24
2026-02-12 08:30:20,0.78,1545.0,24.3091318434162,77.8324589430455,673.583136741325,21.851,24
2026-02-12 08:33:04,0.76,1523.0,24.3446097248233,77.6551311595327,680.493677260211,21.8085,24
2026-02-12 08:35:48,0.77,1525.0,24.3496779947599,77.8480601972063,675.258392094736,21.764,24
2026-02-12 08:38:32,0.78,1545.0,24.3800876204913,77.7149364151855,680.555676800628,21.716,24
2026-02-12 08:41:16,0.77,1534.0,24.4054289834166,77.695684542045,681.967380100916,21.682,24
2026-02-12 08:44:00,0.78,1547.0,24.4104972567001,77.7585029938028,679.840434500315,21.661,24
2026-02-12 08:46:44,0.78,1549.0,24.4409069033863,77.8973267796926,676.211984383626,21.615,24
2026-02-12 08:49:28,0.78,1553.5,24.4459751788526,77.8081974557369,681.000226452348,21.587,24
2026-02-12 08:52:12,0.775,1537.0,24.4586458688281,78.0078813861601,674.956593683851,21.552,24
2026-02-12 08:54:56,0.77,1539.0,24.4915896711463,77.9914887761736,676.194830475805,21.511,24
2026-02-12 08:57:40,0.77,1536.0,,77.8839774158173,681.971905012146,21.472,24
2026-02-12 09:00:24,0.77,1542.0,,78.0665260595729,675.524908716961,21.443,24
2026-02-12 09:03:08,0.77,1530.0,,78.0989875484954,675.547792142392,21.4185,24
2026-02-12 09:05:52,0.77,1538.0,,78.0489219170195,678.118036622822,21.385,24
2026-02-12 09:08:36,0.77,1542.0,,78.1957081906452,673.399418790111,21.313,24
2026-02-12 09:11:20,0.78,1557.0,,78.2315919697044,672.984487187254,21.3224999999999,24
2026-02-12 09:14:04,0.78,1554.0,,78.2912593001116,673.276503777819,21.3075,24
2026-02-12 09:16:48,0.78,1558.0,,78.2087210830393,675.835821757728,21.28,24
2026-02-12 09:19:32,,,,78.2247865303713,675.133701612187,21.272,24
2026-02-12 09:22:16,0.78,1559.0,,78.3256044904995,672.821106481621,21.27,24
2026-02-12 09:25:00,0.79,1564.0,,78.2338246116015,676.48946031446,21.2445,24
2026-02-12 09:27:44,0.785,1561.0,,78.2020275561719,679.45128347339,21.228,24
2026-02-12 09:30:28,0.785,1560.0,,78.3758319364997,674.112361679418,21.232,24
2026-02-12 09:33:12,0.79,1565.5,,78.4426735247384,673.533755662178,21.227,24
2026-02-12 09:35:56,0.78,1552.0,,78.4830625675827,671.9879419455,21.21,24
2026-02-12 09:38:40,0.78,1546.5,,78.6054776434226,668.771415012604,21.213,24
2026-02-12 09:41:24,0.785,1562.5,,78.6127647169141,669.368708879609,21.192,24
2026-02-12 09:44:08,0.785,1558.0,24.0455825238314,71.9106168369502,839.933694862865,21.194,24
2026-02-12 09:46:52,0.78,1551.5,21.9270781443046,61.3173936196497,1023.43483328375,21.194,24
2026-02-12 09:49:36,0.78,1558.5,22.4845743113255,73.9259007602172,711.559211306502,21.1995,24
2026-02-12 09:52:20,0.77,1540.0,21.8586585564917,63.4710405851611,957.079623660123,21.22,24
2026-02-12 09:55:04,0.79,1565.0,20.9235939180071,65.4155822610798,855.905315520868,21.2205,24
2026-02-12 09:57:48,0.77,1539.0,21.9676232655183,70.7916934260242,779.228805943922,21.2065,24
2026-02-12 10:00:32,0.785,1560.0,20.5688294972351,60.4219817064381,973.099847555787,21.201,24
2026-02-12 10:03:16,0.78,1556.0,21.3493132363364,71.4947909648863,732.249230281954,21.238,24
2026-02-12 10:06:00,0.78,1558.0,21.0553639232239,62.5073644610727,935.419724851372,21.258,24
2026-02-12 10:08:44,0.77,1538.0,20.2824849691387,62.91287728644,875.326584041416,21.2565,24
2026-02-12 10:11:28,,,21.4304027072212,71.0065200713578,749.66370493939,21.246,24
2026-02-12 10:14:12,0.78,1545.0,20.1684542735165,60.0816763904918,953.2339148025,21.263,24
2026-02-12 10:16:56,0.785,1566.0,21.8713287212885,63.9338056705093,946.437227195447,21.295,24
2026-02-12 10:19:40,0.78,1557.0,23.4703375221142,67.7541628694005,947.730115232409,21.316,24
2026-02-12 10:22:24,,,22.9812556809338,75.9215316507705,674.314203231143,21.313,24
2026-02-12 10:25:08,0.76,1518.0,23.102892360941,78.1640131630166,617.160707976554,21.305,24
2026-02-12 10:27:52,0.77,1533.0,23.2042563887371,79.1509234370448,594.70494730591,21.3205,24
2026-02-12 10:30:36,,,23.3360297991021,79.5421470496321,586.408125869091,21.357,24
2026-02-12 10:33:20,0.765,1523.5,23.5032809494296,79.5059100726625,593.195251296918,21.376,24
2026-02-12 10:36:04,0.775,1541.0,23.6299865773471,79.755020520796,590.645097234764,21.3745,24
2026-02-12 10:38:48,0.77,1533.5,23.6933394595544,80.2109792655536,579.492163554374,21.37,24
2026-02-12 10:41:32,0.76,1523.0,23.8073747620219,80.2161174955775,584.561053862741,21.3855,24
2026-02-12 10:44:16,0.77,1541.0,23.8783301358635,80.556997813658,576.683428028653,21.42,24
2026-02-12 10:47:00,0.78,1547.0,23.9594220612198,80.6810846589779,577.209794667282,21.4384999999999,24
2026-02-12 10:49:44,0.765,1530.5,24.0455823150114,80.7765560286721,575.142434880553,21.434,24
2026-02-12 10:52:28,0.76,1517.0,24.1013331101275,80.9541209678234,572.522627657108,21.438,24
2026-02-12 10:55:12,0.765,1526.5,24.1444132954493,81.1946700191411,565.893162968073,21.449,24
2026-02-12 10:57:56,0.775,1542.0,24.2331078598508,81.2088665642751,567.617379249582,21.4715,24
2026-02-12 11:00:40,0.77,1531.5,24.2812563752086,81.3718510999735,565.005266433165,21.508,24
2026-02-12 11:03:24,0.77,1536.0,24.3395414551778,81.5793010269901,561.177238570299,21.547,24
2026-02-12 11:06:08,0.78,1551.0,24.4155655317299,81.5104176601749,565.154511613266,21.5395,24
2026-02-12 11:08:52,0.77,1542.0,24.4409069033863,81.7308014366442,559.60845073017,21.526,24
2026-02-12 11:11:36,0.775,1540.5,23.8428524417395,69.7567814955793,893.759301812445,21.546,24
2026-02-12 11:14:20,0.77,1540.0,21.7978409342613,62.5704787443865,987.107544659299,21.65,24
2026-02-12 11:17:04,0.78,1553.0,22.5200514593161,73.4524865296925,732.667456774492,21.6905,24
2026-02-12 11:19:48,0.775,1542.5,21.3518472564901,61.464220629117,979.022173813781,21.739,24
2026-02-12 11:22:32,0.77,1533.0,21.0350916019233,67.2080261537317,817.123179194308,21.753,24
2026-02-12 11:25:16,0.78,1547.0,21.815579370741,67.5816655723904,850.918137181318,21.763,24
2026-02-12 11:28:00,0.78,1547.0,20.355971529294,59.4719712713331,981.031592957664,21.7635,24
2026-02-12 11:30:44,0.765,1525.5,21.374653720326,70.5564993630098,738.216872358957,21.774,24
2026-02-12 11:33:28,0.77,1541.0,20.8729131991567,61.5599721612706,948.365959103863,21.771,24
2026-02-12 11:36:12,0.775,1540.5,20.2520767552341,62.4500023152073,885.913995479635,21.741,24
2026-02-12 11:38:56,0.78,1546.0,21.2276788422896,68.496670727108,806.269625270739,21.7265,24
2026-02-12 11:41:40,0.765,1525.0,20.1076379031874,59.6740481235839,958.14137150281,21.7105,24
2026-02-12 11:44:24,0.775,1549.5,21.3645174000412,66.0563628608587,863.082521130086,21.7,24
2026-02-12 11:47:08,0.775,1542.0,23.6401230563933,68.2480224174704,938.328365761804,21.6625,24
2026-02-12 11:49:52,0.76,1508.0,23.082619569177,74.9940488605602,705.89103623132,21.621,24
2026-02-12 11:52:36,0.76,1515.5,23.077551372,77.6712266453708,632.638015266516,21.5825,24
2026-02-12 11:55:20,0.77,1531.0,23.2397338273294,78.4155452159982,615.494955386684,21.563,24
2026-02-12 11:58:04,0.765,1519.5,23.3613708621123,78.9401406689922,606.43822662744,21.533,24
2026-02-12 12:00:48,0.765,1522.5,23.5083491711993,79.1053578514929,604.886330552466,21.474,24
2026-02-12 12:03:32,0.76,1519.0,23.6401230354385,79.3506949383877,602.440094565398,21.443,24
2026-02-12 12:06:16,0.77,1529.0,23.7262829775281,79.6320274812648,598.631595446373,21.416,24
2026-02-12 12:09:00,0.77,1533.0,23.832715960365,79.7917044483737,595.205556506121,21.383,24
2026-02-12 12:11:44,0.76,1516.0,23.9492855677672,79.9456201116616,597.160953901096,21.3555,24
2026-02-12 12:14:28,0.765,1529.0,24.0050363020563,80.0861559224498,594.261607278301,21.31,24
2026-02-12 12:17:12,0.77,1527.0,22.2615756547602,62.6578671798345,1002.5296822078,21.275,24
2026-02-12 12:19:56,0.78,1547.0,21.4405389126914,67.6836344433622,825.539869908093,21.207,24
2026-02-12 12:22:40,0.77,1536.0,22.1222014575178,67.3938431032505,870.47602122592,21.142,24
2026-02-12 12:25:24,0.77,1535.0,20.6955309123732,59.0756099775176,1010.28782461411,21.252,24
2026-02-12 12:28:08,0.76,1513.0,21.4912200715916,69.2805777147148,776.047644269467,21.252,24
2026-02-12 12:30:52,0.76,1516.0,20.9489342883462,60.6205180623842,976.093792084196,21.2235,24
2026-02-12 12:33:36,0.77,1540.0,20.2900870242156,60.1729204527839,943.48161006185,21.19,24
2026-02-12 12:36:20,0.765,1514.5,21.2606214395636,68.5398679422052,793.718859929106,21.159,24
2026-02-12 12:39:04,0.765,1522.5,20.2850189874006,58.6092814886634,985.32518276015,21.135,24
2026-02-12 12:41:48,0.765,1518.5,20.5333532645599,67.1292129974471,793.905286066005,21.1005,24
2026-02-12 12:44:32,0.76,1521.0,20.6803267329523,61.2484668397643,942.482576023558,21.0065,24
2026-02-12 12:47:16,0.76,1522.0,19.9758693129988,58.9150652647579,959.625232853989,20.997,24
2026-02-12 12:50:00,0.77,1539.5,22.839346432971,63.4731543664865,1016.04860119506,21.1315,24
2026-02-12 12:52:44,0.755,1500.5,23.2549385687452,67.9580998560882,914.304053342932,21.0935,24
2026-02-12 12:55:28,0.75,1494.5,22.8494828002585,74.6460089443247,705.692036289686,21.066,24
2026-02-12 12:58:12,0.75,1492.0,23.006596644409,76.3814840675686,663.666378521442,21.0454999999999,24
2026-02-12 13:00:56,0.76,1507.0,23.1941199807042,76.9801791714299,654.818077949506,21.0144999999999,24
2026-02-12 13:03:40,0.76,1507.5,23.2904159053287,77.431584610625,645.574697093642,20.8545,24
2026-02-12 13:06:24,0.755,1509.0,23.4880762863031,77.5090036583656,650.707319081433,20.861,24
2026-02-12 13:09:08,0.75,1499.0,23.5818384173471,77.821585021677,645.515872130642,20.987,24
2026-02-12 13:11:52,0.76,1522.0,23.6705324166978,78.0701472785046,642.181642947134,20.9625,24
2026-02-12 13:14:36,0.76,1506.0,22.332529552892,62.0261810417512,1010.52984705281,20.9395,24
2026-02-12 13:17:20,,,21.2859619322844,62.8046228274885,931.955239544786,20.9235,24
2026-02-12 13:20:04,,,21.9524188027717,67.9036785817902,854.629521660177,20.8955,24
2026-02-12 13:22:48,0.76,1517.5,20.6195100835175,58.9774208101565,1009.68414183797,20.86,24
2026-02-12 13:25:32,0.76,1518.5,21.1465894267021,68.8142687249574,782.434617374859,20.886,24
2026-02-12 13:28:16,0.76,1520.0,21.0426938485034,61.3988852179946,962.251176899423,20.9065,24
2026-02-12 13:31:00,0.755,1508.5,20.2596788076916,58.5144224333953,977.55013374459,20.908,24
2026-02-12 13:33:44,0.75,1497.0,21.1516575223067,67.1528711781229,823.002951504694,20.9005,24
2026-02-12 13:36:28,0.76,1514.0,20.3255632900691,58.1671247598631,997.846634507052,20.8845,24
2026-02-12 13:39:12,0.75,1502.0,20.4953429041925,65.1900022257051,838.790054760922,20.8624999999999,24
2026-02-12 13:41:56,0.76,1509.0,20.7107350944133,60.4002530179969,967.278498366198,20.823,24
2026-02-12 13:44:40,0.76,1508.0,20.2242026824096,58.5737358955935,1012.233082398,20.8025,24
2026-02-12 13:47:24,0.76,1518.0,23.3512344360351,61.8864115030176,1093.49825863632,20.849,24
2026-02-12 13:50:08,0.75,1501.0,22.8798919929249,66.3444881426741,938.745561726763,20.837,24
2026-02-12 13:52:52,0.75,1502.0,22.7379828241246,73.2490710396357,739.561565808685,20.825,24
2026-02-12 13:55:36,0.75,1491.0,22.9913920645194,74.8887064857816,705.39770132834,20.8044999999999,24
2026-02-12 13:58:20,0.75,1504.0,23.1282333591952,75.6591207177513,687.664691994851,20.767,24
2026-02-12 14:01:04,0.74,1481.0,23.2853476949094,76.141000129733,681.602585028603,20.743,24
2026-02-12 14:03:48,0.75,1487.0,23.3613708622579,76.4119156861562,677.47622292343,20.819,24
2026-02-12 14:06:32,0.76,1511.0,21.7344893777335,60.2364745363645,1032.29428062989,20.8239999999999,24
2026-02-12 14:09:16,0.75,1491.0,21.0883065289381,64.2253732317234,894.121270777074,20.806,24
2026-02-12 14:12:00,,,21.785170591349,63.6671493387926,947.904796225444,20.7935,24
2026-02-12 14:14:44,0.76,1508.0,20.4928087447769,58.0018650959672,1026.51011536857,20.7475,24
2026-02-12 14:17:28,0.75,1499.0,21.2428831160068,67.3230770171683,816.103127045405,20.7185,24
2026-02-12 14:20:12,0.75,1498.0,20.7715519471385,58.6809806514303,1011.92412606917,20.759,24
2026-02-12 14:22:56,0.755,1505.5,20.1633861911541,60.6578142585501,929.079793579245,20.79,24
2026-02-12 14:25:40,0.75,1501.0,21.1212490416655,64.7307105764203,892.713639295576,20.783,24
2026-02-12 14:28:24,0.755,1507.0,20.1633861911541,56.9455012782231,1018.74641949356,20.77,24
2026-02-12 14:31:08,0.75,1497.0,20.7259393851563,65.5146552809395,851.526704839433,20.7449999999999,24
2026-02-12 14:33:52,0.75,1493.0,20.5586933918821,59.0659810993414,990.549644461662,20.696,24
2026-02-12 14:36:36,0.75,1502.0,20.0366855399915,56.9616353696022,1007.02230561813,20.7065,24
2026-02-12 14:39:20,0.755,1504.5,23.0978243407153,61.3168571325047,1092.59279851458,20.7984999999999,24
2026-02-12 14:42:04,0.75,1488.0,23.1333015569543,66.2808702085889,954.774491552014,20.7615,24
2026-02-12 14:44:48,0.75,1497.0,22.8950964680407,73.2090513143003,747.74616535524,20.7395,24
2026-02-12 14:47:32,0.74,1483.0,23.1130287583509,75.303879503797,698.427261561247,20.7035,24
2026-02-12 14:50:16,0.745,1491.0,23.2929500130849,75.9938376632446,687.72889771497,20.667,24
2026-02-12 14:53:00,0.75,1497.0,23.483008065843,76.3061627921772,685.210309140121,20.711,24
2026-02-12 14:55:44,0.76,1507.0,23.60464543954,76.3520281711614,689.839825086343,20.7404999999999,24
2026-02-12 14:58:28,0.75,1498.5,21.9017374931136,60.1896339091158,1056.98238159953,20.7335,24
2026-02-12 15:01:12,0.75,1491.0,21.2327469914453,63.4587168430682,919.521272662303,20.721,24
2026-02-12 15:03:56,0.75,1494.0,21.8611924663418,63.6879092554982,951.768984847579,20.681,24
2026-02-12 15:06:40,0.75,1504.0,20.5713635543506,57.0989456269249,1047.55167185888,20.645,24
2026-02-12 15:09:24,0.745,1490.0,21.247951207828,66.5624170704695,841.163060469394,20.685,24
2026-02-12 15:12:08,0.75,1487.0,20.8729132573644,58.4002156285205,1026.23929188106,20.7275,24
2026-02-12 15:14:52,0.74,1480.0,20.2900870242156,58.7618046405412,979.973975943767,20.6929999999999,24
2026-02-12 15:17:36,0.745,1482.5,21.2074064814078,65.5845668562393,874.807242766478,20.682,24
2026-02-12 15:20:20,0.74,1479.0,20.2622128384682,56.2700167260163,1034.74984554728,20.645,24
2026-02-12 15:23:04,0.75,1493.0,20.5130809321999,63.8579494546871,872.134640878471,20.656,24
2026-02-12 15:25:48,0.75,1490.0,20.6372482999722,58.6391627518482,1005.68697894689,20.79,24
2026-02-12 15:28:32,0.74,1479.0,20.0316175177285,55.756771401557,1041.55056618136,20.6555,24
2026-02-12 15:31:16,0.75,1496.5,22.3553366981941,62.0094111837314,1026.67846228141,20.669,24
2026-02-12 15:34:00,0.745,1486.5,23.8073747620219,64.5260500814336,1059.56697475576,20.642,24
2026-02-12 15:36:44,0.74,1471.0,23.1282333570125,71.8761102823918,794.659832572273,20.607,24
2026-02-12 15:39:28,0.74,1481.0,23.1535743602144,73.9761962343405,736.426205277539,20.66,24
2026-02-12 15:42:12,0.75,1495.0,23.3030864283937,74.6648959550767,725.236797621368,20.68,24
2026-02-12 15:44:56,0.75,1489.0,23.4323258772492,75.1925997355167,715.225749560719,20.664,24
2026-02-12 15:47:40,0.75,1492.0,23.6173160072794,75.3827555862612,716.864315354318,20.627,24
2026-02-12 15:50:24,0.74,1471.0,22.7379828241246,62.0694233862931,1048.6363547981,20.596,24
2026-02-12 15:53:08,0.75,1493.0,21.303700258024,57.3578786545941,1087.04697856137,20.6229999999999,24
2026-02-12 15:55:52,0.75,1498.0,21.8611924663418,65.8513871204463,880.77060957389,20.651,24
2026-02-12 15:58:36,0.74,1473.0,21.0705681672552,57.1349087135919,1070.45813558211,20.6405,24
2026-02-12 16:01:20,0.75,1489.0,20.7132691922743,60.9541597531749,953.665455344867,20.612,24
2026-02-12 16:04:04,0.75,1503.0,21.5571053592721,61.9414915923809,979.1850635031,20.5485,24
2026-02-12 16:06:48,0.75,1490.0,20.5130809498077,55.4428728875373,1079.23845042554,20.682,24
2026-02-12 16:09:32,0.745,1486.0,21.2580873923434,65.5396790715152,888.826497078058,20.654,24
2026-02-12 16:12:16,495.0,1491.0,20.9159918755904,56.859403725683,1067.10843849574,20.631,24
2026-02-12 16:15:00,507.5,1500.0,20.376243694598,57.6101194206981,1014.30137136916,20.6145,24
2026-02-12 16:17:44,577.0,1482.0,21.3974601147492,63.6671106097208,936.827912194072,20.495,24
2026-02-12 16:20:28,639.0,1497.0,20.6093739302887,55.9464090139182,1068.07295012386,20.5619999999999,24
2026-02-12 16:23:12,670.0,1504.0,21.9980325657234,61.2932575981474,1021.98154590884,20.644,24
2026-02-12 16:25:56,639.0,1499.5,23.5894407566229,60.0617191927824,1164.03750271588,20.616,24
2026-02-12 16:28:40,649.0,1470.0,22.6771647432178,68.7689108309497,878.828233911883,20.558,24
2026-02-12 16:31:24,748.5,1500.5,23.2954841134196,70.241838969153,851.17018803442,20.527,24
2026-02-12 16:34:08,728.0,1488.0,23.9366149578272,74.2793183047643,764.37643705422,20.57,24
2026-02-12 16:36:52,677.0,1494.0,24.3902241647301,75.610738693734,747.872047333061,20.595,24
2026-02-12 16:39:36,676.0,1484.0,,75.7203066574469,754.656798350565,20.578,24
2026-02-12 16:42:20,680.0,1472.0,,73.9580312186105,819.972350994143,20.569,24
2026-02-12 16:45:04,660.0,1501.0,23.6249183487379,59.3839225787116,1184.67223599679,20.548,24
2026-02-12 16:47:48,613.0,1470.0,22.7430510345438,68.9454714056274,859.202452496103,20.559,24
2026-02-12 16:50:32,579.0,1478.0,22.9457783475518,69.9756383424346,844.962419236027,20.583,24
2026-02-12 16:53:16,567.0,1476.0,22.4364267866621,59.4855412318581,1106.60114008523,20.562,24
2026-02-12 16:56:00,540.0,1493.0,22.7582555365806,67.703686683732,898.852971201413,20.444,24
2026-02-12 16:58:44,530.5,1471.5,22.7227783255802,60.0641352652832,1102.99205318078,20.482,24
2026-02-12 17:01:28,525.0,1481.0,22.1855532020563,58.7045309248962,1100.9335634017,20.6105,24
2026-02-12 17:04:12,511.5,1481.0,22.6898351568524,65.4921083358052,949.058660135746,20.561,24
2026-02-12 17:06:56,503.0,1493.0,22.1652806211495,57.8579628292519,1125.23754412573,20.544,24
2026-02-12 17:09:40,488.0,1487.0,22.11206514902,64.4932447190791,944.879846631377,20.447,24
2026-02-12 17:12:24,483.0,1486.0,22.403483740898,61.1440489934175,1052.63465045063,20.489,24
2026-02-12 17:15:08,487.0,1464.0,21.8434540238959,58.1089874089748,1102.48328699264,20.535,24
2026-02-12 17:17:52,479.0,1486.0,22.3832111099327,65.9050264684112,919.923686611735,20.542,24
2026-02-12 17:20:36,484.0,1473.5,22.0335089587606,58.8647957037132,1089.57473194633,20.54,24
2026-02-12 17:23:20,477.0,1467.5,21.7268871985288,61.1665942632231,1008.5924905322,20.49,24
2026-02-12 17:26:04,480.0,1479.0,22.180485056393,63.7599205123905,973.335498316347,20.4825,24
2026-02-12 17:28:48,473.0,1470.5,21.6736719691252,58.5677439445228,1073.07677237016,20.537,24
2026-02-12 17:31:32,477.0,1479.0,21.8763968491985,66.1423945515945,902.362287223584,20.558,24
2026-02-12 17:34:16,479.0,1471.5,21.818113408939,60.1553540124843,1041.57948762625,20.5475,24
2026-02-12 17:37:00,472.5,1479.0,21.4506751193257,60.6487585011346,1003.06878499988,20.465,24
2026-02-12 17:39:44,469.0,1474.0,21.919475949966,64.9578527100358,927.814015814217,20.463,24
2026-02-12 17:42:28,477.0,1451.0,21.4101302997733,58.9385519004657,1048.88899370262,20.5295,24
2026-02-12 17:45:12,459.0,1464.0,21.5976502790872,65.4860736672715,896.853645818789,20.541,24
2026-02-12 17:47:56,470.0,1468.5,21.6939444277959,60.355400094329,1028.56009584336,20.525,24
2026-02-12 17:50:40,474.0,1464.0,21.3290407283348,59.8859653840391,1012.71724546837,20.42,24
2026-02-12 17:53:24,474.0,1464.0,21.8155793334881,65.4689991234383,907.046205659919,20.442,24
2026-02-12 17:56:08,470.0,1443.5,21.3543812104326,58.9913316351812,1042.02015424346,20.505,24
2026-02-12 17:58:52,461.0,1455.0,21.3391769103764,65.2488844261165,882.24370332805,20.542,24
2026-02-12 18:01:36,473.5,1452.0,21.5925821344426,61.3062777701321,997.690148218793,20.517,24
2026-02-12 18:04:20,463.0,1451.0,21.1389873007574,59.2202674858642,1024.1447035412,20.47,24
2026-02-12 18:07:04,471.0,1435.0,21.622990810225,65.7778988084696,866.388588871848,20.439,24
2026-02-12 18:09:48,469.0,1457.5,21.2504852582496,59.2327261631008,1029.35547731745,20.485,24
2026-02-12 18:12:32,465.0,1443.5,21.1516575129935,63.3736371447018,919.223154020748,20.5225,24
2026-02-12 18:15:16,466.0,1456.0,21.3974600740039,61.658652874091,976.807221910516,20.508,24
2026-02-12 18:18:00,471.0,1454.0,20.9692065898561,59.0886402694181,1020.0798922302,20.449,24
2026-02-12 18:20:44,469.5,1443.5,21.3695855011756,65.0596514017627,883.82848649484,20.472,24
2026-02-12 18:23:28,474.5,1447.0,21.0756362491811,59.2053370858794,1019.0708982152,20.506,24
2026-02-12 18:26:12,467.0,1446.0,20.9666725679562,63.0754248915743,916.156832559791,20.517,24
2026-02-12 18:28:56,473.0,1445.5,21.3239726200699,61.8578661263206,967.431584904107,20.511,24
2026-02-12 18:31:40,471.0,1441.0,20.8805153060384,58.9840844336681,1014.93216552919,20.3825,24
2026-02-12 18:34:24,469.5,1424.0,21.3290407165477,65.2403551665328,884.654497128269,20.404,24
2026-02-12 18:37:08,476.0,1440.0,20.9692065921844,59.288167069332,1010.36423178628,20.4705,24
2026-02-12 18:39:52,472.5,1445.0,20.8931854832044,62.6739980958217,922.029884852663,20.506,24
2026-02-12 18:42:36,478.5,1438.0,21.3138364279875,62.0834193446114,962.308098073775,20.476,24
2026-02-12 18:45:20,476.0,1432.5,20.7994262114661,58.998667307209,1014.25181756604,20.434,24
2026-02-12 18:48:04,480.0,1441.0,21.156725599576,65.2731911202054,864.259538653759,20.4285,24
2026-02-12 18:50:48,480.0,1441.0,20.8475728624325,59.6445742683113,994.04492487183,20.473,24
2026-02-12 18:53:32,475.0,1427.0,20.7158031556755,61.5627432791749,939.176030887799,20.48,24
2026-02-12 18:56:16,471.5,1413.0,21.4734816016425,69.0188529907238,783.02126355826,20.451,24
2026-02-12 18:59:00,476.0,1437.0,21.1263170844467,60.6458382176672,986.149116828518,20.4145,24
2026-02-12 19:01:44,472.0,1423.0,20.7563476575596,61.4698905640642,941.864408509504,20.425,24
2026-02-12 19:04:28,479.0,1422.0,21.5520372496976,71.1207184143132,742.787842927301,20.4645,24
2026-02-12 19:07:12,481.0,1430.0,21.5951162349228,63.6564818063523,937.113255913685,20.46,24
2026-02-12 19:09:56,484.0,1419.0,20.9540023632871,59.7469181996159,1010.2440408235,20.429,24
2026-02-12 19:12:40,475.5,1412.0,21.3417110393784,68.1950038764921,807.458326733206,20.3684999999999,24
2026-02-12 19:15:24,483.0,1416.0,21.9676232013443,72.1405007357764,730.65806634486,20.381,24
2026-02-12 19:18:08,486.0,1427.0,21.4075962623028,60.500628273788,1006.96283788733,20.412,24
2026-02-12 19:20:52,488.0,1422.0,21.0452277619915,62.5759030239785,930.808347197689,20.448,24
2026-02-12 19:23:36,472.0,1422.0,21.6533994964847,71.1281308485039,747.213314744052,20.4885,24
2026-02-12 19:26:20,490.0,1408.0,22.1171332631056,70.4497929898636,789.362608682359,20.544,24
2026-02-12 19:29:04,486.5,1414.5,21.3265067419415,60.3841500456394,1004.84265030474,20.6139999999999,24
2026-02-12 19:31:48,485.0,1428.5,21.1161809326731,64.1008062362151,898.922573064533,20.682,24
2026-02-12 19:34:32,483.0,1437.0,21.8713287212885,72.1741334826428,729.789439363884,20.7584999999999,24
2026-02-12 19:37:16,486.0,1417.0,22.185553207295,71.7568816987251,760.769610146208,20.8684999999999,24
2026-02-12 19:40:00,488.0,1439.0,21.4709475360868,60.4323455232628,1012.66115944298,20.8855,24
2026-02-12 19:42:44,482.0,1433.0,21.2023383955529,63.549128727415,917.62733880006,20.929,24
2026-02-12 19:45:28,492.0,,21.8459880861046,72.1831806096821,728.425011081506,20.967,24
2026-02-12 19:48:12,492.0,1432.0,22.3908133591321,74.274430256759,693.690902247402,20.977,24
2026-02-12 19:50:56,499.0,1434.5,22.180485056393,64.1675171640507,957.651548338457,20.967,24
2026-02-12 19:53:40,491.5,1437.0,21.2682235989777,60.3783376200037,1014.13998612849,21.0045,24
2026-02-12 19:56:24,497.0,1433.0,21.4760156410047,68.770972105564,799.497318020818,21.03,24
2026-02-12 19:59:08,492.5,1431.0,22.1906213689653,73.6643486112299,704.264903459861,21.042,24
2026-02-12 20:01:52,497.5,1428.0,22.6366193316935,74.7042251344005,693.049086196667,21.048,24
2026-02-12 20:04:36,494.0,1432.0,22.2108939347381,64.0263707545457,963.204665567137,21.0615,24
2026-02-12 20:07:20,494.0,1444.5,21.3645174118282,60.4414246268299,1013.35173800319,21.087,24
2026-02-12 20:10:04,490.5,1423.0,21.622990810225,69.1645859828934,796.548669003059,21.089,24
2026-02-12 20:12:48,493.0,1422.0,22.2742458064603,73.8243645230607,703.551415233235,21.063,24
2026-02-12 20:15:32,498.0,1422.5,22.6264829888532,74.9809462583696,687.827100662823,21.0925,24
2026-02-12 20:18:16,498.0,1426.5,22.3477341230318,64.7928795356833,950.382513286707,21.106,24
2026-02-12 20:21:00,495.0,1437.5,21.4151984011987,60.2211931620017,1017.48811137168,21.1095,24
2026-02-12 20:23:44,497.5,1462.0,21.6787401091132,68.3955690688481,819.109193374038,21.118,24
2026-02-12 20:26:28,496.0,,22.3071887852856,73.5994793859992,711.03446817004,21.132,24
2026-02-12 20:29:12,501.0,1414.0,22.6847669769922,74.7863387032686,694.613106816345,21.137,24
2026-02-12 20:31:56,510.0,1453.0,22.6720965408021,66.5988133627945,919.735176063843,21.145,24
2026-02-12 20:34:40,501.0,1440.0,21.5925821716955,60.6101017967268,1021.63506306187,21.154,24
2026-02-12 20:37:24,501.5,1439.0,21.53176481431,66.8015011764976,852.821882669922,21.167,24
2026-02-12 20:40:08,498.0,1436.0,22.2387687683367,73.0268677876788,723.414205728417,21.1835,24
2026-02-12 20:42:52,511.0,1435.0,22.6467556756979,74.6461774789903,697.07093123248,21.189,24
2026-02-12 20:45:36,509.0,1436.0,22.8165396126132,75.0472389417463,692.471609634868,21.186,24
2026-02-12 20:48:20,511.5,1437.0,22.5580627604649,64.6319034520541,967.058194853027,21.196,24
2026-02-12 20:51:04,504.5,1423.0,21.5216285983624,60.3988915351831,1035.3411995335,21.195,24
2026-02-12 20:53:48,502.0,1424.5,21.7243531594576,68.5850075446251,816.493236568308,21.212,24
2026-02-12 20:56:32,502.5,1437.5,22.3933474248333,73.5952556005837,714.882393608254,21.223,24
2026-02-12 20:59:16,513.0,1439.0,22.7557214534172,74.734474034166,699.724972758954,21.224,24
2026-02-12 21:02:00,507.0,1471.5,22.5352559556777,76.6267540211327,638.284893924624,21.234,24
2026-02-12 21:04:44,512.0,1468.5,22.0005660820897,83.4178348644464,438.371688948466,21.2445,24
2026-02-12 21:07:28,517.0,1479.5,21.5723096897418,87.8596935198322,312.641395544308,21.2705,24
2026-02-12 21:10:12,519.0,1447.0,20.9286620242346,87.4920255809174,309.609472740222,21.265,24
2026-02-12 21:12:56,520.0,1449.0,20.2850189874006,85.7171569631847,340.635991746275,21.279,24
2026-02-12 21:15:40,522.0,1455.5,19.9125190827326,85.5796906269893,335.29700991051,21.2479999999999,24
2026-02-12 21:18:24,523.0,1454.0,19.6211086809635,85.9340919450995,321.197360186402,21.29,24
2026-02-12 21:21:08,526.0,1464.0,19.4082529994193,86.4347519042643,305.69480773263,21.2825,24
2026-02-12 21:23:52,527.0,1446.0,19.2055337788769,86.9684556337098,,21.2905,24
2026-02-12 21:26:36,527.0,1453.5,19.1092423125228,87.2185846909702,,21.2995,24
2026-02-12 21:29:20,523.0,1449.0,18.9445334698102,87.6602795606894,,21.307,24
2026-02-12 21:32:04,530.0,1454.0,18.8254364965541,88.0206347556,,21.3215,24
2026-02-12 21:34:48,530.0,1455.0,18.7291454450751,88.3319001177723,,21.307,24
2026-02-12 21:37:32,525.5,1447.5,18.6277865567244,88.6586481551084,,21.263,24
2026-02-12 21:40:16,527.0,1443.0,18.5771071575873,88.7881339609055,,21.3305,24
2026-02-12 21:43:00,533.0,1439.0,18.4605446456989,89.2994475584319,,21.3155,24
2026-02-12 21:45:44,540.5,1432.0,18.3946615562308,89.5621960983932,,21.332,24
2026-02-12 21:48:28,535.0,1445.0,18.3135747431078,89.7888530749963,,21.3855,24
2026-02-12 21:51:12,541.0,1435.0,18.2730313647771,89.9026968926709,,21.3775,24
2026-02-12 21:53:56,541.0,1445.0,18.2223521680571,89.9631297567683,,21.412,24
2026-02-12 21:56:40,533.0,1444.5,18.1615371709922,90.2282681019783,,21.3879999999999,24
2026-02-12 21:59:24,535.0,1441.0,18.1057901260501,90.4116690949094,,21.391,24
2026-02-12 22:02:08,548.0,1431.0,18.08298452718,90.3825622446419,,21.4105,24
2026-02-12 22:04:52,541.0,1426.0,18.0094998596468,90.6031065683782,,21.434,24
2026-02-12 22:07:36,529.0,1419.5,18.6429903825337,88.7902590771675,,21.432,24
2026-02-12 22:10:20,554.0,,20.9438663627079,78.2503122271312,538.593748004744,21.461,24
2026-02-12 22:13:04,558.5,1445.5,19.803556817118,84.5306280710445,357.26677783035,21.4795,24
2026-02-12 22:15:48,560.0,1417.0,19.0281548643542,89.6902066019525,,21.501,24
2026-02-12 22:18:32,549.0,1430.5,18.602446852863,89.1927038010504,,21.4915,24
2026-02-12 22:21:16,548.0,1426.0,18.3997294891451,89.3437818270503,,21.49,24
2026-02-12 22:24:00,547.0,1423.0,18.2223521680571,89.7367341196642,,21.5545,24
2026-02-12 22:26:44,538.5,1427.0,18.1057901260501,90.0148878450136,,21.549,24
2026-02-12 22:29:28,543.0,1424.0,17.9993640482425,90.3810715390769,,21.579,24
2026-02-12 22:32:12,527.0,1373.0,19.6084392006887,84.3190439508421,358.412550095404,21.5695,24
2026-02-12 22:34:56,558.0,1424.5,21.0046831287036,77.9977198148613,547.238482917339,21.618,24
2026-02-12 22:37:40,569.0,1452.5,19.4538649247551,86.9873436906171,,21.5815,24
2026-02-12 22:40:24,557.0,1435.0,18.7671550740633,89.3484040604863,,21.553,24
2026-02-12 22:43:08,555.0,1430.0,18.4276031006738,89.3174276706534,,21.592,24
2026-02-12 22:45:52,551.0,1426.0,18.1944786240492,89.5902576784768,,21.623,24
2026-02-12 22:48:36,548.0,1428.0,18.0449752087297,89.8726894908991,,21.6035,24
2026-02-12 22:51:20,552.0,1416.5,18.3997299082402,88.9859596597537,,21.614,24
2026-02-12 22:54:04,561.0,1416.0,21.1009766631759,77.5203596712392,562.426676419237,21.665,24
2026-02-12 22:56:48,571.0,1427.0,19.9353252409782,84.4325489552468,362.655115036689,21.6895,24
2026-02-12 22:59:32,574.0,1423.5,18.9926790990866,90.2339458453389,,21.703,24
2026-02-12 23:02:16,563.0,1417.5,18.5010881194903,89.4810840045634,,21.74,24
2026-02-12 23:05:00,556.0,1451.5,18.1868767476698,89.6191002733176,,21.725,24
2026-02-12 23:07:44,548.0,1452.5,18.0525770740496,89.8960534794123,,21.745,24
2026-02-12 23:10:28,545.0,,19.8593049339542,82.2536589163264,411.272266327371,21.776,24
2026-02-12 23:13:12,573.5,1469.0,21.3898579551896,76.7397574048808,592.309775592311,21.788,24
2026-02-12 23:15:56,581.0,1479.5,20.0620256556721,85.6118973412021,337.656844664866,21.804,24
2026-02-12 23:18:40,582.0,1480.0,19.0712325748318,90.1789784359676,,21.832,24
2026-02-12 23:21:24,577.5,1474.0,18.521359849401,89.393022437804,,21.851,24
2026-02-12 23:24:08,565.0,1472.5,18.2502257255982,89.2435000987985,,21.8849999999999,24
2026-02-12 23:26:52,560.0,1465.0,18.0449752087297,89.5485352338708,,21.916,24
2026-02-12 23:29:36,552.0,1424.0,18.6581942109623,87.4767184234134,,21.935,24
2026-02-12 23:32:20,573.0,1477.0,20.8450389893987,78.1413668136133,538.584457564483,21.965,24
2026-02-12 23:35:04,577.0,1481.0,19.6869926866202,85.5122540724758,332.185715590613,22.003,24
2026-02-12 23:37:48,582.0,1458.0,18.8076986764936,90.1679180542696,,22.008,24
2026-02-12 23:40:32,567.5,1457.0,18.2882351294683,89.6630635164773,,22.022,24
2026-02-12 23:43:16,558.5,1463.5,18.0297714911866,89.6235832288857,,22.027,24
2026-02-12 23:46:00,548.0,1443.0,19.2714174742868,84.8115758349049,339.371623783692,22.075,24
2026-02-12 23:48:44,579.0,,21.23274698577,76.2261699960601,599.716687077764,22.089,24
2026-02-12 23:51:28,589.0,1478.0,20.1228419629915,82.6061326313682,409.733941275059,22.134,24
2026-02-12 23:54:12,578.0,1461.0,19.0560286874679,89.5814283222765,,22.163,24
2026-02-12 23:56:56,572.5,1436.0,18.4402729204448,89.0912747719935,,22.172,24
2026-02-12 23:59:40,561.0,1443.0,18.1007222199114,89.2307945342601,,22.2155,24
2026-02-13 00:02:24,550.0,,18.7139416042773,86.8006420660534,,22.305,28
2026-02-13 00:05:08,571.0,1424.5,21.1009767615469,76.5781125636392,586.145433556318,22.2815,28
2026-02-13 00:07:52,573.0,1467.0,20.5586933918821,81.298882916542,452.542539812947,22.316,28
2026-02-13 00:10:36,576.0,1471.0,19.3322332367824,89.9094208709884,,22.3295,28
2026-02-13 00:13:20,570.0,1460.0,18.5593693890405,89.4217722814949,,22.369,28
2026-02-13 00:16:04,564.5,1449.5,18.141265513841,89.2344445081714,,22.391,28
2026-02-13 00:18:48,554.0,1424.5,18.024703593488,89.2214155787052,,22.413,28
2026-02-13 00:21:32,571.0,1425.5,20.4218560835579,79.2865693776036,497.026176109415,22.4294999999999,28
2026-02-13 00:24:16,581.0,1475.0,21.0046833388332,76.8515507423628,576.462870478507,22.47,28
2026-02-13 00:27:00,589.0,1472.0,19.3626411337463,87.6906637849236,,22.497,28
2026-02-13 00:29:44,575.5,1438.0,18.5771071738854,89.0532536032896,,22.548,28
2026-02-13 00:32:28,564.0,1444.0,18.1361976004263,88.8310442745547,,22.564,28
2026-02-13 00:35:12,555.0,1454.0,18.2907695550384,87.6889903446303,,22.601,28
2026-02-13 00:37:56,571.0,1436.0,20.8425047818163,76.7227102438205,573.208506002195,22.623,28
2026-02-13 00:40:40,587.5,1471.0,20.8526409197656,78.7807289943462,522.855135025199,22.6655,28
2026-02-13 00:43:24,588.0,1465.5,19.0585626501415,91.3093557258376,,22.687,28
2026-02-13 00:46:08,584.0,1444.0,18.5340297153015,90.9033069192361,,22.738,28
2026-02-13 00:48:52,580.0,1441.0,18.0399073008447,89.5479450908994,,22.76,28
2026-02-13 00:51:36,575.0,1420.0,18.6075147930532,86.6535879340804,,22.799,28
2026-02-13 00:54:20,579.0,1432.0,20.9894790101097,76.1453908619165,592.896871796873,22.9,28
2026-02-13 00:57:04,594.0,1472.0,20.3863797789963,81.2005815672393,450.112338046534,22.882,28
2026-02-13 00:59:48,596.5,1448.0,19.0991063957626,89.7900055810671,,22.903,28
2026-02-13 01:02:32,589.0,1445.0,18.3186426667089,88.9261802834966,,22.93,28
2026-02-13 01:05:16,577.0,1427.0,18.0145677657856,88.6329886620372,,22.966,28
2026-02-13 01:08:00,583.5,1415.0,20.0924338040931,79.8224427197728,474.414106077376,22.9885,28
2026-02-13 01:10:44,594.0,1459.5,21.0426938092132,76.1836389225704,593.949541998263,23.029,28
2026-02-13 01:13:28,601.0,1456.0,19.474136845587,86.9003267518516,,23.062,28
2026-02-13 01:16:12,602.0,1440.0,18.5847090872266,89.4679944244564,,23.098,28
2026-02-13 01:18:56,591.0,1455.0,18.0348393932508,88.4558274363696,,23.115,28
2026-02-13 01:21:40,578.5,1421.0,18.8051652468566,84.8238041857492,329.928318903692,23.146,28
2026-02-13 01:24:24,590.0,1421.5,20.9742746659612,75.2377308655075,614.735305613739,23.1835,28
2026-02-13 01:27:08,596.5,1464.0,20.3255632900691,80.7427981327561,459.345286761821,23.228,28
2026-02-13 01:29:52,600.0,1442.0,18.9014558220515,89.5888078529299,,23.2435,28
2026-02-13 01:32:36,591.0,1437.0,18.2274200864194,88.699447999619,,23.2865,28
2026-02-13 01:35:20,584.0,1427.0,18.3439827956317,86.7208924633848,,23.309,28
2026-02-13 01:38:04,586.0,1434.5,20.75634765625,76.0603746451368,586.402371429527,23.345,28
2026-02-13 01:40:48,593.5,1454.0,20.9337303219654,77.1501257712411,566.264263414952,23.375,28
2026-02-13 01:43:32,596.0,1447.0,19.0585626355896,89.379352097166,,23.3885,28
2026-02-13 01:46:16,587.0,1439.0,18.2375559385691,88.6708821200816,,23.425,28
2026-02-13 01:49:00,584.0,1419.0,18.0399073008447,87.5429102471275,,23.4625,28
2026-02-13 01:51:44,589.0,1424.0,20.485206757512,76.9098752415054,556.3441356018,23.474,28
2026-02-13 01:54:28,599.0,1463.0,20.6296461538004,78.3242990927434,526.82170795037,23.5235,28
2026-02-13 01:57:12,602.0,1455.0,19.1016404036927,88.6826654726972,,23.561,28
2026-02-13 01:59:56,582.0,1440.5,18.2780992860498,88.5214010758743,,23.583,28
2026-02-13 02:02:40,590.0,1417.0,17.9436171076376,87.8937337769966,,23.616,28
2026-02-13 02:05:24,600.0,1409.5,20.2698148787021,77.44189274406,536.232966799243,23.657,28
2026-02-13 02:08:08,594.5,1445.0,20.7487458238174,77.2978059189681,556.211446158773,23.68,28
2026-02-13 02:10:52,594.0,1438.0,19.0991063748078,88.1001790125417,,23.6995,28
2026-02-13 02:13:36,590.0,1438.5,18.2831672076135,88.8734433492941,,23.734,28
2026-02-13 02:16:20,583.0,1411.0,18.2730317432724,86.6078455335117,,23.765,28
2026-02-13 02:19:04,588.0,1437.0,20.6499183819687,75.7130205039737,591.025608355664,23.787,28
2026-02-13 02:21:48,594.0,1451.0,20.452264544554,79.0680220818129,503.538261433716,23.761,28
2026-02-13 02:24:32,603.0,1449.0,18.9369315296935,89.2786849886859,,23.713,28
2026-02-13 02:27:16,589.0,1429.5,18.1057901470048,88.36121700091,,23.541,28
2026-02-13 02:30:00,593.0,1410.0,19.0078829877602,83.0156887246887,373.31763465364,23.52,28
2026-02-13 02:32:44,589.0,1438.0,20.8982536131516,75.2533594081339,611.424948065861,23.462,28
2026-02-13 02:35:28,597.0,1449.0,19.8390328873938,82.5832797287156,403.126512696705,23.38,28
2026-02-13 02:38:12,602.5,1428.0,18.6809999850374,89.1043434690919,,23.197,28
2026-02-13 02:40:56,584.0,1431.0,17.9892282380023,88.0724743220479,,23.176,28
2026-02-13 02:43:40,590.0,1396.0,19.636312922521,80.0103790232701,457.183786130593,23.0835,28
2026-02-13 02:46:24,595.0,1448.5,21.0300235223257,75.0239904237726,612.170370456364,23.005,28
2026-02-13 02:49:08,601.5,1465.0,19.3829131618258,85.3302386316564,330.247727287119,22.8235,28
2026-02-13 02:51:52,593.5,1445.5,18.3642539922148,89.0503881877694,,22.792,28
2026-02-13 02:54:36,591.0,1437.0,17.9132096983084,88.0746664473484,,22.655,28
2026-02-13 02:57:20,594.0,1428.5,20.0341516554617,77.9246693720707,517.326158590061,22.608,28
2026-02-13 03:00:04,605.0,1455.5,21.131385169574,74.9501043066171,630.446413817757,22.4565,28
2026-02-13 03:02:48,618.5,1463.5,19.9251891174353,83.2279746735175,390.282218823602,22.3819999999999,28
2026-02-13 03:05:32,604.0,1434.0,18.6581942109623,89.2758711409042,,22.321,28
2026-02-13 03:08:16,605.5,1453.5,18.0094998596468,87.8472628325845,,22.2705,28
2026-02-13 03:11:00,592.0,1417.0,19.915053086006,78.5485915056249,498.857391744326,22.1869999999999,28
2026-02-13 03:13:44,603.0,1447.0,21.3391769313311,74.7102069776154,634.429379667567,22.113,28
2026-02-13 03:16:28,614.0,1454.0,19.9505292011017,82.942386824723,397.551198057222,22.025,28
2026-02-13 03:19:12,611.0,1447.0,18.7164756221027,89.3838103228238,,21.86,28
2026-02-13 03:21:56,594.5,1435.0,17.943617106328,87.9759375367304,,21.847,28
2026-02-13 03:24:40,595.0,1402.0,19.6591190065519,79.5990513191478,467.329477982815,21.792,28
2026-02-13 03:27:24,611.0,1426.0,21.1972703027131,74.5215870338076,643.052017872275,21.728,28
2026-02-13 03:30:08,605.0,1457.0,20.1557843515911,81.8769788385802,428.108308472069,21.652,28
2026-02-13 03:32:52,609.5,1446.5,18.7950287846906,89.5944585242602,,21.584,28
2026-02-13 03:35:36,600.0,1427.5,18.0399073008447,87.9050951315442,,21.532,28
2026-02-13 03:38:20,599.0,1418.0,19.2435439982364,81.4748526228336,413.713591568977,21.446,28
2026-02-13 03:41:04,603.5,1438.0,20.9793427423574,74.3868022859116,645.578035328731,21.4065,28
2026-02-13 03:43:48,610.5,1442.5,20.5460235499922,79.3626599662843,499.408333451105,21.264,28
2026-02-13 03:46:32,609.0,1435.0,18.9369315296935,89.5818679677333,,21.275,28
2026-02-13 03:49:16,596.0,1422.0,18.0247036074579,88.281742700802,,21.2525,28
2026-02-13 03:52:00,596.0,1419.0,18.9673392904514,82.6101233971605,381.266367444766,21.1755,28
2026-02-13 03:54:44,601.0,1424.0,20.7842220848688,74.7781756185856,623.231112676618,21.139,28
2026-02-13 03:57:28,607.5,1441.0,20.6701916415768,78.6195018989952,522.506212223906,21.118,28
2026-02-13 04:00:12,615.5,1450.0,18.9318636231182,89.1208606724448,,21.066,28
2026-02-13 04:02:56,616.0,1415.0,18.0399073008447,88.6084968369452,,21.037,28
2026-02-13 04:05:40,607.0,1411.0,19.6895270889071,79.5200935209105,470.126190538201,20.9825,28
2026-02-13 04:08:24,608.0,1432.5,21.1364532549923,74.18691629224,650.012952033943,20.945,28
2026-02-13 04:11:08,612.5,1459.0,19.7427409080846,83.9696361951799,369.100089965425,20.9085,28
2026-02-13 04:13:52,608.0,1448.0,18.6936698208155,89.6704821790202,,20.87,28
2026-02-13 04:16:36,605.0,1421.5,17.9233454998175,88.1567350996088,,20.845,28
2026-02-13 04:19:20,592.5,1408.0,19.1421844892465,81.3999510047572,412.703852730953,20.821,28
2026-02-13 04:22:04,610.0,1424.0,20.75634765625,74.7825082538466,630.337514472623,20.7915,28
2026-02-13 04:24:48,615.0,1439.0,20.3939821059029,79.8061969050295,484.144333358395,20.764,28
2026-02-13 04:27:32,615.0,1435.0,18.7798249326879,89.9099871103376,,20.7745,28
2026-02-13 04:30:16,613.0,1439.0,18.0247036116779,88.4904072302382,,20.792,28
2026-02-13 04:33:00,613.0,1410.5,19.8288968658598,78.6659575676921,493.486526435971,20.457,28
2026-02-13 04:35:44,620.0,1410.0,20.9489342954766,75.0307759719795,622.679524115885,20.432,28
2026-02-13 04:38:28,627.0,1448.0,19.707264698256,83.7546760982774,372.953568434534,20.469,28
2026-02-13 04:41:12,626.5,1433.0,18.4909523005189,90.0893733512267,,20.5,28
2026-02-13 04:43:56,616.0,1409.5,17.9385492042638,87.7099142622351,,20.5475,28
2026-02-13 04:46:40,614.5,1405.0,20.0417535625456,77.1004153540786,536.728773493525,20.694,28
2026-02-13 04:49:24,611.0,1421.0,21.0300235223257,75.4940880420309,618.098804913985,20.721,28
2026-02-13 04:52:08,627.0,1446.5,19.2714175652363,86.5117241676812,301.53868468759,21.28,28
2026-02-13 04:54:52,627.0,1422.0,18.16660508528,89.8437076719114,,21.272,28
2026-02-13 04:57:36,626.0,1415.0,18.3439822890795,85.4935408001995,305.885666310447,21.27,28
2026-02-13 05:00:20,618.5,1395.0,20.3787777653924,75.6764142843099,582.202121891426,21.2445,28
2026-02-13 05:03:04,625.0,1414.0,21.3999940977955,75.5462483478829,623.136228363034,21.228,28
2026-02-13 05:05:48,618.0,1425.0,21.6229908195382,78.5526342137354,554.026076569044,21.232,28
2026-02-13 05:08:32,603.5,1427.0,22.0031001415336,79.9346294560226,530.718266344237,21.227,28
2026-02-13 05:11:16,592.0,1425.0,22.3806770445226,80.6313175169324,522.642783785843,21.21,28
2026-02-13 05:14:00,585.0,1427.5,22.7582555365806,80.9078838267637,524.163011539286,21.213,28
2026-02-13 05:16:44,570.5,1431.0,22.9812556815159,81.6792442515921,514.012721248513,21.192,28
2026-02-13 05:19:28,559.0,1431.5,23.260006653727,82.1004631738389,510.727665946845,21.194,28
2026-02-13 05:22:12,550.0,1431.5,23.3943142566859,82.7650772999817,496.447343308232,21.194,28
2026-02-13 05:24:56,543.0,1420.0,23.462735186913,82.0871482405103,517.395493314131,21.1995,28
2026-02-13 05:27:40,563.5,1398.5,22.2134280390018,78.5863814828464,575.262867461536,21.22,28
2026-02-13 05:30:24,583.0,1422.5,21.7902387143112,77.8228813203168,577.980403688392,21.2205,28
2026-02-13 05:33:08,574.5,,21.5723096910514,77.6477015495016,575.992665070095,21.2065,28
2026-02-13 05:35:52,584.0,1408.5,21.4861518517136,77.587782677255,574.489525566629,21.201,28
2026-02-13 05:38:36,580.0,1418.5,21.4506751193257,77.5090584306087,575.614179506511,21.238,28
2026-02-13 05:41:20,581.0,1416.0,21.4253346050682,77.472063059094,575.169949161112,21.258,28
2026-02-13 05:44:04,570.0,1421.5,21.4202665029151,77.2814750660786,580.503878208696,21.2565,28
2026-02-13 05:46:48,573.0,1405.0,21.41773245293,77.0817951953673,585.004937861749,21.246,28
2026-02-13 05:49:32,571.0,1426.0,21.4354708098107,76.9472492009287,588.165193206181,21.263,28
2026-02-13 05:52:16,578.0,1404.0,21.4810837462137,76.640934387965,598.203164448697,21.295,28
2026-02-13 05:55:00,577.0,1425.0,21.4861518517136,76.42098714015,603.27421224438,21.316,28
2026-02-13 05:57:44,579.0,1416.5,21.5038902235828,76.2137390383576,609.994288595751,21.313,28
2026-02-13 06:00:28,574.5,1423.0,21.53176481431,75.9896125484176,616.983704197869,21.305,28
2026-02-13 06:03:12,577.0,1431.0,21.5444350859179,75.9305275025678,618.98152128934,21.3205,28
2026-02-13 06:05:56,577.0,,21.5723096897418,75.6438644786573,627.811082474587,21.357,28
2026-02-13 06:08:40,577.5,1422.5,21.5748437451111,75.6236679581984,627.845255826659,21.376,28
2026-02-13 06:11:24,587.0,1418.5,21.5621734691376,75.4006996671156,632.900984994069,21.3745,28
2026-02-13 06:14:08,586.0,1412.0,21.630592980844,75.1606143541894,641.956012217174,21.37,28
2026-02-13 06:16:52,584.5,1433.5,21.6128545838,74.989990667351,644.681479413453,21.3855,28
2026-02-13 06:19:36,577.5,1419.0,21.622990810225,75.0064023446095,646.009311278364,21.42,28
2026-02-13 06:22:20,586.0,,21.6686038458719,74.6597593476847,656.118139303469,21.4384999999999,28
2026-02-13 06:25:04,589.5,1429.0,21.673671959812,74.5594250927876,658.803356714448,21.434,28
2026-02-13 06:27:48,582.0,1423.0,21.6863422517926,74.4867047330705,661.621734906876,21.438,28
2026-02-13 06:30:32,586.5,1424.0,21.7142169004364,74.1332127378343,671.932987528665,21.449,28
2026-02-13 06:33:16,590.5,1429.0,21.7015466045268,74.0442290192484,672.920202356024,21.4715,28
2026-02-13 06:36:00,590.0,1420.0,21.7344893777335,73.9073489487867,678.560281857163,21.508,28
2026-02-13 06:38:44,584.0,1405.0,21.7040806635341,74.0057154910151,674.409585515794,21.547,28
2026-02-13 06:41:28,588.0,1417.5,21.7446256181283,73.8197613052325,682.183645699807,21.5395,28
2026-02-13 06:44:12,582.0,1427.0,21.7446256181283,73.667618737418,685.405293566322,21.526,28
2026-02-13 06:46:56,589.0,1420.0,21.7801024686777,73.5683318617393,688.948357159321,21.546,28
2026-02-13 06:49:40,583.0,1421.0,21.772500285253,73.33350141561,695.391632006058,21.65,28
2026-02-13 06:52:24,584.0,1425.0,21.7547618596872,73.3829757609176,694.209206036329,21.6905,28
2026-02-13 06:55:08,589.0,1423.0,21.7699662243539,73.2480429433305,697.296869510982,21.739,28
2026-02-13 06:57:52,587.0,,21.8257155831961,72.8850678421273,708.7551239646,21.753,28
2026-02-13 07:00:36,596.0,1430.0,21.8155793334881,72.8545665288927,709.525793833408,21.763,28
2026-02-13 07:03:20,596.0,1419.0,21.8155793336336,72.7663584148841,711.667156191608,21.7635,28
2026-02-13 07:06:04,591.0,1415.0,21.8206474581966,72.7192032603607,713.583874206366,21.774,28
2026-02-13 07:08:48,592.0,1426.5,21.8459880861046,72.6098541516867,717.093284173335,21.771,28
2026-02-13 07:11:32,601.0,1433.0,21.8307837084867,72.6304094304416,716.171998741379,21.741,28
2026-02-13 07:14:16,591.0,1426.0,21.856124339305,72.5673891869775,718.808387114471,21.7265,28
2026-02-13 07:17:00,588.0,1422.0,21.8307837084867,72.7407228279196,713.297116472755,21.7105,28
2026-02-13 07:19:44,600.0,1417.0,21.8637265300058,72.576185202435,718.911226634694,21.7,28
2026-02-13 07:22:28,596.0,1426.5,21.8611924663418,72.6315705216976,716.2400780002,21.6625,28
2026-02-13 07:25:12,592.0,1403.0,21.8637265308789,72.7704396263918,713.707629962111,21.621,28
2026-02-13 07:27:56,589.5,,21.8865331058914,72.7003970415487,716.208534350679,21.5825,28
2026-02-13 07:30:40,588.5,1418.5,21.9068056227697,72.7355897532286,716.190128985279,21.563,28
2026-02-13 07:33:24,589.0,1406.0,21.9068056227697,72.8377211075862,712.826183487536,21.533,28
2026-02-13 07:36:08,589.0,1426.0,21.8941352992114,73.01690369021,708.780936070805,21.474,28
2026-02-13 07:38:52,591.0,1427.0,21.9068056227697,73.0642433253494,708.248180422798,21.443,28
2026-02-13 07:41:36,589.0,1411.0,21.9372144068183,73.09007143652,709.335691534479,21.416,28
2026-02-13 07:44:20,598.5,1422.0,22.0107023478049,72.9047770303687,716.475748526182,21.383,28
2026-02-13 07:47:04,591.0,1405.0,22.0081682770105,73.0086842210091,714.381154762935,21.3555,28
2026-02-13 07:49:48,578.0,,22.025906753799,73.0540733939595,713.294505862164,21.31,28
2026-02-13 07:52:32,578.0,1428.0,22.0031001415336,73.3009832017822,705.44882451448,21.275,28
2026-02-13 07:55:16,582.0,1404.5,22.0461793024005,73.3581540646687,706.396162115614,21.207,28
2026-02-13 07:58:00,583.5,1408.0,22.063917786465,73.3350770560547,708.25647880148,21.142,28
2026-02-13 08:00:44,585.0,1426.0,22.0943266247923,73.3716771535841,707.798848108625,21.252,28
2026-02-13 08:03:28,584.0,1407.0,22.0993947653623,73.4564034753072,705.138732410891,21.252,28
2026-02-13 08:06:12,579.0,1427.5,22.1348717586661,73.4595663304973,707.211167966804,21.2235,28
2026-02-13 08:08:56,580.0,1422.0,22.1145991892553,73.8078336056714,696.558970366574,21.19,28
2026-02-13 08:11:40,586.0,1422.0,22.1272695454099,73.7885152595877,698.413048166802,21.159,28
2026-02-13 08:14:24,583.0,1408.0,22.1652806211495,73.8047519678233,699.366917221051,21.135,28
2026-02-13 08:17:08,587.0,1410.0,22.2032917142059,73.7929049496868,700.730673858777,21.1005,28
2026-02-13 08:19:52,586.5,1433.0,22.2159620821476,73.8910591256922,700.656849243317,21.0065,28
2026-02-13 08:22:36,585.0,1426.0,22.2717117228603,73.763816501742,704.067800837409,20.997,28
2026-02-13 08:25:20,586.0,1430.0,22.2641094970895,73.9675781053529,698.794906177327,21.1315,28
2026-02-13 08:28:04,589.0,1419.0,22.2615754219295,74.1275042589314,694.691896120431,21.0935,28
2026-02-13 08:30:48,584.0,,22.302120632783,74.1436221820031,695.735149778083,21.066,28
2026-02-13 08:33:32,587.5,1432.0,22.3375977072864,74.1590919475336,698.327107083397,21.0454999999999,28
2026-02-13 08:36:16,591.0,,22.3375977072864,74.4668436763533,688.474625378409,21.0144999999999,28
2026-02-13 08:39:00,585.0,1414.0,22.3933474248333,74.4449230423819,691.87848622799,20.8545,28
2026-02-13 08:41:44,587.0,1421.0,22.4034837410436,74.6152378888148,687.479529477824,20.861,28
2026-02-13 08:44:28,583.0,1419.0,22.42375637652,74.7926687811787,683.725686346868,20.987,28
2026-02-13 08:47:12,584.5,1416.0,22.4769720680924,74.9325656193335,681.918673998686,20.9625,28
2026-02-13 08:49:56,584.0,1435.0,22.5048469655739,75.1007102987008,678.704592497712,20.9395,28
2026-02-13 08:52:40,603.0,1408.0,22.527653708079,75.333658730837,672.665350543735,20.9235,28
2026-02-13 08:55:24,603.0,1422.5,22.5453922880406,75.4055007339577,672.048654008559,20.8955,28
2026-02-13 08:58:08,598.0,1421.5,22.583403544806,75.453310963154,672.70439351557,20.86,28
2026-02-13 09:00:52,590.5,1423.0,22.6264829888532,75.5623185325993,670.859023396053,20.886,28
2026-02-13 09:03:36,592.5,1435.0,22.6467556756979,75.624666730978,671.405542504284,20.9065,28
2026-02-13 09:06:20,593.0,,22.6999715008569,75.5974394680343,673.602263378109,20.908,28
2026-02-13 09:09:04,595.0,1435.5,22.7278464696428,75.6625867520135,672.837024691077,20.9005,28
2026-02-13 09:11:48,591.0,1434.0,22.743051001802,75.7321753830569,671.072021828096,20.8845,28
2026-02-13 09:14:32,590.0,1432.0,22.7734600739786,75.8401503160741,669.315791698926,20.8624999999999,28
2026-02-13 09:17:16,592.0,1437.0,22.7810623439872,75.9985271309368,664.837281613492,20.823,28
2026-02-13 09:20:00,590.0,1410.0,22.839346432971,76.0059191878412,667.635956469073,20.8025,28
2026-02-13 09:22:44,588.0,1439.0,22.819073702034,76.2204081236296,660.653144244442,20.849,28
2026-02-13 09:25:28,580.0,1434.0,22.8697555383259,76.254816495012,661.724924327887,20.837,28
2026-02-13 09:28:12,577.0,1439.0,22.8976305608084,76.4689322995074,657.099485709202,20.825,28
2026-02-13 09:30:56,574.0,1413.0,22.9559147270629,76.3599157469406,661.834330052218,20.8044999999999,28
2026-02-13 09:33:40,571.5,1444.5,22.9787215852557,76.4095200907319,661.579844837793,20.767,28
2026-02-13 09:36:24,569.0,1441.0,23.0065966420806,76.527446920972,659.197876851582,20.743,28
2026-02-13 09:39:08,568.5,1445.0,23.0091307386319,76.7051064272283,654.573637534704,20.819,28
2026-02-13 09:41:52,560.0,1435.0,23.067414978519,76.7723230709491,654.368658883921,20.8239999999999,28
2026-02-13 09:44:36,569.0,1420.0,23.0927559644042,76.7326332348224,656.410365250039,20.806,28
2026-02-13 09:47:20,564.0,1422.0,23.0800854705885,76.9957178504887,649.016453751361,20.7935,28
2026-02-13 09:50:04,569.0,1423.5,23.1535743602144,76.9425074398018,653.684889972093,20.7475,28
2026-02-13 09:52:48,555.0,1430.0,23.2042563887371,76.9932480742807,654.140165756905,20.7185,28
2026-02-13 09:55:32,565.0,1443.0,23.2346656198205,77.0317245238859,654.352263693097,20.759,28
2026-02-13 09:58:16,558.0,,23.2371997229201,77.4531159108092,642.385127435425,20.79,28
2026-02-13 10:01:00,557.0,1456.0,23.3005523231113,77.3793297302333,647.809066584575,20.783,28
2026-02-13 10:03:44,563.0,1449.0,23.305620533094,77.6583095986294,639.428162483479,20.77,28
2026-02-13 10:06:28,555.5,1449.5,23.3715072893537,77.7682895629131,638.632137432045,20.7449999999999,28
2026-02-13 10:09:12,553.0,1430.0,23.3841778250789,77.9511486621881,634.335715352712,20.696,28
2026-02-13 10:11:56,558.0,1439.0,23.4272576599905,78.0286929617573,634.381749192512,20.7065,28
2026-02-13 10:14:40,549.0,1450.0,23.4906103966786,78.0540558671936,634.371596136238,20.7984999999999,28
2026-02-13 10:17:24,544.5,1448.5,23.5742360786534,78.0535800973588,637.784062996571,20.7615,28
2026-02-13 10:20:08,555.5,1444.5,23.556497291036,78.2882149022375,631.223198873873,20.7395,28
2026-02-13 10:22:52,544.0,1449.5,23.584372530342,78.3796813533531,629.110880756041,20.7035,28
2026-02-13 10:25:36,550.0,1449.0,23.6147818923927,78.4917057784674,626.961986903716,20.667,28
2026-02-13 10:28:20,543.0,1457.0,23.6502594948397,78.455961657315,629.156545151326,20.711,28
2026-02-13 10:31:04,549.0,1459.0,23.7009418084344,78.5528786903341,628.763816651756,20.7404999999999,28
2026-02-13 10:33:48,533.0,1461.0,23.7642947418644,78.4818314810504,632.803266085574,20.7335,28
2026-02-13 10:36:32,539.0,1444.0,23.7668288598069,78.5797742665591,629.173168423888,20.721,28
2026-02-13 10:39:16,533.0,1454.0,23.817511240486,78.4757695916765,635.386479802267,20.681,28
2026-02-13 10:42:00,539.0,1450.0,23.817511240486,78.6629364385548,629.507703150222,20.645,28
2026-02-13 10:44:44,533.5,1448.0,23.863125408563,78.7154614388159,629.759071400883,20.685,28
2026-02-13 10:47:28,523.0,1463.5,23.9188760891556,78.649499903306,632.905777868027,20.7275,28
2026-02-13 10:50:12,524.0,1462.0,23.9391490730049,78.7979840160299,630.301212466313,20.6929999999999,28
2026-02-13 10:52:56,530.5,1461.5,23.9492855664575,78.822927751352,629.7290290646,20.682,28
2026-02-13 10:55:40,524.0,1461.5,23.9999680519104,78.6802274833155,636.312714045571,20.645,28
2026-02-13 10:58:24,512.5,1462.5,24.0759918346593,78.592872788229,641.610767923515,20.656,28
2026-02-13 11:01:08,520.0,1466.0,24.0962648544518,78.6606046971198,640.29742177359,20.79,28
2026-02-13 11:03:52,518.0,1467.0,24.1064013660943,78.7305880822247,639.488994675316,20.6555,28
2026-02-13 11:06:36,530.0,1466.0,24.1418791660107,78.7086058159294,640.606971400115,20.669,28
2026-02-13 11:09:20,518.5,1459.5,24.157083941769,78.8395503030428,637.441621813114,20.642,28
2026-02-13 11:12:04,515.0,1465.5,24.157083941769,78.9132895355188,635.027122748574,20.607,28
2026-02-13 11:14:48,510.0,1460.5,24.177356980188,78.8649560776111,636.966655916053,20.66,28
2026-02-13 11:17:32,515.5,1471.0,24.2736539762699,78.6699008096155,646.466742558434,20.68,28
2026-02-13 11:20:16,510.5,1482.0,24.3015294421493,78.7481508765741,645.857092880282,20.664,28
2026-02-13 11:23:00,516.5,1466.5,24.2989953084907,78.8379600852356,642.737489938035,20.627,28
2026-02-13 11:25:44,509.5,1455.0,24.3268707823735,78.8516541063715,643.492178788325,20.596,28
2026-02-13 11:28:28,510.0,1471.5,24.3344731858233,79.0161281003595,638.666580418845,20.6229999999999,28
2026-02-13 11:31:12,510.0,1467.0,24.4104972572822,78.7928661941688,648.002494332392,20.651,28
2026-02-13 11:33:56,503.0,1469.0,24.435838628211,78.7438257313674,650.588901315667,20.6405,28
2026-02-13 11:36:40,506.0,1474.0,24.4738506994472,78.7826529217468,651.491635485708,20.612,28
2026-02-13 11:39:24,508.0,1469.0,24.481453115266,78.882543978463,648.817834579581,20.5485,28
2026-02-13 11:42:08,504.5,1473.0,24.4941238112078,78.8976432383765,649.075882231013,20.682,28
2026-02-13 11:44:52,495.5,1475.0,,78.753240212977,653.978531737912,20.654,28
2026-02-13 11:47:36,497.0,1464.5,,78.6255566768255,662.103972377344,20.631,28
2026-02-13 11:50:20,498.5,1485.0,,78.8771106688208,652.632081747653,20.6145,28
2026-02-13 11:53:04,498.0,1475.0,,78.7549090274647,657.791430920186,20.495,28
2026-02-13 11:55:48,496.0,1469.0,,78.5868926764661,665.919050413202,20.5619999999999,28
2026-02-13 11:58:32,494.0,1469.0,,78.8805945357842,656.487513767786,20.644,28
2026-02-13 12:01:16,493.0,1482.0,,78.7205166749889,662.532422311376,20.616,28
2026-02-13 12:04:00,490.0,1467.0,,76.3868149377939,735.227809747646,20.558,28
2026-02-13 12:06:44,485.0,1478.0,23.3664391594065,66.5871233723605,959.420420052481,20.527,28
2026-02-13 12:09:28,480.0,1495.0,22.8190737018885,73.4309516029289,738.150824862062,20.57,28
2026-02-13 12:12:12,483.0,1466.0,22.9533807124389,69.874078687422,843.560119301869,20.595,28
2026-02-13 12:14:56,472.0,1473.0,22.0689859254343,66.3451990422262,887.041253136125,20.578,28
2026-02-13 12:17:40,471.5,1468.0,22.5099151544563,74.7511496303701,687.269056277816,20.569,28
2026-02-13 12:20:24,473.0,1463.0,21.8307837084867,65.3003562204164,899.606512289128,20.548,28
2026-02-13 12:23:08,467.5,1449.0,21.9397485075896,74.0444555324652,683.485340137953,20.559,28
2026-02-13 12:25:52,469.0,1455.0,22.0183045488374,68.3524205788,837.493572393374,20.583,28
2026-02-13 12:28:36,464.0,1459.0,21.445607015863,65.8215608858716,869.862451472075,20.562,28
2026-02-13 12:31:20,471.0,1440.0,21.9169418947421,73.3889551017178,699.045779003683,20.444,28
2026-02-13 12:34:04,475.5,1441.0,21.3645174000412,64.9871974254146,890.268116938385,20.482,28
2026-02-13 12:36:48,468.0,1448.5,21.5038902538508,73.1270754845685,695.211744937163,20.6105,28
2026-02-13 12:39:32,468.5,1432.0,21.5571053592721,66.3863618988602,864.825599734896,20.561,28
2026-02-13 12:42:16,467.0,1435.0,21.1263171129685,67.2183148608495,816.430959792667,20.544,28
2026-02-13 12:45:00,466.0,1437.0,21.5773778004804,72.013287857513,726.326652148886,20.447,28
2026-02-13 12:47:44,470.5,1438.0,20.9692065911658,64.8484727277773,874.660444880388,20.489,28
2026-02-13 12:50:28,472.0,1422.0,21.3442450077272,72.6294495164352,702.674403436921,20.535,28
2026-02-13 12:53:12,471.5,1431.0,21.138987328406,66.1136583127709,849.753232734947,20.542,28
2026-02-13 12:55:56,483.0,1432.0,20.8120963749534,68.5014680492943,774.209125559905,20.54,28
2026-02-13 12:58:40,470.5,1410.0,21.2834278639638,69.4216442498631,776.375201417153,20.49,28
2026-02-13 13:01:24,466.0,1425.5,20.7234052612475,64.3221576577987,868.982151807742,20.4825,28
2026-02-13 13:04:08,472.0,1395.0,21.184600094115,71.5392024239884,712.419275000661,20.537,28
2026-02-13 13:06:52,472.0,1410.0,20.8323686450312,64.8733012520219,864.203739177269,20.558,28
2026-02-13 13:09:36,478.5,1410.0,20.6904628522752,68.2963153801637,773.440370798579,20.5475,28
2026-02-13 13:12:20,468.0,1408.0,21.1060447491763,68.6522263369919,786.062597416829,20.465,28
2026-02-13 13:15:04,480.0,1398.0,20.5029448332497,64.1486374564768,873.735456591416,20.463,28
2026-02-13 13:17:48,474.0,1390.0,21.0325575781316,70.9992730361754,720.308134423026,20.5295,28
2026-02-13 13:20:32,480.0,1396.0,20.6904628522752,64.4979584993316,866.10475948285,20.541,28
2026-02-13 13:23:16,478.0,1387.5,20.6372482694132,69.1376413936299,750.332801156781,20.525,28
2026-02-13 13:26:00,479.0,1384.0,21.3493131053692,75.2792912842463,620.230389810528,20.42,28
2026-02-13 13:28:44,483.0,1373.0,20.9311960510822,64.6162350321583,876.048585842512,20.442,28
2026-02-13 13:31:28,481.0,1391.5,20.6803267329523,69.68470581754,739.107893454605,20.505,28
2026-02-13 13:34:12,478.0,1391.0,20.9540023750741,66.9892116987227,818.427009972482,20.542,28
2026-02-13 13:36:56,475.0,1389.0,20.5232170323142,63.8161345175383,869.875074069358,20.517,28
2026-02-13 13:39:40,472.5,1377.0,21.0655001183622,74.5595973641084,635.050334858573,20.47,28
2026-02-13 13:42:24,477.0,1373.0,21.166861773614,66.9316935367182,830.699969838796,20.439,28
2026-02-13 13:45:08,477.0,1372.5,20.6271121337922,64.8506260029149,852.573195691776,20.485,28
2026-02-13 13:47:52,474.5,1369.0,21.0198873640038,71.4913537880774,712.603353858291,20.5225,28
2026-02-13 13:50:36,481.0,1369.5,20.5891017114336,63.7254125053332,879.443976498654,20.508,28
2026-02-13 13:53:20,489.0,1365.0,20.6296461655874,70.0281927423738,728.379165367089,20.449,28
2026-02-13 13:56:04,479.0,1352.0,20.7918241095321,66.1412814139034,831.183456561886,20.472,28
2026-02-13 13:58:48,470.0,1371.0,20.45733240369,63.9075662242705,866.561348353773,20.506,28
2026-02-13 14:01:32,473.0,1373.0,21.0350916019233,74.8002277515092,627.937742058261,20.517,28
2026-02-13 14:04:16,480.0,1367.5,21.1516575550485,67.286821924513,820.903589688254,20.511,28
2026-02-13 14:07:00,479.0,1359.0,20.5891017114336,64.0881884617781,866.849617093607,20.3825,28
2026-02-13 14:09:44,480.0,1362.5,20.8703791683801,70.7848349173917,723.060838708045,20.404,28
2026-02-13 14:12:28,504.0,1371.0,19.8593049339542,61.0950681580895,891.261658429409,20.4705,28
2026-02-13 14:15:12,560.0,1389.0,22.4592336310306,66.6643607039606,901.259934826995,20.506,28
2026-02-13 14:17:56,656.0,1397.0,23.0218012222612,66.4459937178924,945.101340150244,20.476,28
2026-02-13 14:20:40,700.5,1508.5,22.9559147270629,68.2737393438333,888.661358869084,20.434,28
2026-02-13 14:23:24,684.0,1535.0,23.1941199807042,68.1747112994034,907.532591003495,20.4285,28
2026-02-13 14:26:08,717.0,1543.0,23.4551328594243,68.0433059855047,922.617638859144,20.473,28
2026-02-13 14:28:52,709.0,1546.0,22.7988009754626,73.8675688634225,724.684484563888,20.48,28
2026-02-13 14:31:36,792.5,1540.5,22.960982917255,74.7427596664677,710.710629691289,20.451,28
2026-02-13 14:34:20,828.0,1568.5,23.1662448675633,76.7391760635631,661.875529096356,20.4145,28
2026-02-13 14:37:04,826.0,1558.0,23.3258933759352,78.7130145202941,609.801535001112,20.425,28
2026-02-16 15:22:12,483.5,1471.5,,77.0732180311059,727.453043649352,20.4645,28
2026-02-16 15:24:56,480.5,1485.0,,76.9283051916787,733.020437632652,20.46,28
2026-02-16 15:27:40,479.0,1483.0,,76.8242517802654,737.143725685808,20.429,28
2026-02-16 15:30:24,483.0,1474.0,,76.6956061416671,743.172653457522,20.3684999999999,28
2026-02-16 15:33:08,481.0,1490.0,,76.8045529417378,739.643160809205,20.381,28
2026-02-16 15:35:52,475.0,1481.0,,76.742659989325,744.497580955789,20.412,28
2026-02-16 15:38:36,484.0,1486.0,,76.5751816575915,749.368835216397,20.448,28
2026-02-16 15:41:20,477.5,1484.5,,76.5963855237429,749.233057083119,20.4885,28
2026-02-16 15:44:04,476.0,1488.0,,76.4186889019358,756.657984588341,20.544,28
2026-02-16 15:46:48,479.0,1479.5,,76.2886794656357,762.684183968125,20.6139999999999,28
2026-02-16 15:49:32,480.0,1497.0,,76.2549734794052,764.022721756814,20.682,28
2026-02-16 15:52:16,480.5,1480.0,,76.3094043325212,764.337165283501,20.7584999999999,28
2026-02-16 15:55:00,483.5,1491.0,,76.0444051221127,773.891520155018,20.8684999999999,28
2026-02-16 15:57:44,478.5,1495.0,,76.1031993872457,772.781592116899,20.8855,28
2026-02-16 16:00:28,481.0,1493.0,,75.9739509256043,778.717797985249,20.929,28
2026-02-16 16:03:12,484.0,1491.0,24.3040640485996,65.3019564726252,1034.61000820221,20.967,28
2026-02-16 16:05:56,471.0,1486.0,22.3071887852856,60.3358228198994,1084.76006765815,20.977,28
2026-02-16 16:08:40,469.0,1495.0,23.0420740581175,68.2963877248442,885.504747978974,20.967,28
2026-02-16 16:11:24,468.0,1493.0,21.617922696867,58.9118189352683,1053.73645042631,21.0045,28
2026-02-16 16:14:08,472.0,1482.0,21.6001845294522,65.3883191894279,892.5321278504,21.03,28
2026-02-16 16:16:52,484.0,1477.0,22.1399399015645,63.9234187299635,961.79847480937,21.042,28
2026-02-16 16:19:36,484.0,1477.0,20.7107350944133,58.8112717882141,1016.84871472742,21.048,28
2026-02-16 16:22:20,482.5,1486.0,21.6660699392232,68.0988380166014,826.076948786446,21.0615,28
2026-02-16 16:25:04,499.5,1484.0,22.7734600739786,74.1077786550138,717.362068590983,21.087,28
2026-02-16 16:27:48,495.0,1482.5,23.2853477001481,76.1441692666129,681.71953371605,21.089,28
2026-02-16 16:30:32,496.0,1487.0,22.2818480249552,64.5580505555413,953.073766972559,21.063,28
2026-02-16 16:33:16,488.0,1482.0,20.8526409443584,59.9131128143185,987.685096420001,21.0925,28
2026-02-16 16:36:00,487.0,1474.0,21.9980320063477,70.018433284437,792.42601960716,21.106,28
2026-02-16 16:38:44,496.0,1479.0,22.857085095733,74.6219453014589,706.676136034504,21.1095,28
2026-02-16 16:41:28,503.5,1474.0,23.2701430693268,76.1393047078632,679.79942064828,21.118,28
2026-02-16 16:44:12,515.0,1476.5,23.2853478009928,70.8197356801291,834.398012550357,21.132,28
2026-02-16 16:46:56,512.0,1466.0,21.0756362491811,59.4523602543257,1002.62197783206,21.137,28
2026-02-16 16:49:40,490.0,1461.0,21.3493132543808,66.3817813878482,853.803901025811,21.145,28
2026-02-16 16:52:24,497.0,1469.0,22.5808694604784,73.1711071357241,734.683856620088,21.154,28
2026-02-16 16:55:08,509.0,1472.0,23.0902218672708,75.6203216636276,688.522155439736,21.167,28
2026-02-16 16:57:52,509.0,1480.0,23.3613708621123,76.4252712309918,677.816789993376,21.1835,28
2026-02-16 17:00:36,505.0,1470.5,23.1941199807042,68.5131050861216,894.849078004848,21.189,28
2026-02-16 17:03:20,500.5,1476.0,21.0224214588088,59.710748957315,1013.01715731971,21.186,28
2026-02-16 17:06:04,490.0,1481.5,21.511492383579,66.9098645366257,848.984649180534,21.196,28
2026-02-16 17:08:48,493.0,1481.5,22.6568920354184,73.130357527373,739.17212347222,21.195,28
2026-02-16 17:11:32,497.0,1480.5,23.1231651570706,75.3925233529342,696.346729780033,21.212,28
2026-02-16 17:14:16,508.0,1472.0,23.4171212269284,76.0700395408467,689.197751539937,21.223,28
2026-02-16 17:17:00,506.5,1473.0,23.2093245931901,68.8716494608266,885.471994834208,21.224,28
2026-02-16 17:19:44,506.0,1466.0,21.0376257221942,59.5425573680354,1007.7937003253,21.234,28
2026-02-16 17:22:28,500.0,1474.5,21.3949259972432,66.1898208883607,861.291571441291,21.2445,28
2026-02-16 17:25:12,496.0,1473.0,22.5377900579042,72.9621196169458,738.443027913558,21.2705,28
2026-02-16 17:27:56,509.0,1466.0,23.0572785862023,75.2554272017823,700.885567756381,21.265,28
2026-02-16 17:30:40,511.0,1475.0,23.33602980274,75.8232397828212,693.646363231818,21.279,28
2026-02-16 17:33:24,513.0,1459.0,23.4779398456739,76.0281917457461,694.308353733276,21.2479999999999,28
2026-02-16 17:36:08,508.0,1457.0,21.982827823871,61.2907919305926,1014.46236196764,21.29,28
2026-02-16 17:38:52,501.0,1470.0,20.9134577719087,60.4398934113154,967.818652027471,21.2825,28
2026-02-16 17:41:36,505.0,1465.0,22.0537815093994,69.6987838524318,803.599869866464,21.2905,28
2026-02-16 17:44:20,513.0,1460.0,22.8393464447581,73.8852812501514,726.410337529619,21.2995,28
2026-02-16 17:47:04,509.0,1464.5,23.1941199807042,75.4751753449052,696.988915257216,21.307,28
2026-02-16 17:49:48,521.0,1467.0,23.4019165793724,75.7680220834967,698.66549778543,21.3215,28
2026-02-16 17:52:32,519.0,1457.5,23.5793043043522,75.624568797571,710.321639385843,21.307,28
2026-02-16 17:55:16,509.5,1458.5,21.5495033996558,60.4776250479189,1019.7761408217,21.263,28
2026-02-16 17:58:00,498.5,1471.0,20.9337300652696,61.9305493553875,942.741010264741,21.3305,28
2026-02-16 18:00:44,508.5,1451.0,22.3274614315305,70.8619340302176,785.675631509903,21.3155,28
2026-02-16 18:03:28,512.0,1457.5,22.925505592022,74.3393228263421,717.522651027502,21.332,28
2026-02-16 18:06:12,519.0,1464.0,23.2625407604646,75.391027424928,701.813745261563,21.3855,28
2026-02-16 18:08:56,521.0,1459.0,23.4475305307714,75.6172505363508,703.621592328799,21.3775,28
2026-02-16 18:11:40,519.0,1462.5,23.6401230367482,75.5059772407923,715.890907460671,21.412,28
2026-02-16 18:14:24,525.5,1464.0,23.8631254079809,75.1409641011056,733.62866607387,21.3879999999999,28
2026-02-16 18:17:08,520.5,1449.0,24.0227751801867,75.0267608817589,744.04448749038,21.391,28
2026-02-16 18:19:52,516.0,1463.5,24.1064013660943,74.9744145015635,749.610275665072,21.4105,28
2026-02-16 18:22:36,514.0,1466.0,24.1925617620581,75.0400190569068,752.785108101436,21.434,28
2026-02-16 18:25:20,519.5,1461.0,24.278722242132,75.0164721457272,757.889909499715,21.432,28
2026-02-16 18:28:04,512.0,1453.0,24.3446097248233,74.9232053879801,761.69817899926,21.461,28
2026-02-16 18:30:48,511.5,1472.0,24.4028948467021,75.0080974117398,762.866691217051,21.4795,28
2026-02-16 18:33:32,521.0,1464.0,24.4611800069978,74.8067170562027,771.935824726433,21.501,28
2026-02-16 18:36:16,507.0,1468.0,,74.8490528720949,775.192075740833,21.4915,28
2026-02-16 18:39:00,517.0,1448.0,,75.0067244894519,769.996398108546,21.49,28
2026-02-16 18:41:44,506.0,1455.0,,75.0149594346108,772.121575549592,21.5545,28
2026-02-16 18:44:28,506.0,1458.0,,74.8846770619587,779.636109973517,21.549,28
2026-02-16 18:47:12,508.0,1474.0,,74.990229124993,778.467788091702,21.579,28
2026-02-16 18:49:56,507.0,1480.0,,74.9403243739057,781.447304826699,21.5695,28
2026-02-16 18:52:40,514.0,1471.0,,74.7984251387225,789.922440585699,21.618,28
2026-02-16 18:55:24,506.5,1481.5,,74.7630714686222,792.945494935706,21.5815,28
2026-02-16 18:58:08,507.0,1476.0,,74.798351941512,793.041063838561,21.553,28
2026-02-16 19:00:52,517.0,1477.0,,74.810382395747,793.374378754008,21.592,28
2026-02-16 19:03:36,511.5,1494.0,,74.661272173948,800.705829765263,21.623,28
2026-02-16 19:06:20,507.5,1485.0,,74.6022361921354,804.046862682946,21.6035,28
2026-02-16 19:09:04,505.0,1483.0,,74.4888571510598,808.52454650287,21.614,28
2026-02-16 19:11:48,507.5,1478.0,,74.3431602869824,816.621848155077,21.665,28
2026-02-16 19:14:32,511.0,1478.0,,74.2691404625734,821.369919764795,21.6895,28
2026-02-16 19:17:16,506.5,1465.0,,74.1365907911105,825.861160548822,21.703,28
2026-02-16 19:20:00,509.5,1480.0,,73.9456935969545,835.939755996409,21.74,28
2026-02-16 19:22:44,509.5,1490.0,,74.0292266954176,832.921818694843,21.725,28
2026-02-16 19:25:28,510.0,1484.0,,74.0355293959877,834.305619870374,21.745,28
2026-02-16 19:28:12,516.0,1482.5,,73.7808951590021,846.223511683837,21.776,28
2026-02-16 19:30:56,503.5,1490.5,,73.6551013102471,852.031163607077,21.788,28
2026-02-16 19:33:40,509.0,1486.0,,73.6052365411856,854.210176109518,21.804,28
2026-02-16 19:36:24,508.5,1479.0,,73.5943913953011,855.764012579463,21.832,28
2026-02-16 19:39:08,507.5,1488.0,,73.5314515390583,859.045068023732,21.851,28
2026-02-16 19:41:52,504.5,1494.0,,73.4148350315855,865.62875832373,21.8849999999999,28
2026-02-16 19:44:36,488.0,1490.0,,73.4195844607324,865.405670687419,21.916,28
2026-02-16 19:47:20,496.0,1502.0,,73.1589813013922,876.921422445887,21.935,28
2026-02-16 19:50:04,506.0,1488.0,,73.1544195146235,878.261102843649,21.965,28
2026-02-16 19:52:48,499.0,1497.0,,73.1674592616276,876.773104469551,22.003,28
2026-02-16 19:55:32,503.0,1501.5,,73.1548020013126,877.978092134529,22.008,28
2026-02-16 19:58:16,505.0,1502.5,,73.0436010987526,883.486383075194,22.022,28
2026-02-16 20:01:00,499.5,1505.0,,67.7500564423543,1044.00788967156,22.027,28
2026-02-16 20:03:44,485.0,1513.0,22.7759942310658,58.1931159895974,1176.20333701924,22.075,28
2026-02-16 20:06:28,489.0,1485.0,21.8257155831961,78.9797013124954,579.526886158836,22.089,28
2026-02-16 20:09:12,490.5,1486.5,22.0005662092735,63.0695841437784,976.094399537823,22.134,28
2026-02-16 20:11:56,484.0,1501.5,21.2580873923434,59.6292181169265,1010.0519557643,22.163,28
2026-02-16 20:14:40,500.0,1484.0,22.8646873954276,69.7909474116926,841.536219844694,22.172,28
2026-02-16 20:17:24,501.5,1498.0,23.5995772100577,73.4858986317507,772.173030058831,22.2155,28
2026-02-16 20:20:08,504.0,1499.0,22.5377904097695,62.1472667834169,1033.70594949547,22.305,28
2026-02-16 20:22:52,508.0,1499.0,21.1972703027131,57.3216429396416,1075.35976916083,22.2815,28
2026-02-16 20:25:36,500.0,1492.0,22.2514391221629,67.2205200981762,879.848102689274,22.316,28
2026-02-16 20:28:20,512.0,1488.0,23.1713130774005,72.2277851570946,788.172994896649,22.3295,28
2026-02-16 20:31:04,527.0,1491.0,23.564099628129,74.230672261492,748.881440283475,22.369,28
2026-02-16 20:33:48,518.0,1485.5,22.4871087639621,62.0870249515266,1027.81487462812,22.391,28
2026-02-16 20:36:32,518.0,1494.0,21.106044746848,57.711384370306,1071.29692085519,22.413,28
2026-02-16 20:39:16,512.0,1485.0,22.1830192238121,67.3233179473818,873.325423923593,22.4294999999999,28
2026-02-16 20:42:00,521.0,1470.0,23.0218012222612,72.1616694477611,782.9618483262,22.47,28
2026-02-16 20:44:44,529.0,1465.0,23.4297917747317,73.8629275440722,753.443989237996,22.497,28
2026-02-16 20:47:28,527.0,1463.0,23.6401230354385,74.1848054689204,752.966764570281,22.548,28
2026-02-16 20:50:12,526.5,1473.5,21.8206476166669,59.5619225789911,1062.90099667263,22.564,28
2026-02-16 20:52:56,510.0,1472.0,21.0705681672552,59.688145426836,1006.69685735462,22.601,28
2026-02-16 20:55:40,507.0,1479.0,22.454165375937,69.0184909943824,841.836997473547,22.623,28
2026-02-16 20:58:24,525.5,1454.0,23.0623467822151,72.6700160275386,770.551121183683,22.6655,28
2026-02-16 21:01:08,515.5,1484.0,23.2904159041645,74.1388677334185,741.535236671732,22.687,28
2026-02-16 21:03:52,522.0,1520.0,22.8494828002585,80.7686241975075,535.277807778323,22.738,28
2026-02-16 21:06:36,526.0,1513.0,22.4186882171779,85.0037507941694,406.634251662834,22.76,28
2026-02-16 21:09:20,532.0,1517.0,21.9676232084748,88.7839297987931,,22.799,28
2026-02-16 21:12:04,528.0,1487.0,21.5064242766238,89.3013032425861,,22.9,28
2026-02-16 21:14:48,519.0,1481.0,20.9565364113805,88.0943058378608,,22.882,28
2026-02-16 21:17:32,516.0,1479.5,20.599237820279,88.0954979498358,,22.903,28
2026-02-16 21:20:16,524.0,1486.0,20.3052911387349,88.6267616416958,,22.93,28
2026-02-16 21:23:00,527.0,1486.5,20.0822977534553,89.1498940817467,,22.966,28
2026-02-16 21:25:44,518.0,1471.0,19.8542369218776,90.0406548182755,,22.9885,28
2026-02-16 21:28:28,510.5,1478.0,19.6768566825485,90.6434897957941,,23.029,28
2026-02-16 21:31:12,518.0,1481.0,19.537486747562,91.1129589200395,,23.062,28
2026-02-16 21:33:56,512.0,1464.0,19.3879810558864,91.6958263152121,,23.098,28
2026-02-16 21:36:40,518.0,1467.5,19.2587475319887,92.237541211476,,23.115,28
2026-02-16 21:39:24,513.5,1482.5,19.1092423125228,92.9958194950777,,23.146,28
2026-02-16 21:42:08,516.0,1482.0,19.0205528973165,93.3620474130545,,23.1835,28
2026-02-16 21:44:52,511.0,1473.5,18.9318635707313,93.693753745913,,23.228,28
2026-02-16 21:47:36,514.5,1461.0,18.8457083102839,94.0174878915848,,23.2435,28
2026-02-16 21:50:20,524.0,1477.5,18.7620871086983,94.4054401576598,,23.2865,28
2026-02-16 21:53:04,512.0,1466.0,18.663262154354,94.8913152626624,,23.309,28
2026-02-16 21:55:48,510.0,1466.0,18.5872430341842,95.1431874247361,,23.345,28
2026-02-16 21:58:32,511.5,1459.0,18.501088110177,95.5264859896378,,23.375,28
2026-02-16 22:01:16,515.0,1456.5,18.4225351649947,95.894865997482,,23.3885,28
2026-02-16 22:04:00,514.0,1443.0,18.3439822890795,96.2097507110604,,23.425,28
2026-02-16 22:06:44,520.0,1460.5,18.3059728585794,96.2978470208802,,23.4625,28
2026-02-16 22:09:28,517.0,1452.0,18.2274200864194,96.4897920878387,,23.474,28
2026-02-16 22:12:12,513.0,1451.0,18.1792748737643,96.7281322303865,,23.5235,28
2026-02-16 22:14:56,518.0,1459.0,18.1311296873027,96.892956641464,,23.561,28
2026-02-16 22:17:40,508.5,1445.0,18.0576449797517,97.215058419004,,23.583,28
2026-02-16 22:20:24,511.5,1447.0,18.0145677657856,97.213014364137,,23.616,28
2026-02-16 22:23:08,518.5,1408.0,18.0956543740176,97.2022275547676,,23.657,28
2026-02-16 22:25:52,531.0,1421.5,19.4589328765869,91.5604786409421,,23.68,28
2026-02-16 22:28:36,542.5,1410.0,20.3154272126557,87.6825654226547,,23.6995,28
2026-02-16 22:31:20,538.0,1436.0,20.8374367204087,85.4873791007934,357.27655149094,23.734,28
2026-02-16 22:34:04,538.0,1444.0,21.1009766631759,84.4119098641543,390.611326078569,23.765,28
2026-02-16 22:36:48,549.0,1457.5,20.0493556196597,88.4647708519521,,23.787,28
2026-02-16 22:39:32,540.0,1450.0,19.474136845587,90.9067702025684,,23.761,28
2026-02-16 22:42:16,540.5,1439.0,19.1295141985756,92.3895611280327,,23.713,28
2026-02-16 22:45:00,533.0,1450.0,18.8609121736371,93.6085545573423,,23.541,28
2026-02-16 22:47:44,528.0,1447.0,18.7164755793201,94.0822634425726,,23.52,28
2026-02-16 22:50:28,531.0,1443.0,18.521359849401,94.9049019009012,,23.462,28
2026-02-16 22:53:12,531.5,1442.0,18.3845257013163,95.5546387647958,,23.38,28
2026-02-16 22:55:56,519.0,1446.0,18.2375559240172,96.1479073126763,,23.197,28
2026-02-16 22:58:40,526.0,1436.0,18.1539352989784,96.5357199070546,,23.176,28
2026-02-16 23:01:24,523.0,1442.0,18.0753826621512,96.8761160738641,,23.0835,28
2026-02-16 23:04:08,530.0,1439.5,18.006965907014,97.1041992863463,,23.005,28
2026-02-16 23:06:52,538.5,1417.0,18.9724072515964,93.5143337977744,,22.8235,28
2026-02-16 23:09:36,541.5,1412.0,19.889713012526,89.4154607350031,,22.792,28
2026-02-16 23:12:20,543.5,1409.5,20.6752587157825,86.1367425633472,337.936597762998,22.655,28
2026-02-16 23:15:04,551.0,1427.5,21.0756362491811,84.2987582808252,392.468917171677,22.608,28
2026-02-16 23:17:48,542.0,1447.0,20.3230293055676,87.0638182371413,308.559295317756,22.4565,28
2026-02-16 23:20:32,541.5,1443.5,19.5248167611716,90.4521497341141,,22.3819999999999,28
2026-02-16 23:23:16,537.0,1434.5,19.1624560128111,92.1229843212672,,22.321,28
2026-02-16 23:26:00,541.5,1446.5,18.8507762644439,93.4126623486452,,22.2705,28
2026-02-16 23:28:44,529.5,1439.0,18.642990384862,94.3215156709038,,22.1869999999999,28
2026-02-16 23:31:28,530.0,1445.0,18.4554767139488,95.140063134057,,22.113,28
2026-02-16 23:34:12,533.0,1446.5,18.2983709763793,95.6907978925572,,22.025,28
2026-02-16 23:36:56,528.0,1431.0,18.1767409158928,96.3287097933849,,21.86,28
2026-02-16 23:39:40,526.0,1436.0,18.0449752088752,96.7615627549604,,21.847,28
2026-02-16 23:42:24,526.0,1399.5,17.9689566210145,96.9913368675737,,21.792,28
2026-02-16 23:45:08,539.5,1402.5,19.0230869315855,93.1337736499874,,21.728,28
2026-02-16 23:47:52,556.0,1417.0,20.1735222511051,87.7809063546992,,21.652,28
2026-02-16 23:50:36,553.5,1412.0,20.6651225561508,85.817448437942,345.456857485257,21.584,28
2026-02-16 23:53:20,546.5,1438.5,20.7639498325443,85.0522016787328,366.401534949645,21.532,28
2026-02-16 23:56:04,541.0,1424.0,19.697128691856,89.5234731909237,,21.446,28
2026-02-16 23:58:48,543.0,1432.0,19.1523200689844,91.9675006537051,,21.4065,28
